[2025-12-19 22:21:23] === Proyapi STQ Internal Distributor started (v2.3) ===
[2025-12-19 22:21:23] 🔄 Connecting to Outlook...
[2025-12-19 22:21:23] ✅ Outlook connection established (attempt 1/3)
[2025-12-19 22:21:23] Watching: spp2dcc@kolin.com.tr / Inbox\From Proyapi
[2025-12-19 22:21:23] Sender filter: dccspp2@proyapimusavirlik.com
[2025-12-19 22:21:23] Mode: display | Poll: 300s | Lookback: 7d | MaxScan:200
[2025-12-19 22:21:23] Allowed attachment exts: ['.xls', '.xlsm', '.xlsx']
[2025-12-19 22:21:23] Filter: ONLY UNREAD mails. Processed mail will be marked READ.
[2025-12-19 22:21:23] 
[Loop #1] Scanning for unread STQ mails...
[2025-12-19 22:21:23] Scan stats => checked:0 matched:0 | skipped: read=0 sender=0 no_stq=0
[2025-12-19 22:21:23] No matching unread STQ found. Sleeping 300s...
[2025-12-19 22:21:57] === Proyapi STQ Internal Distributor started (v2.3) ===
[2025-12-19 22:21:57] 🔄 Connecting to Outlook...
[2025-12-19 22:21:57] ✅ Outlook connection established (attempt 1/3)
[2025-12-19 22:21:57] Watching: spp2dcc@kolin.com.tr / Inbox\From Proyapi
[2025-12-19 22:21:57] Sender filter: dccspp2@proyapimusavirlik.com
[2025-12-19 22:21:57] Mode: display | Poll: 5s | Lookback: 7d | MaxScan:200
[2025-12-19 22:21:57] Allowed attachment exts: ['.xls', '.xlsm', '.xlsx']
[2025-12-19 22:21:57] Filter: ONLY UNREAD mails. Processed mail will be marked READ.
[2025-12-19 22:21:57] 
[Loop #1] Scanning for unread STQ mails...
[2025-12-19 22:21:57] Scan stats => checked:0 matched:0 | skipped: read=0 sender=0 no_stq=0
[2025-12-19 22:21:57] No matching unread STQ found. Sleeping 5s...
[2025-12-19 22:22:02] 
[Loop #2] Scanning for unread STQ mails...
[2025-12-19 22:22:02] Scan stats => checked:0 matched:0 | skipped: read=0 sender=0 no_stq=0
[2025-12-19 22:22:02] No matching unread STQ found. Sleeping 5s...
[2025-12-19 22:22:07] 
[Loop #3] Scanning for unread STQ mails...
[2025-12-19 22:22:07] Scan stats => checked:0 matched:0 | skipped: read=0 sender=0 no_stq=0
[2025-12-19 22:22:07] No matching unread STQ found. Sleeping 5s...
[2025-12-19 22:22:12] 
[Loop #4] Scanning for unread STQ mails...
[2025-12-19 22:22:12] Scan stats => checked:0 matched:0 | skipped: read=0 sender=0 no_stq=0
[2025-12-19 22:22:12] No matching unread STQ found. Sleeping 5s...
[2025-12-19 22:22:17] 
[Loop #5] Scanning for unread STQ mails...
[2025-12-19 22:22:17] Scan stats => checked:0 matched:0 | skipped: read=0 sender=0 no_stq=0
[2025-12-19 22:22:17] No matching unread STQ found. Sleeping 5s...
[2025-12-19 22:22:22] 
[Loop #6] Scanning for unread STQ mails...
[2025-12-19 22:22:22] Scan stats => checked:0 matched:0 | skipped: read=0 sender=0 no_stq=0
[2025-12-19 22:22:22] No matching unread STQ found. Sleeping 5s...
[2025-12-19 22:22:27] 
[Loop #7] Scanning for unread STQ mails...
[2025-12-19 22:22:27] Scan stats => checked:0 matched:0 | skipped: read=0 sender=0 no_stq=0
[2025-12-19 22:22:27] No matching unread STQ found. Sleeping 5s...
[2025-12-19 22:22:32] 
[Loop #8] Scanning for unread STQ mails...
[2025-12-19 22:22:32] Scan stats => checked:0 matched:0 | skipped: read=0 sender=0 no_stq=0
[2025-12-19 22:22:32] No matching unread STQ found. Sleeping 5s...
[2025-12-19 22:22:37] 
[Loop #9] Scanning for unread STQ mails...
[2025-12-19 22:22:37] Scan stats => checked:0 matched:0 | skipped: read=0 sender=0 no_stq=0
[2025-12-19 22:22:37] No matching unread STQ found. Sleeping 5s...
[2025-12-19 22:22:42] 
[Loop #10] Scanning for unread STQ mails...
[2025-12-19 22:22:42] Scan stats => checked:0 matched:0 | skipped: read=0 sender=0 no_stq=0
[2025-12-19 22:22:42] No matching unread STQ found. Sleeping 5s...
[2025-12-19 22:22:47] 
[Loop #11] Scanning for unread STQ mails...
[2025-12-19 22:22:47] Scan stats => checked:0 matched:0 | skipped: read=0 sender=0 no_stq=0
[2025-12-19 22:22:47] No matching unread STQ found. Sleeping 5s...
[2025-12-19 22:22:52] 
[Loop #12] Scanning for unread STQ mails...
[2025-12-19 22:22:52] Scan stats => checked:0 matched:0 | skipped: read=0 sender=0 no_stq=0
[2025-12-19 22:22:52] No matching unread STQ found. Sleeping 5s...
[2025-12-19 22:22:57] 
[Loop #13] Scanning for unread STQ mails...
[2025-12-19 22:22:57] Scan stats => checked:0 matched:0 | skipped: read=0 sender=0 no_stq=0
[2025-12-19 22:22:57] No matching unread STQ found. Sleeping 5s...
[2025-12-19 22:23:02] 
[Loop #14] Scanning for unread STQ mails...
[2025-12-19 22:23:02] Scan stats => checked:0 matched:0 | skipped: read=0 sender=0 no_stq=0
[2025-12-19 22:23:02] No matching unread STQ found. Sleeping 5s...
[2025-12-19 22:23:07] 
[Loop #15] Scanning for unread STQ mails...
[2025-12-19 22:23:07] Scan stats => checked:0 matched:0 | skipped: read=0 sender=0 no_stq=0
[2025-12-19 22:23:07] No matching unread STQ found. Sleeping 5s...
[2025-12-19 22:23:12] 
[Loop #16] Scanning for unread STQ mails...
[2025-12-19 22:23:12] Scan stats => checked:0 matched:0 | skipped: read=0 sender=0 no_stq=0
[2025-12-19 22:23:12] No matching unread STQ found. Sleeping 5s...
[2025-12-19 22:23:17] 
[Loop #17] Scanning for unread STQ mails...
[2025-12-19 22:23:17] Scan stats => checked:0 matched:0 | skipped: read=0 sender=0 no_stq=0
[2025-12-19 22:23:17] No matching unread STQ found. Sleeping 5s...
[2025-12-19 22:23:22] 
[Loop #18] Scanning for unread STQ mails...
[2025-12-19 22:23:22] Scan stats => checked:0 matched:0 | skipped: read=0 sender=0 no_stq=0
[2025-12-19 22:23:22] No matching unread STQ found. Sleeping 5s...
[2025-12-19 22:23:27] 
[Loop #19] Scanning for unread STQ mails...
[2025-12-19 22:23:27] Scan stats => checked:0 matched:0 | skipped: read=0 sender=0 no_stq=0
[2025-12-19 22:23:27] No matching unread STQ found. Sleeping 5s...
[2025-12-19 22:23:32] 
[Loop #20] Scanning for unread STQ mails...
[2025-12-19 22:23:32] Scan stats => checked:0 matched:0 | skipped: read=0 sender=0 no_stq=0
[2025-12-19 22:23:32] No matching unread STQ found. Sleeping 5s...
[2025-12-19 22:23:37] 
[Loop #21] Scanning for unread STQ mails...
[2025-12-19 22:23:37] Scan stats => checked:0 matched:0 | skipped: read=0 sender=0 no_stq=0
[2025-12-19 22:23:37] No matching unread STQ found. Sleeping 5s...
[2025-12-19 22:23:42] 
[Loop #22] Scanning for unread STQ mails...
[2025-12-19 22:23:42] Scan stats => checked:0 matched:0 | skipped: read=0 sender=0 no_stq=0
[2025-12-19 22:23:42] No matching unread STQ found. Sleeping 5s...
[2025-12-19 22:23:47] 
[Loop #23] Scanning for unread STQ mails...
[2025-12-19 22:23:47] Scan stats => checked:0 matched:0 | skipped: read=0 sender=0 no_stq=0
[2025-12-19 22:23:47] No matching unread STQ found. Sleeping 5s...
[2025-12-19 22:23:52] 
[Loop #24] Scanning for unread STQ mails...
[2025-12-19 22:23:52] Scan stats => checked:0 matched:0 | skipped: read=0 sender=0 no_stq=0
[2025-12-19 22:23:52] No matching unread STQ found. Sleeping 5s...
[2025-12-19 22:23:57] 
[Loop #25] Scanning for unread STQ mails...
[2025-12-19 22:23:57] Scan stats => checked:0 matched:0 | skipped: read=0 sender=0 no_stq=0
[2025-12-19 22:23:57] No matching unread STQ found. Sleeping 5s...
[2025-12-19 22:24:02] 
[Loop #26] Scanning for unread STQ mails...
[2025-12-19 22:24:02] Scan stats => checked:0 matched:0 | skipped: read=0 sender=0 no_stq=0
[2025-12-19 22:24:02] No matching unread STQ found. Sleeping 5s...
[2025-12-19 22:24:07] === Proyapi STQ Internal Distributor started (v2.3) ===
[2025-12-19 22:24:07] 🔄 Connecting to Outlook...
[2025-12-19 22:24:07] ✅ Outlook connection established (attempt 1/3)
[2025-12-19 22:24:07] Watching: spp2dcc@kolin.com.tr / Inbox\From Proyapi
[2025-12-19 22:24:07] Sender filter: chuseyn@kolin.com.tr
[2025-12-19 22:24:07] Mode: display | Poll: 5s | Lookback: 7d | MaxScan:200
[2025-12-19 22:24:07] Allowed attachment exts: ['.xls', '.xlsm', '.xlsx']
[2025-12-19 22:24:07] Filter: ONLY UNREAD mails. Processed mail will be marked READ.
[2025-12-19 22:24:07] 
[Loop #1] Scanning for unread STQ mails...
[2025-12-19 22:24:07] Scan stats => checked:0 matched:0 | skipped: read=0 sender=0 no_stq=0
[2025-12-19 22:24:07] No matching unread STQ found. Sleeping 5s...
[2025-12-19 22:24:09] === Proyapi STQ Internal Distributor started (v2.3) ===
[2025-12-19 22:24:09] 🔄 Connecting to Outlook...
[2025-12-19 22:24:09] ✅ Outlook connection established (attempt 1/3)
[2025-12-19 22:24:09] Watching: spp2dcc@kolin.com.tr / Inbox\From Proyapi
[2025-12-19 22:24:09] Sender filter: chuseyn@kolin.com.tr
[2025-12-19 22:24:09] Mode: display | Poll: 5s | Lookback: 7d | MaxScan:200
[2025-12-19 22:24:09] Allowed attachment exts: ['.xls', '.xlsm', '.xlsx']
[2025-12-19 22:24:09] Filter: ONLY UNREAD mails. Processed mail will be marked READ.
[2025-12-19 22:24:09] 
[Loop #1] Scanning for unread STQ mails...
[2025-12-19 22:24:09] Scan stats => checked:0 matched:0 | skipped: read=0 sender=0 no_stq=0
[2025-12-19 22:24:09] No matching unread STQ found. Sleeping 5s...
[2025-12-19 22:24:14] 
[Loop #2] Scanning for unread STQ mails...
[2025-12-19 22:24:14] Scan stats => checked:0 matched:0 | skipped: read=0 sender=0 no_stq=0
[2025-12-19 22:24:14] No matching unread STQ found. Sleeping 5s...
[2025-12-19 22:24:19] 
[Loop #3] Scanning for unread STQ mails...
[2025-12-19 22:24:19] Scan stats => checked:0 matched:0 | skipped: read=0 sender=0 no_stq=0
[2025-12-19 22:24:19] No matching unread STQ found. Sleeping 5s...
[2025-12-19 22:24:24] 
[Loop #4] Scanning for unread STQ mails...
[2025-12-19 22:24:24] Scan stats => checked:1 matched:0 | skipped: read=0 sender=0 no_stq=1
[2025-12-19 22:24:24] No matching unread STQ found. Sleeping 5s...
[2025-12-19 22:24:29] 
[Loop #5] Scanning for unread STQ mails...
[2025-12-19 22:24:29] Scan stats => checked:1 matched:0 | skipped: read=0 sender=0 no_stq=1
[2025-12-19 22:24:29] No matching unread STQ found. Sleeping 5s...
[2025-12-19 22:24:34] 
[Loop #6] Scanning for unread STQ mails...
[2025-12-19 22:24:34] Scan stats => checked:1 matched:0 | skipped: read=0 sender=0 no_stq=1
[2025-12-19 22:24:34] No matching unread STQ found. Sleeping 5s...
[2025-12-19 22:24:39] 
[Loop #7] Scanning for unread STQ mails...
[2025-12-19 22:24:39] Scan stats => checked:1 matched:0 | skipped: read=0 sender=0 no_stq=1
[2025-12-19 22:24:39] No matching unread STQ found. Sleeping 5s...
[2025-12-19 22:24:44] 
[Loop #8] Scanning for unread STQ mails...
[2025-12-19 22:24:44] Scan stats => checked:1 matched:0 | skipped: read=0 sender=0 no_stq=1
[2025-12-19 22:24:44] No matching unread STQ found. Sleeping 5s...
[2025-12-19 22:24:49] 
[Loop #9] Scanning for unread STQ mails...
[2025-12-19 22:24:49] Scan stats => checked:1 matched:0 | skipped: read=0 sender=0 no_stq=1
[2025-12-19 22:24:49] No matching unread STQ found. Sleeping 5s...
[2025-12-19 22:24:54] 
[Loop #10] Scanning for unread STQ mails...
[2025-12-19 22:24:54] Scan stats => checked:1 matched:0 | skipped: read=0 sender=0 no_stq=1
[2025-12-19 22:24:54] No matching unread STQ found. Sleeping 5s...
[2025-12-19 22:24:59] 
[Loop #11] Scanning for unread STQ mails...
[2025-12-19 22:24:59] Scan stats => checked:1 matched:0 | skipped: read=0 sender=0 no_stq=1
[2025-12-19 22:24:59] No matching unread STQ found. Sleeping 5s...
[2025-12-19 22:25:04] 
[Loop #12] Scanning for unread STQ mails...
[2025-12-19 22:25:04] Scan stats => checked:1 matched:0 | skipped: read=0 sender=0 no_stq=1
[2025-12-19 22:25:04] No matching unread STQ found. Sleeping 5s...
[2025-12-19 22:25:09] 
[Loop #13] Scanning for unread STQ mails...
[2025-12-19 22:25:09] Scan stats => checked:1 matched:0 | skipped: read=0 sender=0 no_stq=1
[2025-12-19 22:25:09] No matching unread STQ found. Sleeping 5s...
[2025-12-19 22:25:14] 
[Loop #14] Scanning for unread STQ mails...
[2025-12-19 22:25:14] Scan stats => checked:1 matched:0 | skipped: read=0 sender=0 no_stq=1
[2025-12-19 22:25:14] No matching unread STQ found. Sleeping 5s...
[2025-12-19 22:25:19] 
[Loop #15] Scanning for unread STQ mails...
[2025-12-19 22:25:20] Scan stats => checked:1 matched:0 | skipped: read=0 sender=0 no_stq=1
[2025-12-19 22:25:20] No matching unread STQ found. Sleeping 5s...
[2025-12-19 22:25:25] 
[Loop #16] Scanning for unread STQ mails...
[2025-12-19 22:25:25] Scan stats => checked:1 matched:0 | skipped: read=0 sender=0 no_stq=1
[2025-12-19 22:25:25] No matching unread STQ found. Sleeping 5s...
[2025-12-19 22:25:30] 
[Loop #17] Scanning for unread STQ mails...
[2025-12-19 22:25:30] Scan stats => checked:1 matched:0 | skipped: read=0 sender=0 no_stq=1
[2025-12-19 22:25:30] No matching unread STQ found. Sleeping 5s...
[2025-12-19 22:25:35] 
[Loop #18] Scanning for unread STQ mails...
[2025-12-19 22:25:35] Scan stats => checked:1 matched:0 | skipped: read=0 sender=0 no_stq=1
[2025-12-19 22:25:35] No matching unread STQ found. Sleeping 5s...
[2025-12-19 22:25:40] 
[Loop #19] Scanning for unread STQ mails...
[2025-12-19 22:25:40] Scan stats => checked:1 matched:0 | skipped: read=0 sender=0 no_stq=1
[2025-12-19 22:25:40] No matching unread STQ found. Sleeping 5s...
[2025-12-19 22:25:45] 
[Loop #20] Scanning for unread STQ mails...
[2025-12-19 22:25:45] Scan stats => checked:1 matched:0 | skipped: read=0 sender=0 no_stq=1
[2025-12-19 22:25:45] No matching unread STQ found. Sleeping 5s...
[2025-12-19 22:25:50] 
[Loop #21] Scanning for unread STQ mails...
[2025-12-19 22:25:50] Scan stats => checked:1 matched:0 | skipped: read=0 sender=0 no_stq=1
[2025-12-19 22:25:50] No matching unread STQ found. Sleeping 5s...
[2025-12-19 22:25:55] 
[Loop #22] Scanning for unread STQ mails...
[2025-12-19 22:25:55] Scan stats => checked:1 matched:0 | skipped: read=0 sender=0 no_stq=1
[2025-12-19 22:25:55] No matching unread STQ found. Sleeping 5s...
[2025-12-19 22:26:00] 
[Loop #23] Scanning for unread STQ mails...
[2025-12-19 22:26:00] Scan stats => checked:1 matched:0 | skipped: read=0 sender=0 no_stq=1
[2025-12-19 22:26:00] No matching unread STQ found. Sleeping 5s...
[2025-12-19 22:26:05] 
[Loop #24] Scanning for unread STQ mails...
[2025-12-19 22:26:05] Scan stats => checked:1 matched:0 | skipped: read=0 sender=0 no_stq=1
[2025-12-19 22:26:05] No matching unread STQ found. Sleeping 5s...
[2025-12-19 22:26:10] 
[Loop #25] Scanning for unread STQ mails...
[2025-12-19 22:26:10] Scan stats => checked:1 matched:0 | skipped: read=0 sender=0 no_stq=1
[2025-12-19 22:26:10] No matching unread STQ found. Sleeping 5s...
[2025-12-19 22:26:15] 
[Loop #26] Scanning for unread STQ mails...
[2025-12-19 22:26:15] Scan stats => checked:1 matched:0 | skipped: read=0 sender=0 no_stq=1
[2025-12-19 22:26:15] No matching unread STQ found. Sleeping 5s...
[2025-12-19 22:26:20] 
[Loop #27] Scanning for unread STQ mails...
[2025-12-19 22:26:20] Scan stats => checked:1 matched:0 | skipped: read=0 sender=0 no_stq=1
[2025-12-19 22:26:20] No matching unread STQ found. Sleeping 5s...
[2025-12-19 22:26:25] 
[Loop #28] Scanning for unread STQ mails...
[2025-12-19 22:26:25] Scan stats => checked:1 matched:0 | skipped: read=0 sender=0 no_stq=1
[2025-12-19 22:26:25] No matching unread STQ found. Sleeping 5s...
[2025-12-19 22:26:30] 
[Loop #29] Scanning for unread STQ mails...
[2025-12-19 22:26:30] Scan stats => checked:1 matched:0 | skipped: read=0 sender=0 no_stq=1
[2025-12-19 22:26:30] No matching unread STQ found. Sleeping 5s...
[2025-12-19 22:26:35] 
[Loop #30] Scanning for unread STQ mails...
[2025-12-19 22:26:35] Scan stats => checked:1 matched:0 | skipped: read=0 sender=0 no_stq=1
[2025-12-19 22:26:35] No matching unread STQ found. Sleeping 5s...
[2025-12-19 22:26:40] 
[Loop #31] Scanning for unread STQ mails...
[2025-12-19 22:26:40] Scan stats => checked:1 matched:0 | skipped: read=0 sender=0 no_stq=1
[2025-12-19 22:26:40] No matching unread STQ found. Sleeping 5s...
[2025-12-19 22:26:45] 
[Loop #32] Scanning for unread STQ mails...
[2025-12-19 22:26:45] Scan stats => checked:1 matched:0 | skipped: read=0 sender=0 no_stq=1
[2025-12-19 22:26:45] No matching unread STQ found. Sleeping 5s...
[2025-12-19 22:26:50] 
[Loop #33] Scanning for unread STQ mails...
[2025-12-19 22:26:50] Scan stats => checked:1 matched:0 | skipped: read=0 sender=0 no_stq=1
[2025-12-19 22:26:50] No matching unread STQ found. Sleeping 5s...
[2025-12-19 22:26:55] 
[Loop #34] Scanning for unread STQ mails...
[2025-12-19 22:26:55] Scan stats => checked:1 matched:0 | skipped: read=0 sender=0 no_stq=1
[2025-12-19 22:26:55] No matching unread STQ found. Sleeping 5s...
[2025-12-19 22:27:00] 
[Loop #35] Scanning for unread STQ mails...
[2025-12-19 22:27:00] Scan stats => checked:1 matched:0 | skipped: read=0 sender=0 no_stq=1
[2025-12-19 22:27:00] No matching unread STQ found. Sleeping 5s...
[2025-12-19 22:27:05] 
[Loop #36] Scanning for unread STQ mails...
[2025-12-19 22:27:05] Scan stats => checked:1 matched:0 | skipped: read=0 sender=0 no_stq=1
[2025-12-19 22:27:05] No matching unread STQ found. Sleeping 5s...
[2025-12-19 22:27:10] 
[Loop #37] Scanning for unread STQ mails...
[2025-12-19 22:27:10] Scan stats => checked:1 matched:0 | skipped: read=0 sender=0 no_stq=1
[2025-12-19 22:27:10] No matching unread STQ found. Sleeping 5s...
[2025-12-19 22:27:15] 
[Loop #38] Scanning for unread STQ mails...
[2025-12-19 22:27:15] Scan stats => checked:1 matched:0 | skipped: read=0 sender=0 no_stq=1
[2025-12-19 22:27:15] No matching unread STQ found. Sleeping 5s...
[2025-12-19 22:27:20] 
[Loop #39] Scanning for unread STQ mails...
[2025-12-19 22:27:20] Scan stats => checked:1 matched:0 | skipped: read=0 sender=0 no_stq=1
[2025-12-19 22:27:20] No matching unread STQ found. Sleeping 5s...
[2025-12-19 22:27:25] 
[Loop #40] Scanning for unread STQ mails...
[2025-12-19 22:27:25] Scan stats => checked:1 matched:0 | skipped: read=0 sender=0 no_stq=1
[2025-12-19 22:27:25] No matching unread STQ found. Sleeping 5s...
[2025-12-19 22:27:30] 
[Loop #41] Scanning for unread STQ mails...
[2025-12-19 22:27:30] Scan stats => checked:1 matched:0 | skipped: read=0 sender=0 no_stq=1
[2025-12-19 22:27:30] No matching unread STQ found. Sleeping 5s...
[2025-12-19 22:27:35] 
[Loop #42] Scanning for unread STQ mails...
[2025-12-19 22:27:35] Scan stats => checked:1 matched:0 | skipped: read=0 sender=0 no_stq=1
[2025-12-19 22:27:35] No matching unread STQ found. Sleeping 5s...
[2025-12-19 22:27:40] 
[Loop #43] Scanning for unread STQ mails...
[2025-12-19 22:27:40] Scan stats => checked:1 matched:0 | skipped: read=0 sender=0 no_stq=1
[2025-12-19 22:27:40] No matching unread STQ found. Sleeping 5s...
[2025-12-19 22:27:45] 
[Loop #44] Scanning for unread STQ mails...
[2025-12-19 22:27:45] Scan stats => checked:1 matched:0 | skipped: read=0 sender=0 no_stq=1
[2025-12-19 22:27:45] No matching unread STQ found. Sleeping 5s...
[2025-12-19 22:27:50] 
[Loop #45] Scanning for unread STQ mails...
[2025-12-19 22:27:50] Scan stats => checked:1 matched:0 | skipped: read=0 sender=0 no_stq=1
[2025-12-19 22:27:50] No matching unread STQ found. Sleeping 5s...
[2025-12-19 22:27:55] 
[Loop #46] Scanning for unread STQ mails...
[2025-12-19 22:27:55] Scan stats => checked:1 matched:0 | skipped: read=0 sender=0 no_stq=1
[2025-12-19 22:27:55] No matching unread STQ found. Sleeping 5s...
[2025-12-19 22:28:00] 
[Loop #47] Scanning for unread STQ mails...
[2025-12-19 22:28:00] Scan stats => checked:1 matched:0 | skipped: read=0 sender=0 no_stq=1
[2025-12-19 22:28:00] No matching unread STQ found. Sleeping 5s...
[2025-12-19 22:28:05] 
[Loop #48] Scanning for unread STQ mails...
[2025-12-19 22:28:05] Scan stats => checked:1 matched:0 | skipped: read=0 sender=0 no_stq=1
[2025-12-19 22:28:05] No matching unread STQ found. Sleeping 5s...
[2025-12-19 22:28:10] 
[Loop #49] Scanning for unread STQ mails...
[2025-12-19 22:28:10] Scan stats => checked:1 matched:0 | skipped: read=0 sender=0 no_stq=1
[2025-12-19 22:28:10] No matching unread STQ found. Sleeping 5s...
[2025-12-19 22:28:15] 
[Loop #50] Scanning for unread STQ mails...
[2025-12-19 22:28:15] Scan stats => checked:1 matched:0 | skipped: read=0 sender=0 no_stq=1
[2025-12-19 22:28:15] No matching unread STQ found. Sleeping 5s...
[2025-12-19 22:28:20] 
[Loop #51] Scanning for unread STQ mails...
[2025-12-19 22:28:20] Scan stats => checked:1 matched:0 | skipped: read=0 sender=0 no_stq=1
[2025-12-19 22:28:20] No matching unread STQ found. Sleeping 5s...
[2025-12-19 22:28:25] 
[Loop #52] Scanning for unread STQ mails...
[2025-12-19 22:28:25] Scan stats => checked:1 matched:0 | skipped: read=0 sender=0 no_stq=1
[2025-12-19 22:28:25] No matching unread STQ found. Sleeping 5s...
[2025-12-19 22:28:30] 
[Loop #53] Scanning for unread STQ mails...
[2025-12-19 22:28:30] Scan stats => checked:1 matched:0 | skipped: read=0 sender=0 no_stq=1
[2025-12-19 22:28:30] No matching unread STQ found. Sleeping 5s...
[2025-12-19 22:28:35] 
[Loop #54] Scanning for unread STQ mails...
[2025-12-19 22:28:35] Scan stats => checked:1 matched:0 | skipped: read=0 sender=0 no_stq=1
[2025-12-19 22:28:35] No matching unread STQ found. Sleeping 5s...
[2025-12-19 22:28:40] 
[Loop #55] Scanning for unread STQ mails...
[2025-12-19 22:28:40] Scan stats => checked:1 matched:0 | skipped: read=0 sender=0 no_stq=1
[2025-12-19 22:28:40] No matching unread STQ found. Sleeping 5s...
[2025-12-19 22:28:45] 
[Loop #56] Scanning for unread STQ mails...
[2025-12-19 22:28:45] Scan stats => checked:1 matched:0 | skipped: read=0 sender=0 no_stq=1
[2025-12-19 22:28:45] No matching unread STQ found. Sleeping 5s...
[2025-12-19 22:28:50] 
[Loop #57] Scanning for unread STQ mails...
[2025-12-19 22:28:50] Scan stats => checked:1 matched:0 | skipped: read=0 sender=0 no_stq=1
[2025-12-19 22:28:50] No matching unread STQ found. Sleeping 5s...
[2025-12-19 22:28:55] 
[Loop #58] Scanning for unread STQ mails...
[2025-12-19 22:28:55] Scan stats => checked:1 matched:0 | skipped: read=0 sender=0 no_stq=1
[2025-12-19 22:28:55] No matching unread STQ found. Sleeping 5s...
[2025-12-19 22:29:00] 
[Loop #59] Scanning for unread STQ mails...
[2025-12-19 22:29:00] Scan stats => checked:1 matched:0 | skipped: read=0 sender=0 no_stq=1
[2025-12-19 22:29:00] No matching unread STQ found. Sleeping 5s...
[2025-12-19 22:29:05] 
[Loop #60] Scanning for unread STQ mails...
[2025-12-19 22:29:05] Scan stats => checked:1 matched:0 | skipped: read=0 sender=0 no_stq=1
[2025-12-19 22:29:05] No matching unread STQ found. Sleeping 5s...
[2025-12-19 22:29:10] 
[Loop #61] Scanning for unread STQ mails...
[2025-12-19 22:29:10] Scan stats => checked:1 matched:0 | skipped: read=0 sender=0 no_stq=1
[2025-12-19 22:29:10] No matching unread STQ found. Sleeping 5s...
[2025-12-19 22:29:15] 
[Loop #62] Scanning for unread STQ mails...
[2025-12-19 22:29:15] Scan stats => checked:1 matched:0 | skipped: read=0 sender=0 no_stq=1
[2025-12-19 22:29:15] No matching unread STQ found. Sleeping 5s...
[2025-12-19 22:29:20] 
[Loop #63] Scanning for unread STQ mails...
[2025-12-19 22:29:20] Scan stats => checked:1 matched:0 | skipped: read=0 sender=0 no_stq=1
[2025-12-19 22:29:20] No matching unread STQ found. Sleeping 5s...
[2025-12-19 22:29:25] 
[Loop #64] Scanning for unread STQ mails...
[2025-12-19 22:29:25] Scan stats => checked:1 matched:0 | skipped: read=0 sender=0 no_stq=1
[2025-12-19 22:29:25] No matching unread STQ found. Sleeping 5s...
[2025-12-19 22:29:30] 
[Loop #65] Scanning for unread STQ mails...
[2025-12-19 22:29:30] Scan stats => checked:1 matched:0 | skipped: read=0 sender=0 no_stq=1
[2025-12-19 22:29:30] No matching unread STQ found. Sleeping 5s...
[2025-12-19 22:29:35] 
[Loop #66] Scanning for unread STQ mails...
[2025-12-19 22:29:36] Scan stats => checked:1 matched:0 | skipped: read=0 sender=0 no_stq=1
[2025-12-19 22:29:36] No matching unread STQ found. Sleeping 5s...
[2025-12-19 22:29:41] 
[Loop #67] Scanning for unread STQ mails...
[2025-12-19 22:29:41] Scan stats => checked:1 matched:0 | skipped: read=0 sender=0 no_stq=1
[2025-12-19 22:29:41] No matching unread STQ found. Sleeping 5s...
[2025-12-19 22:29:46] 
[Loop #68] Scanning for unread STQ mails...
[2025-12-19 22:29:46] Scan stats => checked:1 matched:0 | skipped: read=0 sender=0 no_stq=1
[2025-12-19 22:29:46] No matching unread STQ found. Sleeping 5s...
[2025-12-19 22:29:51] 
[Loop #69] Scanning for unread STQ mails...
[2025-12-19 22:29:51] Scan stats => checked:1 matched:0 | skipped: read=0 sender=0 no_stq=1
[2025-12-19 22:29:51] No matching unread STQ found. Sleeping 5s...
[2025-12-19 22:29:56] 
[Loop #70] Scanning for unread STQ mails...
[2025-12-19 22:29:56] Scan stats => checked:1 matched:0 | skipped: read=0 sender=0 no_stq=1
[2025-12-19 22:29:56] No matching unread STQ found. Sleeping 5s...
[2025-12-19 22:30:01] 
[Loop #71] Scanning for unread STQ mails...
[2025-12-19 22:30:01] Scan stats => checked:1 matched:0 | skipped: read=0 sender=0 no_stq=1
[2025-12-19 22:30:01] No matching unread STQ found. Sleeping 5s...
[2025-12-19 22:30:06] 
[Loop #72] Scanning for unread STQ mails...
[2025-12-19 22:30:06] Scan stats => checked:1 matched:0 | skipped: read=0 sender=0 no_stq=1
[2025-12-19 22:30:06] No matching unread STQ found. Sleeping 5s...
[2025-12-19 22:30:11] 
[Loop #73] Scanning for unread STQ mails...
[2025-12-19 22:30:11] Scan stats => checked:1 matched:0 | skipped: read=0 sender=0 no_stq=1
[2025-12-19 22:30:11] No matching unread STQ found. Sleeping 5s...
[2025-12-19 22:30:16] 
[Loop #74] Scanning for unread STQ mails...
[2025-12-19 22:30:16] Scan stats => checked:1 matched:0 | skipped: read=0 sender=0 no_stq=1
[2025-12-19 22:30:16] No matching unread STQ found. Sleeping 5s...
[2025-12-19 22:30:21] 
[Loop #75] Scanning for unread STQ mails...
[2025-12-19 22:30:21] Scan stats => checked:1 matched:0 | skipped: read=0 sender=0 no_stq=1
[2025-12-19 22:30:21] No matching unread STQ found. Sleeping 5s...
[2025-12-19 22:30:26] 
[Loop #76] Scanning for unread STQ mails...
[2025-12-19 22:30:26] Scan stats => checked:1 matched:0 | skipped: read=0 sender=0 no_stq=1
[2025-12-19 22:30:26] No matching unread STQ found. Sleeping 5s...
[2025-12-19 22:30:31] 
[Loop #77] Scanning for unread STQ mails...
[2025-12-19 22:30:31] Scan stats => checked:1 matched:0 | skipped: read=0 sender=0 no_stq=1
[2025-12-19 22:30:31] No matching unread STQ found. Sleeping 5s...
[2025-12-19 22:30:36] 
[Loop #78] Scanning for unread STQ mails...
[2025-12-19 22:30:36] Scan stats => checked:1 matched:0 | skipped: read=0 sender=0 no_stq=1
[2025-12-19 22:30:36] No matching unread STQ found. Sleeping 5s...
[2025-12-19 22:30:41] 
[Loop #79] Scanning for unread STQ mails...
[2025-12-19 22:30:41] Scan stats => checked:1 matched:0 | skipped: read=0 sender=0 no_stq=1
[2025-12-19 22:30:41] No matching unread STQ found. Sleeping 5s...
[2025-12-19 22:30:46] 
[Loop #80] Scanning for unread STQ mails...
[2025-12-19 22:30:46] Scan stats => checked:1 matched:0 | skipped: read=0 sender=0 no_stq=1
[2025-12-19 22:30:46] No matching unread STQ found. Sleeping 5s...
[2025-12-19 22:30:51] 
[Loop #81] Scanning for unread STQ mails...
[2025-12-19 22:30:51] Scan stats => checked:1 matched:0 | skipped: read=0 sender=0 no_stq=1
[2025-12-19 22:30:51] No matching unread STQ found. Sleeping 5s...
[2025-12-19 22:30:56] 
[Loop #82] Scanning for unread STQ mails...
[2025-12-19 22:30:56] Scan stats => checked:1 matched:0 | skipped: read=0 sender=0 no_stq=1
[2025-12-19 22:30:56] No matching unread STQ found. Sleeping 5s...
[2025-12-19 22:31:01] 
[Loop #83] Scanning for unread STQ mails...
[2025-12-19 22:31:01] Scan stats => checked:1 matched:0 | skipped: read=0 sender=0 no_stq=1
[2025-12-19 22:31:01] No matching unread STQ found. Sleeping 5s...
[2025-12-19 22:31:06] 
[Loop #84] Scanning for unread STQ mails...
[2025-12-19 22:31:06] Scan stats => checked:1 matched:0 | skipped: read=0 sender=0 no_stq=1
[2025-12-19 22:31:06] No matching unread STQ found. Sleeping 5s...
[2025-12-19 22:31:11] 
[Loop #85] Scanning for unread STQ mails...
[2025-12-19 22:31:11] Scan stats => checked:1 matched:0 | skipped: read=0 sender=0 no_stq=1
[2025-12-19 22:31:11] No matching unread STQ found. Sleeping 5s...
[2025-12-19 22:31:16] 
[Loop #86] Scanning for unread STQ mails...
[2025-12-19 22:31:16] Scan stats => checked:1 matched:0 | skipped: read=0 sender=0 no_stq=1
[2025-12-19 22:31:16] No matching unread STQ found. Sleeping 5s...
[2025-12-19 22:31:21] 
[Loop #87] Scanning for unread STQ mails...
[2025-12-19 22:31:21] Scan stats => checked:1 matched:0 | skipped: read=0 sender=0 no_stq=1
[2025-12-19 22:31:21] No matching unread STQ found. Sleeping 5s...
[2025-12-19 22:31:26] 
[Loop #88] Scanning for unread STQ mails...
[2025-12-19 22:31:26] Scan stats => checked:1 matched:0 | skipped: read=0 sender=0 no_stq=1
[2025-12-19 22:31:26] No matching unread STQ found. Sleeping 5s...
[2025-12-19 22:31:31] 
[Loop #89] Scanning for unread STQ mails...
[2025-12-19 22:31:31] Scan stats => checked:1 matched:0 | skipped: read=0 sender=0 no_stq=1
[2025-12-19 22:31:31] No matching unread STQ found. Sleeping 5s...
[2025-12-19 22:31:36] 
[Loop #90] Scanning for unread STQ mails...
[2025-12-19 22:31:36] Scan stats => checked:1 matched:0 | skipped: read=0 sender=0 no_stq=1
[2025-12-19 22:31:36] No matching unread STQ found. Sleeping 5s...
[2025-12-19 22:31:41] 
[Loop #91] Scanning for unread STQ mails...
[2025-12-19 22:31:41] Scan stats => checked:1 matched:0 | skipped: read=0 sender=0 no_stq=1
[2025-12-19 22:31:41] No matching unread STQ found. Sleeping 5s...
[2025-12-19 22:31:46] 
[Loop #92] Scanning for unread STQ mails...
[2025-12-19 22:31:46] Scan stats => checked:1 matched:0 | skipped: read=0 sender=0 no_stq=1
[2025-12-19 22:31:46] No matching unread STQ found. Sleeping 5s...
[2025-12-19 22:31:51] 
[Loop #93] Scanning for unread STQ mails...
[2025-12-19 22:31:51] Scan stats => checked:1 matched:0 | skipped: read=0 sender=0 no_stq=1
[2025-12-19 22:31:51] No matching unread STQ found. Sleeping 5s...
[2025-12-19 22:31:56] 
[Loop #94] Scanning for unread STQ mails...
[2025-12-19 22:31:56] Scan stats => checked:1 matched:0 | skipped: read=0 sender=0 no_stq=1
[2025-12-19 22:31:56] No matching unread STQ found. Sleeping 5s...
[2025-12-19 22:32:01] 
[Loop #95] Scanning for unread STQ mails...
[2025-12-19 22:32:01] Scan stats => checked:1 matched:0 | skipped: read=0 sender=0 no_stq=1
[2025-12-19 22:32:01] No matching unread STQ found. Sleeping 5s...
[2025-12-19 22:32:06] 
[Loop #96] Scanning for unread STQ mails...
[2025-12-19 22:32:06] Scan stats => checked:1 matched:0 | skipped: read=0 sender=0 no_stq=1
[2025-12-19 22:32:06] No matching unread STQ found. Sleeping 5s...
[2025-12-19 22:32:11] 
[Loop #97] Scanning for unread STQ mails...
[2025-12-19 22:32:11] Scan stats => checked:1 matched:0 | skipped: read=0 sender=0 no_stq=1
[2025-12-19 22:32:11] No matching unread STQ found. Sleeping 5s...
[2025-12-19 22:32:16] 
[Loop #98] Scanning for unread STQ mails...
[2025-12-19 22:32:16] Scan stats => checked:1 matched:0 | skipped: read=0 sender=0 no_stq=1
[2025-12-19 22:32:16] No matching unread STQ found. Sleeping 5s...
[2025-12-19 22:32:21] 
[Loop #99] Scanning for unread STQ mails...
[2025-12-19 22:32:21] Scan stats => checked:1 matched:0 | skipped: read=0 sender=0 no_stq=1
[2025-12-19 22:32:21] No matching unread STQ found. Sleeping 5s...
[2025-12-19 22:32:26] 
[Loop #100] Scanning for unread STQ mails...
[2025-12-19 22:32:26] Scan stats => checked:1 matched:0 | skipped: read=0 sender=0 no_stq=1
[2025-12-19 22:32:26] No matching unread STQ found. Sleeping 5s...
[2025-12-19 22:32:31] 
[Loop #101] Scanning for unread STQ mails...
[2025-12-19 22:32:31] Scan stats => checked:1 matched:0 | skipped: read=0 sender=0 no_stq=1
[2025-12-19 22:32:31] No matching unread STQ found. Sleeping 5s...
[2025-12-19 22:32:36] 
[Loop #102] Scanning for unread STQ mails...
[2025-12-19 22:32:36] Scan stats => checked:1 matched:0 | skipped: read=0 sender=0 no_stq=1
[2025-12-19 22:32:36] No matching unread STQ found. Sleeping 5s...
[2025-12-19 22:32:41] 
[Loop #103] Scanning for unread STQ mails...
[2025-12-19 22:32:41] Scan stats => checked:1 matched:0 | skipped: read=0 sender=0 no_stq=1
[2025-12-19 22:32:41] No matching unread STQ found. Sleeping 5s...
[2025-12-19 22:32:46] 
[Loop #104] Scanning for unread STQ mails...
[2025-12-19 22:32:46] Scan stats => checked:1 matched:0 | skipped: read=0 sender=0 no_stq=1
[2025-12-19 22:32:46] No matching unread STQ found. Sleeping 5s...
[2025-12-19 22:32:51] 
[Loop #105] Scanning for unread STQ mails...
[2025-12-19 22:32:51] Scan stats => checked:1 matched:0 | skipped: read=0 sender=0 no_stq=1
[2025-12-19 22:32:51] No matching unread STQ found. Sleeping 5s...
[2025-12-19 22:32:56] 
[Loop #106] Scanning for unread STQ mails...
[2025-12-19 22:32:56] Scan stats => checked:1 matched:0 | skipped: read=0 sender=0 no_stq=1
[2025-12-19 22:32:56] No matching unread STQ found. Sleeping 5s...
[2025-12-19 22:33:01] 
[Loop #107] Scanning for unread STQ mails...
[2025-12-19 22:33:01] Scan stats => checked:1 matched:0 | skipped: read=0 sender=0 no_stq=1
[2025-12-19 22:33:01] No matching unread STQ found. Sleeping 5s...
[2025-12-19 22:33:06] 
[Loop #108] Scanning for unread STQ mails...
[2025-12-19 22:33:06] Scan stats => checked:1 matched:0 | skipped: read=0 sender=0 no_stq=1
[2025-12-19 22:33:06] No matching unread STQ found. Sleeping 5s...
[2025-12-19 22:33:11] 
[Loop #109] Scanning for unread STQ mails...
[2025-12-19 22:33:11] Scan stats => checked:1 matched:0 | skipped: read=0 sender=0 no_stq=1
[2025-12-19 22:33:11] No matching unread STQ found. Sleeping 5s...
[2025-12-19 22:33:16] 
[Loop #110] Scanning for unread STQ mails...
[2025-12-19 22:33:16] Scan stats => checked:1 matched:0 | skipped: read=0 sender=0 no_stq=1
[2025-12-19 22:33:16] No matching unread STQ found. Sleeping 5s...
[2025-12-19 22:33:21] 
[Loop #111] Scanning for unread STQ mails...
[2025-12-19 22:33:21] Scan stats => checked:1 matched:0 | skipped: read=0 sender=0 no_stq=1
[2025-12-19 22:33:21] No matching unread STQ found. Sleeping 5s...
[2025-12-19 22:33:26] 
[Loop #112] Scanning for unread STQ mails...
[2025-12-19 22:33:26] Scan stats => checked:1 matched:0 | skipped: read=0 sender=0 no_stq=1
[2025-12-19 22:33:26] No matching unread STQ found. Sleeping 5s...
[2025-12-19 22:33:31] 
[Loop #113] Scanning for unread STQ mails...
[2025-12-19 22:33:31] Scan stats => checked:1 matched:0 | skipped: read=0 sender=0 no_stq=1
[2025-12-19 22:33:31] No matching unread STQ found. Sleeping 5s...
[2025-12-19 22:33:36] 
[Loop #114] Scanning for unread STQ mails...
[2025-12-19 22:33:36] Scan stats => checked:1 matched:0 | skipped: read=0 sender=0 no_stq=1
[2025-12-19 22:33:36] No matching unread STQ found. Sleeping 5s...
[2025-12-19 22:33:39] === Proyapi STQ Internal Distributor started (v2.3) ===
[2025-12-19 22:33:39] 🔄 Connecting to Outlook...
[2025-12-19 22:33:39] ✅ Outlook connection established (attempt 1/3)
[2025-12-19 22:33:39] Watching: spp2dcc@kolin.com.tr / Inbox\From Proyapi
[2025-12-19 22:33:39] Sender filter: chuseyn@kolin.com.tr
[2025-12-19 22:33:39] Mode: display | Poll: 5s | Lookback: 7d | MaxScan:200
[2025-12-19 22:33:39] Allowed attachment exts: ['.xls', '.xlsm', '.xlsx']
[2025-12-19 22:33:39] Filter: ONLY UNREAD mails. Processed mail will be marked READ.
[2025-12-19 22:33:39] 
[Loop #1] Scanning for unread STQ mails...
[2025-12-19 22:33:39] Scan stats => checked:1 matched:0 | skipped: read=0 sender=0 no_stq=1
[2025-12-19 22:33:39] No matching unread STQ found. Sleeping 5s...
[2025-12-19 22:33:44] 
[Loop #2] Scanning for unread STQ mails...
[2025-12-19 22:33:44] Scan stats => checked:1 matched:0 | skipped: read=0 sender=0 no_stq=1
[2025-12-19 22:33:44] No matching unread STQ found. Sleeping 5s...
[2025-12-19 22:33:49] 
[Loop #3] Scanning for unread STQ mails...
[2025-12-19 22:33:49] Scan stats => checked:1 matched:0 | skipped: read=0 sender=0 no_stq=1
[2025-12-19 22:33:49] No matching unread STQ found. Sleeping 5s...
[2025-12-19 22:33:54] 
[Loop #4] Scanning for unread STQ mails...
[2025-12-19 22:33:54] Scan stats => checked:1 matched:0 | skipped: read=0 sender=0 no_stq=1
[2025-12-19 22:33:54] No matching unread STQ found. Sleeping 5s...
[2025-12-19 22:33:59] 
[Loop #5] Scanning for unread STQ mails...
[2025-12-19 22:33:59] Scan stats => checked:1 matched:0 | skipped: read=0 sender=0 no_stq=1
[2025-12-19 22:33:59] No matching unread STQ found. Sleeping 5s...
[2025-12-19 22:34:04] 
[Loop #6] Scanning for unread STQ mails...
[2025-12-19 22:34:04] Scan stats => checked:1 matched:0 | skipped: read=0 sender=0 no_stq=1
[2025-12-19 22:34:04] No matching unread STQ found. Sleeping 5s...
[2025-12-19 22:34:09] 
[Loop #7] Scanning for unread STQ mails...
[2025-12-19 22:34:09] Scan stats => checked:1 matched:0 | skipped: read=0 sender=0 no_stq=1
[2025-12-19 22:34:09] No matching unread STQ found. Sleeping 5s...
[2025-12-19 22:34:14] 
[Loop #8] Scanning for unread STQ mails...
[2025-12-19 22:34:14] Scan stats => checked:1 matched:0 | skipped: read=0 sender=0 no_stq=1
[2025-12-19 22:34:14] No matching unread STQ found. Sleeping 5s...
[2025-12-19 22:34:19] 
[Loop #9] Scanning for unread STQ mails...
[2025-12-19 22:34:19] Scan stats => checked:1 matched:0 | skipped: read=0 sender=0 no_stq=1
[2025-12-19 22:34:19] No matching unread STQ found. Sleeping 5s...
[2025-12-19 22:34:24] 
[Loop #10] Scanning for unread STQ mails...
[2025-12-19 22:34:24] Scan stats => checked:1 matched:0 | skipped: read=0 sender=0 no_stq=1
[2025-12-19 22:34:24] No matching unread STQ found. Sleeping 5s...
[2025-12-19 22:34:29] 
[Loop #11] Scanning for unread STQ mails...
[2025-12-19 22:34:29] Scan stats => checked:1 matched:0 | skipped: read=0 sender=0 no_stq=1
[2025-12-19 22:34:29] No matching unread STQ found. Sleeping 5s...
[2025-12-19 22:34:34] 
[Loop #12] Scanning for unread STQ mails...
[2025-12-19 22:34:34] Scan stats => checked:1 matched:0 | skipped: read=0 sender=0 no_stq=1
[2025-12-19 22:34:34] No matching unread STQ found. Sleeping 5s...
[2025-12-19 22:34:39] 
[Loop #13] Scanning for unread STQ mails...
[2025-12-19 22:34:39] Scan stats => checked:1 matched:0 | skipped: read=0 sender=0 no_stq=1
[2025-12-19 22:34:39] No matching unread STQ found. Sleeping 5s...
[2025-12-19 22:34:44] 
[Loop #14] Scanning for unread STQ mails...
[2025-12-19 22:34:44] Scan stats => checked:1 matched:0 | skipped: read=0 sender=0 no_stq=1
[2025-12-19 22:34:44] No matching unread STQ found. Sleeping 5s...
[2025-12-19 22:34:49] 
[Loop #15] Scanning for unread STQ mails...
[2025-12-19 22:34:49] Scan stats => checked:1 matched:0 | skipped: read=0 sender=0 no_stq=1
[2025-12-19 22:34:49] No matching unread STQ found. Sleeping 5s...
[2025-12-19 22:34:54] 
[Loop #16] Scanning for unread STQ mails...
[2025-12-19 22:34:54] Scan stats => checked:1 matched:0 | skipped: read=0 sender=0 no_stq=1
[2025-12-19 22:34:54] No matching unread STQ found. Sleeping 5s...
[2025-12-19 22:34:59] 
[Loop #17] Scanning for unread STQ mails...
[2025-12-19 22:34:59] Scan stats => checked:1 matched:0 | skipped: read=0 sender=0 no_stq=1
[2025-12-19 22:34:59] No matching unread STQ found. Sleeping 5s...
[2025-12-19 22:35:04] 
[Loop #18] Scanning for unread STQ mails...
[2025-12-19 22:35:04] Scan stats => checked:1 matched:0 | skipped: read=0 sender=0 no_stq=1
[2025-12-19 22:35:04] No matching unread STQ found. Sleeping 5s...
[2025-12-19 22:35:09] 
[Loop #19] Scanning for unread STQ mails...
[2025-12-19 22:35:09] Scan stats => checked:1 matched:0 | skipped: read=0 sender=0 no_stq=1
[2025-12-19 22:35:09] No matching unread STQ found. Sleeping 5s...
[2025-12-19 22:35:14] 
[Loop #20] Scanning for unread STQ mails...
[2025-12-19 22:35:14] Scan stats => checked:1 matched:0 | skipped: read=0 sender=0 no_stq=1
[2025-12-19 22:35:14] No matching unread STQ found. Sleeping 5s...
[2025-12-19 22:35:19] 
[Loop #21] Scanning for unread STQ mails...
[2025-12-19 22:35:19] Scan stats => checked:1 matched:0 | skipped: read=0 sender=0 no_stq=1
[2025-12-19 22:35:19] No matching unread STQ found. Sleeping 5s...
[2025-12-19 22:35:24] 
[Loop #22] Scanning for unread STQ mails...
[2025-12-19 22:35:24] Scan stats => checked:1 matched:0 | skipped: read=0 sender=0 no_stq=1
[2025-12-19 22:35:24] No matching unread STQ found. Sleeping 5s...
[2025-12-19 22:35:29] 
[Loop #23] Scanning for unread STQ mails...
[2025-12-19 22:35:29] Scan stats => checked:1 matched:0 | skipped: read=0 sender=0 no_stq=1
[2025-12-19 22:35:29] No matching unread STQ found. Sleeping 5s...
[2025-12-19 22:35:34] 
[Loop #24] Scanning for unread STQ mails...
[2025-12-19 22:35:34] Scan stats => checked:1 matched:0 | skipped: read=0 sender=0 no_stq=1
[2025-12-19 22:35:34] No matching unread STQ found. Sleeping 5s...
[2025-12-19 22:35:39] 
[Loop #25] Scanning for unread STQ mails...
[2025-12-19 22:35:39] Scan stats => checked:1 matched:0 | skipped: read=0 sender=0 no_stq=1
[2025-12-19 22:35:39] No matching unread STQ found. Sleeping 5s...
[2025-12-19 22:35:44] 
[Loop #26] Scanning for unread STQ mails...
[2025-12-19 22:35:44] Scan stats => checked:1 matched:0 | skipped: read=0 sender=0 no_stq=1
[2025-12-19 22:35:44] No matching unread STQ found. Sleeping 5s...
[2025-12-19 22:35:49] 
[Loop #27] Scanning for unread STQ mails...
[2025-12-19 22:35:49] Scan stats => checked:1 matched:0 | skipped: read=0 sender=0 no_stq=1
[2025-12-19 22:35:49] No matching unread STQ found. Sleeping 5s...
[2025-12-19 22:35:54] 
[Loop #28] Scanning for unread STQ mails...
[2025-12-19 22:35:54] Scan stats => checked:1 matched:0 | skipped: read=0 sender=0 no_stq=1
[2025-12-19 22:35:54] No matching unread STQ found. Sleeping 5s...
[2025-12-19 22:35:59] 
[Loop #29] Scanning for unread STQ mails...
[2025-12-19 22:35:59] Scan stats => checked:1 matched:0 | skipped: read=0 sender=0 no_stq=1
[2025-12-19 22:35:59] No matching unread STQ found. Sleeping 5s...
[2025-12-19 22:36:04] 
[Loop #30] Scanning for unread STQ mails...
[2025-12-19 22:36:04] Scan stats => checked:1 matched:0 | skipped: read=0 sender=0 no_stq=1
[2025-12-19 22:36:04] No matching unread STQ found. Sleeping 5s...
[2025-12-19 22:36:09] 
[Loop #31] Scanning for unread STQ mails...
[2025-12-19 22:36:09] Scan stats => checked:1 matched:0 | skipped: read=0 sender=0 no_stq=1
[2025-12-19 22:36:09] No matching unread STQ found. Sleeping 5s...
[2025-12-19 22:36:14] 
[Loop #32] Scanning for unread STQ mails...
[2025-12-19 22:36:14] Scan stats => checked:1 matched:0 | skipped: read=0 sender=0 no_stq=1
[2025-12-19 22:36:14] No matching unread STQ found. Sleeping 5s...
[2025-12-19 22:36:19] 
[Loop #33] Scanning for unread STQ mails...
[2025-12-19 22:36:19] Scan stats => checked:1 matched:0 | skipped: read=0 sender=0 no_stq=1
[2025-12-19 22:36:19] No matching unread STQ found. Sleeping 5s...
[2025-12-19 22:36:24] 
[Loop #34] Scanning for unread STQ mails...
[2025-12-19 22:36:24] Scan stats => checked:1 matched:0 | skipped: read=0 sender=0 no_stq=1
[2025-12-19 22:36:24] No matching unread STQ found. Sleeping 5s...
[2025-12-19 22:36:29] 
[Loop #35] Scanning for unread STQ mails...
[2025-12-19 22:36:29] Scan stats => checked:1 matched:0 | skipped: read=0 sender=0 no_stq=1
[2025-12-19 22:36:29] No matching unread STQ found. Sleeping 5s...
[2025-12-19 22:36:34] 
[Loop #36] Scanning for unread STQ mails...
[2025-12-19 22:36:34] Scan stats => checked:1 matched:0 | skipped: read=0 sender=0 no_stq=1
[2025-12-19 22:36:34] No matching unread STQ found. Sleeping 5s...
[2025-12-19 22:36:39] 
[Loop #37] Scanning for unread STQ mails...
[2025-12-19 22:36:39] Scan stats => checked:1 matched:0 | skipped: read=0 sender=0 no_stq=1
[2025-12-19 22:36:39] No matching unread STQ found. Sleeping 5s...
[2025-12-19 22:36:44] 
[Loop #38] Scanning for unread STQ mails...
[2025-12-19 22:36:44] Scan stats => checked:0 matched:0 | skipped: read=0 sender=0 no_stq=0
[2025-12-19 22:36:44] No matching unread STQ found. Sleeping 5s...
[2025-12-19 22:36:49] 
[Loop #39] Scanning for unread STQ mails...
[2025-12-19 22:36:49] Scan stats => checked:0 matched:0 | skipped: read=0 sender=0 no_stq=0
[2025-12-19 22:36:49] No matching unread STQ found. Sleeping 5s...
[2025-12-19 22:36:54] 
[Loop #40] Scanning for unread STQ mails...
[2025-12-19 22:36:54] Scan stats => checked:0 matched:0 | skipped: read=0 sender=0 no_stq=0
[2025-12-19 22:36:54] No matching unread STQ found. Sleeping 5s...
[2025-12-19 22:36:59] 
[Loop #41] Scanning for unread STQ mails...
[2025-12-19 22:36:59] Scan stats => checked:0 matched:0 | skipped: read=0 sender=0 no_stq=0
[2025-12-19 22:36:59] No matching unread STQ found. Sleeping 5s...
[2025-12-19 22:37:04] 
[Loop #42] Scanning for unread STQ mails...
[2025-12-19 22:37:04] Scan stats => checked:0 matched:0 | skipped: read=0 sender=0 no_stq=0
[2025-12-19 22:37:04] No matching unread STQ found. Sleeping 5s...
[2025-12-19 22:37:09] 
[Loop #43] Scanning for unread STQ mails...
[2025-12-19 22:37:09] Scan stats => checked:0 matched:0 | skipped: read=0 sender=0 no_stq=0
[2025-12-19 22:37:09] No matching unread STQ found. Sleeping 5s...
[2025-12-19 22:37:14] 
[Loop #44] Scanning for unread STQ mails...
[2025-12-19 22:37:14] Scan stats => checked:0 matched:0 | skipped: read=0 sender=0 no_stq=0
[2025-12-19 22:37:15] No matching unread STQ found. Sleeping 5s...
[2025-12-19 22:37:20] 
[Loop #45] Scanning for unread STQ mails...
[2025-12-19 22:37:20] Scan stats => checked:0 matched:0 | skipped: read=0 sender=0 no_stq=0
[2025-12-19 22:37:20] No matching unread STQ found. Sleeping 5s...
[2025-12-19 22:37:25] 
[Loop #46] Scanning for unread STQ mails...
[2025-12-19 22:37:25] Scan stats => checked:0 matched:0 | skipped: read=0 sender=0 no_stq=0
[2025-12-19 22:37:25] No matching unread STQ found. Sleeping 5s...
[2025-12-19 22:37:30] 
[Loop #47] Scanning for unread STQ mails...
[2025-12-19 22:37:30] Scan stats => checked:0 matched:0 | skipped: read=0 sender=0 no_stq=0
[2025-12-19 22:37:30] No matching unread STQ found. Sleeping 5s...
[2025-12-19 22:37:35] 
[Loop #48] Scanning for unread STQ mails...
[2025-12-19 22:37:35] Scan stats => checked:0 matched:0 | skipped: read=0 sender=0 no_stq=0
[2025-12-19 22:37:35] No matching unread STQ found. Sleeping 5s...
[2025-12-19 22:37:40] 
[Loop #49] Scanning for unread STQ mails...
[2025-12-19 22:37:40] Scan stats => checked:0 matched:0 | skipped: read=0 sender=0 no_stq=0
[2025-12-19 22:37:40] No matching unread STQ found. Sleeping 5s...
[2025-12-19 22:37:45] 
[Loop #50] Scanning for unread STQ mails...
[2025-12-19 22:37:45] Scan stats => checked:0 matched:0 | skipped: read=0 sender=0 no_stq=0
[2025-12-19 22:37:45] No matching unread STQ found. Sleeping 5s...
[2025-12-19 22:37:50] 
[Loop #51] Scanning for unread STQ mails...
[2025-12-19 22:37:50] Scan stats => checked:1 matched:0 | skipped: read=0 sender=0 no_stq=1
[2025-12-19 22:37:50] No matching unread STQ found. Sleeping 5s...
[2025-12-19 22:37:55] 
[Loop #52] Scanning for unread STQ mails...
[2025-12-19 22:37:55] Scan stats => checked:1 matched:0 | skipped: read=0 sender=0 no_stq=1
[2025-12-19 22:37:55] No matching unread STQ found. Sleeping 5s...
[2025-12-19 22:38:00] 
[Loop #53] Scanning for unread STQ mails...
[2025-12-19 22:38:00] Scan stats => checked:1 matched:0 | skipped: read=0 sender=0 no_stq=1
[2025-12-19 22:38:00] No matching unread STQ found. Sleeping 5s...
[2025-12-19 22:38:05] 
[Loop #54] Scanning for unread STQ mails...
[2025-12-19 22:38:05] Scan stats => checked:1 matched:0 | skipped: read=0 sender=0 no_stq=1
[2025-12-19 22:38:05] No matching unread STQ found. Sleeping 5s...
[2025-12-19 22:38:10] 
[Loop #55] Scanning for unread STQ mails...
[2025-12-19 22:38:10] Scan stats => checked:1 matched:0 | skipped: read=0 sender=0 no_stq=1
[2025-12-19 22:38:10] No matching unread STQ found. Sleeping 5s...
[2025-12-19 22:38:15] 
[Loop #56] Scanning for unread STQ mails...
[2025-12-19 22:38:15] Scan stats => checked:1 matched:0 | skipped: read=0 sender=0 no_stq=1
[2025-12-19 22:38:15] No matching unread STQ found. Sleeping 5s...
[2025-12-19 22:38:20] 
[Loop #57] Scanning for unread STQ mails...
[2025-12-19 22:38:20] Scan stats => checked:1 matched:0 | skipped: read=0 sender=0 no_stq=1
[2025-12-19 22:38:20] No matching unread STQ found. Sleeping 5s...
[2025-12-19 22:38:25] 
[Loop #58] Scanning for unread STQ mails...
[2025-12-19 22:38:25] Scan stats => checked:1 matched:0 | skipped: read=0 sender=0 no_stq=1
[2025-12-19 22:38:25] No matching unread STQ found. Sleeping 5s...
[2025-12-19 22:38:30] 
[Loop #59] Scanning for unread STQ mails...
[2025-12-19 22:38:30] Scan stats => checked:1 matched:0 | skipped: read=0 sender=0 no_stq=1
[2025-12-19 22:38:30] No matching unread STQ found. Sleeping 5s...
[2025-12-19 22:38:35] 
[Loop #60] Scanning for unread STQ mails...
[2025-12-19 22:38:35] Scan stats => checked:1 matched:0 | skipped: read=0 sender=0 no_stq=1
[2025-12-19 22:38:35] No matching unread STQ found. Sleeping 5s...
[2025-12-19 22:38:40] 
[Loop #61] Scanning for unread STQ mails...
[2025-12-19 22:38:40] Scan stats => checked:1 matched:0 | skipped: read=0 sender=0 no_stq=1
[2025-12-19 22:38:40] No matching unread STQ found. Sleeping 5s...
[2025-12-19 22:38:45] 
[Loop #62] Scanning for unread STQ mails...
[2025-12-19 22:38:45] Scan stats => checked:1 matched:0 | skipped: read=0 sender=0 no_stq=1
[2025-12-19 22:38:45] No matching unread STQ found. Sleeping 5s...
[2025-12-19 22:38:50] 
[Loop #63] Scanning for unread STQ mails...
[2025-12-19 22:38:50] Scan stats => checked:1 matched:0 | skipped: read=0 sender=0 no_stq=1
[2025-12-19 22:38:50] No matching unread STQ found. Sleeping 5s...
[2025-12-19 22:38:55] 
[Loop #64] Scanning for unread STQ mails...
[2025-12-19 22:38:55] Scan stats => checked:1 matched:0 | skipped: read=0 sender=0 no_stq=1
[2025-12-19 22:38:55] No matching unread STQ found. Sleeping 5s...
[2025-12-19 22:39:00] 
[Loop #65] Scanning for unread STQ mails...
[2025-12-19 22:39:00] Scan stats => checked:1 matched:0 | skipped: read=0 sender=0 no_stq=1
[2025-12-19 22:39:00] No matching unread STQ found. Sleeping 5s...
[2025-12-19 22:39:05] 
[Loop #66] Scanning for unread STQ mails...
[2025-12-19 22:39:05] Scan stats => checked:1 matched:0 | skipped: read=0 sender=0 no_stq=1
[2025-12-19 22:39:05] No matching unread STQ found. Sleeping 5s...
[2025-12-19 22:39:10] 
[Loop #67] Scanning for unread STQ mails...
[2025-12-19 22:39:10] Scan stats => checked:1 matched:0 | skipped: read=0 sender=0 no_stq=1
[2025-12-19 22:39:10] No matching unread STQ found. Sleeping 5s...
[2025-12-19 22:39:15] 
[Loop #68] Scanning for unread STQ mails...
[2025-12-19 22:39:15] Scan stats => checked:1 matched:0 | skipped: read=0 sender=0 no_stq=1
[2025-12-19 22:39:15] No matching unread STQ found. Sleeping 5s...
[2025-12-19 22:39:20] 
[Loop #69] Scanning for unread STQ mails...
[2025-12-19 22:39:20] Scan stats => checked:1 matched:0 | skipped: read=0 sender=0 no_stq=1
[2025-12-19 22:39:20] No matching unread STQ found. Sleeping 5s...
[2025-12-19 22:39:25] 
[Loop #70] Scanning for unread STQ mails...
[2025-12-19 22:39:25] Scan stats => checked:1 matched:0 | skipped: read=0 sender=0 no_stq=1
[2025-12-19 22:39:25] No matching unread STQ found. Sleeping 5s...
[2025-12-19 22:39:30] 
[Loop #71] Scanning for unread STQ mails...
[2025-12-19 22:39:30] Scan stats => checked:1 matched:0 | skipped: read=0 sender=0 no_stq=1
[2025-12-19 22:39:30] No matching unread STQ found. Sleeping 5s...
[2025-12-19 22:39:35] 
[Loop #72] Scanning for unread STQ mails...
[2025-12-19 22:39:35] Scan stats => checked:1 matched:0 | skipped: read=0 sender=0 no_stq=1
[2025-12-19 22:39:35] No matching unread STQ found. Sleeping 5s...
[2025-12-19 22:39:40] 
[Loop #73] Scanning for unread STQ mails...
[2025-12-19 22:39:40] Scan stats => checked:1 matched:0 | skipped: read=0 sender=0 no_stq=1
[2025-12-19 22:39:40] No matching unread STQ found. Sleeping 5s...
[2025-12-19 22:39:45] 
[Loop #74] Scanning for unread STQ mails...
[2025-12-19 22:39:45] Scan stats => checked:1 matched:0 | skipped: read=0 sender=0 no_stq=1
[2025-12-19 22:39:45] No matching unread STQ found. Sleeping 5s...
[2025-12-19 22:39:50] 
[Loop #75] Scanning for unread STQ mails...
[2025-12-19 22:39:50] Scan stats => checked:1 matched:0 | skipped: read=0 sender=0 no_stq=1
[2025-12-19 22:39:50] No matching unread STQ found. Sleeping 5s...
[2025-12-19 22:39:55] 
[Loop #76] Scanning for unread STQ mails...
[2025-12-19 22:39:55] Scan stats => checked:1 matched:0 | skipped: read=0 sender=0 no_stq=1
[2025-12-19 22:39:55] No matching unread STQ found. Sleeping 5s...
[2025-12-19 22:40:00] 
[Loop #77] Scanning for unread STQ mails...
[2025-12-19 22:40:01] Scan stats => checked:1 matched:0 | skipped: read=0 sender=0 no_stq=1
[2025-12-19 22:40:01] No matching unread STQ found. Sleeping 5s...
[2025-12-19 22:40:06] 
[Loop #78] Scanning for unread STQ mails...
[2025-12-19 22:40:06] Scan stats => checked:1 matched:0 | skipped: read=0 sender=0 no_stq=1
[2025-12-19 22:40:06] No matching unread STQ found. Sleeping 5s...
[2025-12-19 22:40:11] 
[Loop #79] Scanning for unread STQ mails...
[2025-12-19 22:40:11] Scan stats => checked:1 matched:0 | skipped: read=0 sender=0 no_stq=1
[2025-12-19 22:40:11] No matching unread STQ found. Sleeping 5s...
[2025-12-19 22:40:16] 
[Loop #80] Scanning for unread STQ mails...
[2025-12-19 22:40:16] Scan stats => checked:1 matched:0 | skipped: read=0 sender=0 no_stq=1
[2025-12-19 22:40:16] No matching unread STQ found. Sleeping 5s...
[2025-12-19 22:40:21] 
[Loop #81] Scanning for unread STQ mails...
[2025-12-19 22:40:21] Scan stats => checked:1 matched:0 | skipped: read=0 sender=0 no_stq=1
[2025-12-19 22:40:21] No matching unread STQ found. Sleeping 5s...
[2025-12-19 22:40:26] 
[Loop #82] Scanning for unread STQ mails...
[2025-12-19 22:40:26] Scan stats => checked:1 matched:0 | skipped: read=0 sender=0 no_stq=1
[2025-12-19 22:40:26] No matching unread STQ found. Sleeping 5s...
[2025-12-19 22:40:31] 
[Loop #83] Scanning for unread STQ mails...
[2025-12-19 22:40:31] Scan stats => checked:1 matched:0 | skipped: read=0 sender=0 no_stq=1
[2025-12-19 22:40:31] No matching unread STQ found. Sleeping 5s...
[2025-12-19 22:40:36] 
[Loop #84] Scanning for unread STQ mails...
[2025-12-19 22:40:36] Scan stats => checked:1 matched:0 | skipped: read=0 sender=0 no_stq=1
[2025-12-19 22:40:36] No matching unread STQ found. Sleeping 5s...
[2025-12-19 22:40:41] 
[Loop #85] Scanning for unread STQ mails...
[2025-12-19 22:40:41] Scan stats => checked:1 matched:0 | skipped: read=0 sender=0 no_stq=1
[2025-12-19 22:40:41] No matching unread STQ found. Sleeping 5s...
[2025-12-19 22:40:46] 
[Loop #86] Scanning for unread STQ mails...
[2025-12-19 22:40:46] Scan stats => checked:1 matched:0 | skipped: read=0 sender=0 no_stq=1
[2025-12-19 22:40:46] No matching unread STQ found. Sleeping 5s...
[2025-12-19 22:40:51] 
[Loop #87] Scanning for unread STQ mails...
[2025-12-19 22:40:51] Scan stats => checked:1 matched:0 | skipped: read=0 sender=0 no_stq=1
[2025-12-19 22:40:51] No matching unread STQ found. Sleeping 5s...
[2025-12-19 22:40:56] 
[Loop #88] Scanning for unread STQ mails...
[2025-12-19 22:40:56] Scan stats => checked:1 matched:0 | skipped: read=0 sender=0 no_stq=1
[2025-12-19 22:40:56] No matching unread STQ found. Sleeping 5s...
[2025-12-19 22:41:01] 
[Loop #89] Scanning for unread STQ mails...
[2025-12-19 22:41:01] Scan stats => checked:1 matched:0 | skipped: read=0 sender=0 no_stq=1
[2025-12-19 22:41:01] No matching unread STQ found. Sleeping 5s...
[2025-12-19 22:41:06] 
[Loop #90] Scanning for unread STQ mails...
[2025-12-19 22:41:06] Scan stats => checked:1 matched:0 | skipped: read=0 sender=0 no_stq=1
[2025-12-19 22:41:06] No matching unread STQ found. Sleeping 5s...
[2025-12-19 22:41:11] 
[Loop #91] Scanning for unread STQ mails...
[2025-12-19 22:41:11] Scan stats => checked:1 matched:0 | skipped: read=0 sender=0 no_stq=1
[2025-12-19 22:41:11] No matching unread STQ found. Sleeping 5s...
[2025-12-19 22:41:16] 
[Loop #92] Scanning for unread STQ mails...
[2025-12-19 22:41:16] Scan stats => checked:1 matched:0 | skipped: read=0 sender=0 no_stq=1
[2025-12-19 22:41:16] No matching unread STQ found. Sleeping 5s...
[2025-12-19 22:41:21] 
[Loop #93] Scanning for unread STQ mails...
[2025-12-19 22:41:21] Scan stats => checked:1 matched:0 | skipped: read=0 sender=0 no_stq=1
[2025-12-19 22:41:21] No matching unread STQ found. Sleeping 5s...
[2025-12-19 22:41:26] 
[Loop #94] Scanning for unread STQ mails...
[2025-12-19 22:41:26] Scan stats => checked:1 matched:0 | skipped: read=0 sender=0 no_stq=1
[2025-12-19 22:41:26] No matching unread STQ found. Sleeping 5s...
[2025-12-19 22:41:31] 
[Loop #95] Scanning for unread STQ mails...
[2025-12-19 22:41:31] Scan stats => checked:1 matched:0 | skipped: read=0 sender=0 no_stq=1
[2025-12-19 22:41:31] No matching unread STQ found. Sleeping 5s...
[2025-12-19 22:41:36] 
[Loop #96] Scanning for unread STQ mails...
[2025-12-19 22:41:36] Scan stats => checked:1 matched:0 | skipped: read=0 sender=0 no_stq=1
[2025-12-19 22:41:36] No matching unread STQ found. Sleeping 5s...
[2025-12-19 22:41:41] 
[Loop #97] Scanning for unread STQ mails...
[2025-12-19 22:41:41] Scan stats => checked:1 matched:0 | skipped: read=0 sender=0 no_stq=1
[2025-12-19 22:41:41] No matching unread STQ found. Sleeping 5s...
[2025-12-19 22:41:46] 
[Loop #98] Scanning for unread STQ mails...
[2025-12-19 22:41:46] Scan stats => checked:1 matched:0 | skipped: read=0 sender=0 no_stq=1
[2025-12-19 22:41:46] No matching unread STQ found. Sleeping 5s...
[2025-12-19 22:41:51] 
[Loop #99] Scanning for unread STQ mails...
[2025-12-19 22:41:51] Scan stats => checked:1 matched:0 | skipped: read=0 sender=0 no_stq=1
[2025-12-19 22:41:51] No matching unread STQ found. Sleeping 5s...
[2025-12-19 22:41:56] 
[Loop #100] Scanning for unread STQ mails...
[2025-12-19 22:41:56] Scan stats => checked:1 matched:0 | skipped: read=0 sender=0 no_stq=1
[2025-12-19 22:41:56] No matching unread STQ found. Sleeping 5s...
[2025-12-19 22:42:01] 
[Loop #101] Scanning for unread STQ mails...
[2025-12-19 22:42:01] Scan stats => checked:1 matched:0 | skipped: read=0 sender=0 no_stq=1
[2025-12-19 22:42:01] No matching unread STQ found. Sleeping 5s...
[2025-12-19 22:42:06] 
[Loop #102] Scanning for unread STQ mails...
[2025-12-19 22:42:06] Scan stats => checked:1 matched:0 | skipped: read=0 sender=0 no_stq=1
[2025-12-19 22:42:06] No matching unread STQ found. Sleeping 5s...
[2025-12-19 22:42:11] 
[Loop #103] Scanning for unread STQ mails...
[2025-12-19 22:42:11] Scan stats => checked:1 matched:0 | skipped: read=0 sender=0 no_stq=1
[2025-12-19 22:42:11] No matching unread STQ found. Sleeping 5s...
[2025-12-19 22:42:16] 
[Loop #104] Scanning for unread STQ mails...
[2025-12-19 22:42:16] Scan stats => checked:1 matched:0 | skipped: read=0 sender=0 no_stq=1
[2025-12-19 22:42:16] No matching unread STQ found. Sleeping 5s...
[2025-12-19 22:42:21] 
[Loop #105] Scanning for unread STQ mails...
[2025-12-19 22:42:21] Scan stats => checked:1 matched:0 | skipped: read=0 sender=0 no_stq=1
[2025-12-19 22:42:21] No matching unread STQ found. Sleeping 5s...
[2025-12-19 22:42:26] 
[Loop #106] Scanning for unread STQ mails...
[2025-12-19 22:42:26] Scan stats => checked:1 matched:0 | skipped: read=0 sender=0 no_stq=1
[2025-12-19 22:42:26] No matching unread STQ found. Sleeping 5s...
[2025-12-19 22:42:31] 
[Loop #107] Scanning for unread STQ mails...
[2025-12-19 22:42:31] Scan stats => checked:1 matched:0 | skipped: read=0 sender=0 no_stq=1
[2025-12-19 22:42:31] No matching unread STQ found. Sleeping 5s...
[2025-12-19 22:42:36] 
[Loop #108] Scanning for unread STQ mails...
[2025-12-19 22:42:36] Scan stats => checked:1 matched:0 | skipped: read=0 sender=0 no_stq=1
[2025-12-19 22:42:36] No matching unread STQ found. Sleeping 5s...
[2025-12-19 22:42:41] 
[Loop #109] Scanning for unread STQ mails...
[2025-12-19 22:42:41] Scan stats => checked:1 matched:0 | skipped: read=0 sender=0 no_stq=1
[2025-12-19 22:42:41] No matching unread STQ found. Sleeping 5s...
[2025-12-19 22:42:46] 
[Loop #110] Scanning for unread STQ mails...
[2025-12-19 22:42:46] Scan stats => checked:1 matched:0 | skipped: read=0 sender=0 no_stq=1
[2025-12-19 22:42:46] No matching unread STQ found. Sleeping 5s...
[2025-12-19 22:42:51] 
[Loop #111] Scanning for unread STQ mails...
[2025-12-19 22:42:51] Scan stats => checked:1 matched:0 | skipped: read=0 sender=0 no_stq=1
[2025-12-19 22:42:51] No matching unread STQ found. Sleeping 5s...
[2025-12-19 22:42:56] 
[Loop #112] Scanning for unread STQ mails...
[2025-12-19 22:42:56] Scan stats => checked:1 matched:0 | skipped: read=0 sender=0 no_stq=1
[2025-12-19 22:42:56] No matching unread STQ found. Sleeping 5s...
[2025-12-19 22:43:01] 
[Loop #113] Scanning for unread STQ mails...
[2025-12-19 22:43:01] Scan stats => checked:1 matched:0 | skipped: read=0 sender=0 no_stq=1
[2025-12-19 22:43:01] No matching unread STQ found. Sleeping 5s...
[2025-12-19 22:43:06] 
[Loop #114] Scanning for unread STQ mails...
[2025-12-19 22:43:06] Scan stats => checked:1 matched:0 | skipped: read=0 sender=0 no_stq=1
[2025-12-19 22:43:06] No matching unread STQ found. Sleeping 5s...
[2025-12-19 22:43:11] 
[Loop #115] Scanning for unread STQ mails...
[2025-12-19 22:43:11] Scan stats => checked:1 matched:0 | skipped: read=0 sender=0 no_stq=1
[2025-12-19 22:43:11] No matching unread STQ found. Sleeping 5s...
[2025-12-19 22:43:16] 
[Loop #116] Scanning for unread STQ mails...
[2025-12-19 22:43:16] Scan stats => checked:1 matched:0 | skipped: read=0 sender=0 no_stq=1
[2025-12-19 22:43:16] No matching unread STQ found. Sleeping 5s...
[2025-12-19 22:43:21] 
[Loop #117] Scanning for unread STQ mails...
[2025-12-19 22:43:21] Scan stats => checked:1 matched:0 | skipped: read=0 sender=0 no_stq=1
[2025-12-19 22:43:21] No matching unread STQ found. Sleeping 5s...
[2025-12-19 22:43:26] 
[Loop #118] Scanning for unread STQ mails...
[2025-12-19 22:43:26] Scan stats => checked:1 matched:0 | skipped: read=0 sender=0 no_stq=1
[2025-12-19 22:43:26] No matching unread STQ found. Sleeping 5s...
[2025-12-19 22:43:31] 
[Loop #119] Scanning for unread STQ mails...
[2025-12-19 22:43:32] Scan stats => checked:1 matched:0 | skipped: read=0 sender=0 no_stq=1
[2025-12-19 22:43:32] No matching unread STQ found. Sleeping 5s...
[2025-12-19 22:43:37] 
[Loop #120] Scanning for unread STQ mails...
[2025-12-19 22:43:37] Scan stats => checked:1 matched:0 | skipped: read=0 sender=0 no_stq=1
[2025-12-19 22:43:37] No matching unread STQ found. Sleeping 5s...
[2025-12-19 22:43:42] 
[Loop #121] Scanning for unread STQ mails...
[2025-12-19 22:43:42] Scan stats => checked:1 matched:0 | skipped: read=0 sender=0 no_stq=1
[2025-12-19 22:43:42] No matching unread STQ found. Sleeping 5s...
[2025-12-19 22:43:47] 
[Loop #122] Scanning for unread STQ mails...
[2025-12-19 22:43:47] Scan stats => checked:1 matched:0 | skipped: read=0 sender=0 no_stq=1
[2025-12-19 22:43:47] No matching unread STQ found. Sleeping 5s...
[2025-12-19 22:43:52] 
[Loop #123] Scanning for unread STQ mails...
[2025-12-19 22:43:52] Scan stats => checked:1 matched:0 | skipped: read=0 sender=0 no_stq=1
[2025-12-19 22:43:52] No matching unread STQ found. Sleeping 5s...
[2025-12-19 22:43:57] 
[Loop #124] Scanning for unread STQ mails...
[2025-12-19 22:43:57] Scan stats => checked:1 matched:0 | skipped: read=0 sender=0 no_stq=1
[2025-12-19 22:43:57] No matching unread STQ found. Sleeping 5s...
[2025-12-19 22:44:02] 
[Loop #125] Scanning for unread STQ mails...
[2025-12-19 22:44:02] Scan stats => checked:1 matched:0 | skipped: read=0 sender=0 no_stq=1
[2025-12-19 22:44:02] No matching unread STQ found. Sleeping 5s...
[2025-12-19 22:44:07] 
[Loop #126] Scanning for unread STQ mails...
[2025-12-19 22:44:07] Scan stats => checked:1 matched:0 | skipped: read=0 sender=0 no_stq=1
[2025-12-19 22:44:07] No matching unread STQ found. Sleeping 5s...
[2025-12-19 22:44:12] 
[Loop #127] Scanning for unread STQ mails...
[2025-12-19 22:44:12] Scan stats => checked:1 matched:0 | skipped: read=0 sender=0 no_stq=1
[2025-12-19 22:44:12] No matching unread STQ found. Sleeping 5s...
[2025-12-19 22:44:17] 
[Loop #128] Scanning for unread STQ mails...
[2025-12-19 22:44:17] Scan stats => checked:1 matched:0 | skipped: read=0 sender=0 no_stq=1
[2025-12-19 22:44:17] No matching unread STQ found. Sleeping 5s...
[2025-12-19 22:44:22] 
[Loop #129] Scanning for unread STQ mails...
[2025-12-19 22:44:22] Scan stats => checked:1 matched:0 | skipped: read=0 sender=0 no_stq=1
[2025-12-19 22:44:22] No matching unread STQ found. Sleeping 5s...
[2025-12-19 22:44:27] 
[Loop #130] Scanning for unread STQ mails...
[2025-12-19 22:44:27] Scan stats => checked:1 matched:0 | skipped: read=0 sender=0 no_stq=1
[2025-12-19 22:44:27] No matching unread STQ found. Sleeping 5s...
[2025-12-19 22:44:32] 
[Loop #131] Scanning for unread STQ mails...
[2025-12-19 22:44:32] Scan stats => checked:1 matched:0 | skipped: read=0 sender=0 no_stq=1
[2025-12-19 22:44:32] No matching unread STQ found. Sleeping 5s...
[2025-12-19 22:44:37] 
[Loop #132] Scanning for unread STQ mails...
[2025-12-19 22:44:37] Scan stats => checked:1 matched:0 | skipped: read=0 sender=0 no_stq=1
[2025-12-19 22:44:37] No matching unread STQ found. Sleeping 5s...
[2025-12-19 22:44:42] 
[Loop #133] Scanning for unread STQ mails...
[2025-12-19 22:44:42] Scan stats => checked:1 matched:0 | skipped: read=0 sender=0 no_stq=1
[2025-12-19 22:44:42] No matching unread STQ found. Sleeping 5s...
[2025-12-19 22:44:47] 
[Loop #134] Scanning for unread STQ mails...
[2025-12-19 22:44:47] Scan stats => checked:1 matched:0 | skipped: read=0 sender=0 no_stq=1
[2025-12-19 22:44:47] No matching unread STQ found. Sleeping 5s...
[2025-12-19 22:44:52] 
[Loop #135] Scanning for unread STQ mails...
[2025-12-19 22:44:52] Scan stats => checked:1 matched:0 | skipped: read=0 sender=0 no_stq=1
[2025-12-19 22:44:52] No matching unread STQ found. Sleeping 5s...
[2025-12-19 22:44:57] 
[Loop #136] Scanning for unread STQ mails...
[2025-12-19 22:44:57] Scan stats => checked:1 matched:0 | skipped: read=0 sender=0 no_stq=1
[2025-12-19 22:44:57] No matching unread STQ found. Sleeping 5s...
[2025-12-19 22:45:02] 
[Loop #137] Scanning for unread STQ mails...
[2025-12-19 22:45:02] Scan stats => checked:1 matched:0 | skipped: read=0 sender=0 no_stq=1
[2025-12-19 22:45:02] No matching unread STQ found. Sleeping 5s...
[2025-12-19 22:45:07] 
[Loop #138] Scanning for unread STQ mails...
[2025-12-19 22:45:07] Scan stats => checked:1 matched:0 | skipped: read=0 sender=0 no_stq=1
[2025-12-19 22:45:07] No matching unread STQ found. Sleeping 5s...
[2025-12-19 22:45:12] 
[Loop #139] Scanning for unread STQ mails...
[2025-12-19 22:45:12] Scan stats => checked:1 matched:0 | skipped: read=0 sender=0 no_stq=1
[2025-12-19 22:45:12] No matching unread STQ found. Sleeping 5s...
[2025-12-19 22:45:17] 
[Loop #140] Scanning for unread STQ mails...
[2025-12-19 22:45:17] Scan stats => checked:1 matched:0 | skipped: read=0 sender=0 no_stq=1
[2025-12-19 22:45:17] No matching unread STQ found. Sleeping 5s...
[2025-12-19 22:45:22] 
[Loop #141] Scanning for unread STQ mails...
[2025-12-19 22:45:22] Scan stats => checked:1 matched:0 | skipped: read=0 sender=0 no_stq=1
[2025-12-19 22:45:22] No matching unread STQ found. Sleeping 5s...
[2025-12-19 22:45:27] 
[Loop #142] Scanning for unread STQ mails...
[2025-12-19 22:45:27] Scan stats => checked:1 matched:0 | skipped: read=0 sender=0 no_stq=1
[2025-12-19 22:45:27] No matching unread STQ found. Sleeping 5s...
[2025-12-19 22:45:32] 
[Loop #143] Scanning for unread STQ mails...
[2025-12-19 22:45:32] Scan stats => checked:1 matched:0 | skipped: read=0 sender=0 no_stq=1
[2025-12-19 22:45:32] No matching unread STQ found. Sleeping 5s...
[2025-12-19 22:45:37] 
[Loop #144] Scanning for unread STQ mails...
[2025-12-19 22:45:37] Scan stats => checked:1 matched:0 | skipped: read=0 sender=0 no_stq=1
[2025-12-19 22:45:37] No matching unread STQ found. Sleeping 5s...
[2025-12-19 22:45:42] 
[Loop #145] Scanning for unread STQ mails...
[2025-12-19 22:45:42] Scan stats => checked:1 matched:0 | skipped: read=0 sender=0 no_stq=1
[2025-12-19 22:45:42] No matching unread STQ found. Sleeping 5s...
[2025-12-19 22:45:47] 
[Loop #146] Scanning for unread STQ mails...
[2025-12-19 22:45:47] Scan stats => checked:1 matched:0 | skipped: read=0 sender=0 no_stq=1
[2025-12-19 22:45:47] No matching unread STQ found. Sleeping 5s...
[2025-12-19 22:45:52] 
[Loop #147] Scanning for unread STQ mails...
[2025-12-19 22:45:52] Scan stats => checked:1 matched:0 | skipped: read=0 sender=0 no_stq=1
[2025-12-19 22:45:52] No matching unread STQ found. Sleeping 5s...
[2025-12-19 22:45:57] 
[Loop #148] Scanning for unread STQ mails...
[2025-12-19 22:45:57] Scan stats => checked:1 matched:0 | skipped: read=0 sender=0 no_stq=1
[2025-12-19 22:45:57] No matching unread STQ found. Sleeping 5s...
[2025-12-19 22:46:02] 
[Loop #149] Scanning for unread STQ mails...
[2025-12-19 22:46:02] Scan stats => checked:1 matched:0 | skipped: read=0 sender=0 no_stq=1
[2025-12-19 22:46:02] No matching unread STQ found. Sleeping 5s...
[2025-12-19 22:46:07] 
[Loop #150] Scanning for unread STQ mails...
[2025-12-19 22:46:07] Scan stats => checked:1 matched:0 | skipped: read=0 sender=0 no_stq=1
[2025-12-19 22:46:07] No matching unread STQ found. Sleeping 5s...
[2025-12-19 22:46:12] 
[Loop #151] Scanning for unread STQ mails...
[2025-12-19 22:46:12] Scan stats => checked:1 matched:0 | skipped: read=0 sender=0 no_stq=1
[2025-12-19 22:46:12] No matching unread STQ found. Sleeping 5s...
[2025-12-19 22:46:17] 
[Loop #152] Scanning for unread STQ mails...
[2025-12-19 22:46:17] Scan stats => checked:1 matched:0 | skipped: read=0 sender=0 no_stq=1
[2025-12-19 22:46:17] No matching unread STQ found. Sleeping 5s...
[2025-12-19 22:46:22] 
[Loop #153] Scanning for unread STQ mails...
[2025-12-19 22:46:22] Scan stats => checked:1 matched:0 | skipped: read=0 sender=0 no_stq=1
[2025-12-19 22:46:22] No matching unread STQ found. Sleeping 5s...
[2025-12-19 22:46:27] 
[Loop #154] Scanning for unread STQ mails...
[2025-12-19 22:46:27] Scan stats => checked:1 matched:0 | skipped: read=0 sender=0 no_stq=1
[2025-12-19 22:46:27] No matching unread STQ found. Sleeping 5s...
[2025-12-19 22:46:32] 
[Loop #155] Scanning for unread STQ mails...
[2025-12-19 22:46:32] Scan stats => checked:1 matched:0 | skipped: read=0 sender=0 no_stq=1
[2025-12-19 22:46:32] No matching unread STQ found. Sleeping 5s...
[2025-12-19 22:46:37] 
[Loop #156] Scanning for unread STQ mails...
[2025-12-19 22:46:37] Scan stats => checked:1 matched:0 | skipped: read=0 sender=0 no_stq=1
[2025-12-19 22:46:37] No matching unread STQ found. Sleeping 5s...
[2025-12-19 22:46:42] 
[Loop #157] Scanning for unread STQ mails...
[2025-12-19 22:46:42] Scan stats => checked:1 matched:0 | skipped: read=0 sender=0 no_stq=1
[2025-12-19 22:46:42] No matching unread STQ found. Sleeping 5s...
[2025-12-19 22:46:47] 
[Loop #158] Scanning for unread STQ mails...
[2025-12-19 22:46:47] Scan stats => checked:1 matched:0 | skipped: read=0 sender=0 no_stq=1
[2025-12-19 22:46:47] No matching unread STQ found. Sleeping 5s...
[2025-12-19 22:46:52] 
[Loop #159] Scanning for unread STQ mails...
[2025-12-19 22:46:52] Scan stats => checked:1 matched:0 | skipped: read=0 sender=0 no_stq=1
[2025-12-19 22:46:52] No matching unread STQ found. Sleeping 5s...
[2025-12-19 22:46:57] 
[Loop #160] Scanning for unread STQ mails...
[2025-12-19 22:46:57] Scan stats => checked:1 matched:0 | skipped: read=0 sender=0 no_stq=1
[2025-12-19 22:46:57] No matching unread STQ found. Sleeping 5s...
[2025-12-19 22:47:02] 
[Loop #161] Scanning for unread STQ mails...
[2025-12-19 22:47:02] Scan stats => checked:1 matched:0 | skipped: read=0 sender=0 no_stq=1
[2025-12-19 22:47:02] No matching unread STQ found. Sleeping 5s...
[2025-12-19 22:47:07] 
[Loop #162] Scanning for unread STQ mails...
[2025-12-19 22:47:07] Scan stats => checked:1 matched:0 | skipped: read=0 sender=0 no_stq=1
[2025-12-19 22:47:07] No matching unread STQ found. Sleeping 5s...
[2025-12-19 22:47:12] 
[Loop #163] Scanning for unread STQ mails...
[2025-12-19 22:47:12] Scan stats => checked:1 matched:0 | skipped: read=0 sender=0 no_stq=1
[2025-12-19 22:47:12] No matching unread STQ found. Sleeping 5s...
[2025-12-19 22:47:17] 
[Loop #164] Scanning for unread STQ mails...
[2025-12-19 22:47:17] Scan stats => checked:1 matched:0 | skipped: read=0 sender=0 no_stq=1
[2025-12-19 22:47:17] No matching unread STQ found. Sleeping 5s...
[2025-12-19 22:47:22] 
[Loop #165] Scanning for unread STQ mails...
[2025-12-19 22:47:22] Scan stats => checked:1 matched:0 | skipped: read=0 sender=0 no_stq=1
[2025-12-19 22:47:22] No matching unread STQ found. Sleeping 5s...
[2025-12-19 22:47:27] 
[Loop #166] Scanning for unread STQ mails...
[2025-12-19 22:47:27] Scan stats => checked:1 matched:0 | skipped: read=0 sender=0 no_stq=1
[2025-12-19 22:47:27] No matching unread STQ found. Sleeping 5s...
[2025-12-19 22:47:32] 
[Loop #167] Scanning for unread STQ mails...
[2025-12-19 22:47:32] Scan stats => checked:1 matched:0 | skipped: read=0 sender=0 no_stq=1
[2025-12-19 22:47:32] No matching unread STQ found. Sleeping 5s...
[2025-12-19 22:47:37] 
[Loop #168] Scanning for unread STQ mails...
[2025-12-19 22:47:37] Scan stats => checked:1 matched:0 | skipped: read=0 sender=0 no_stq=1
[2025-12-19 22:47:37] No matching unread STQ found. Sleeping 5s...
[2025-12-19 22:47:42] 
[Loop #169] Scanning for unread STQ mails...
[2025-12-19 22:47:42] Scan stats => checked:1 matched:0 | skipped: read=0 sender=0 no_stq=1
[2025-12-19 22:47:42] No matching unread STQ found. Sleeping 5s...
[2025-12-19 22:47:47] 
[Loop #170] Scanning for unread STQ mails...
[2025-12-19 22:47:47] Scan stats => checked:1 matched:0 | skipped: read=0 sender=0 no_stq=1
[2025-12-19 22:47:47] No matching unread STQ found. Sleeping 5s...
[2025-12-19 22:47:52] 
[Loop #171] Scanning for unread STQ mails...
[2025-12-19 22:47:52] Scan stats => checked:1 matched:0 | skipped: read=0 sender=0 no_stq=1
[2025-12-19 22:47:52] No matching unread STQ found. Sleeping 5s...
[2025-12-19 22:47:57] 
[Loop #172] Scanning for unread STQ mails...
[2025-12-19 22:47:57] Scan stats => checked:1 matched:0 | skipped: read=0 sender=0 no_stq=1
[2025-12-19 22:47:57] No matching unread STQ found. Sleeping 5s...
[2025-12-19 22:48:02] 
[Loop #173] Scanning for unread STQ mails...
[2025-12-19 22:48:02] Scan stats => checked:1 matched:0 | skipped: read=0 sender=0 no_stq=1
[2025-12-19 22:48:02] No matching unread STQ found. Sleeping 5s...
[2025-12-19 22:48:07] 
[Loop #174] Scanning for unread STQ mails...
[2025-12-19 22:48:07] Scan stats => checked:1 matched:0 | skipped: read=0 sender=0 no_stq=1
[2025-12-19 22:48:07] No matching unread STQ found. Sleeping 5s...
[2025-12-19 22:48:12] 
[Loop #175] Scanning for unread STQ mails...
[2025-12-19 22:48:12] Scan stats => checked:1 matched:0 | skipped: read=0 sender=0 no_stq=1
[2025-12-19 22:48:12] No matching unread STQ found. Sleeping 5s...
[2025-12-19 22:48:17] 
[Loop #176] Scanning for unread STQ mails...
[2025-12-19 22:48:17] Scan stats => checked:1 matched:0 | skipped: read=0 sender=0 no_stq=1
[2025-12-19 22:48:17] No matching unread STQ found. Sleeping 5s...
[2025-12-19 22:48:22] 
[Loop #177] Scanning for unread STQ mails...
[2025-12-19 22:48:22] Scan stats => checked:1 matched:0 | skipped: read=0 sender=0 no_stq=1
[2025-12-19 22:48:22] No matching unread STQ found. Sleeping 5s...
[2025-12-19 22:48:27] 
[Loop #178] Scanning for unread STQ mails...
[2025-12-19 22:48:27] Scan stats => checked:1 matched:0 | skipped: read=0 sender=0 no_stq=1
[2025-12-19 22:48:27] No matching unread STQ found. Sleeping 5s...
[2025-12-19 22:48:32] 
[Loop #179] Scanning for unread STQ mails...
[2025-12-19 22:48:32] Scan stats => checked:1 matched:0 | skipped: read=0 sender=0 no_stq=1
[2025-12-19 22:48:32] No matching unread STQ found. Sleeping 5s...
[2025-12-19 22:48:37] 
[Loop #180] Scanning for unread STQ mails...
[2025-12-19 22:48:37] Scan stats => checked:1 matched:0 | skipped: read=0 sender=0 no_stq=1
[2025-12-19 22:48:37] No matching unread STQ found. Sleeping 5s...
[2025-12-19 22:48:42] 
[Loop #181] Scanning for unread STQ mails...
[2025-12-19 22:48:43] Scan stats => checked:1 matched:0 | skipped: read=0 sender=0 no_stq=1
[2025-12-19 22:48:43] No matching unread STQ found. Sleeping 5s...
[2025-12-19 22:48:48] 
[Loop #182] Scanning for unread STQ mails...
[2025-12-19 22:48:48] Scan stats => checked:1 matched:0 | skipped: read=0 sender=0 no_stq=1
[2025-12-19 22:48:48] No matching unread STQ found. Sleeping 5s...
[2025-12-19 22:48:53] 
[Loop #183] Scanning for unread STQ mails...
[2025-12-19 22:48:53] Scan stats => checked:1 matched:0 | skipped: read=0 sender=0 no_stq=1
[2025-12-19 22:48:53] No matching unread STQ found. Sleeping 5s...
[2025-12-19 22:48:58] 
[Loop #184] Scanning for unread STQ mails...
[2025-12-19 22:48:58] Scan stats => checked:1 matched:0 | skipped: read=0 sender=0 no_stq=1
[2025-12-19 22:48:58] No matching unread STQ found. Sleeping 5s...
[2025-12-19 22:49:03] 
[Loop #185] Scanning for unread STQ mails...
[2025-12-19 22:49:03] Scan stats => checked:1 matched:0 | skipped: read=0 sender=0 no_stq=1
[2025-12-19 22:49:03] No matching unread STQ found. Sleeping 5s...
[2025-12-19 22:49:08] 
[Loop #186] Scanning for unread STQ mails...
[2025-12-19 22:49:08] Scan stats => checked:1 matched:0 | skipped: read=0 sender=0 no_stq=1
[2025-12-19 22:49:08] No matching unread STQ found. Sleeping 5s...
[2025-12-19 22:49:13] 
[Loop #187] Scanning for unread STQ mails...
[2025-12-19 22:49:13] Scan stats => checked:1 matched:0 | skipped: read=0 sender=0 no_stq=1
[2025-12-19 22:49:13] No matching unread STQ found. Sleeping 5s...
[2025-12-19 22:49:18] 
[Loop #188] Scanning for unread STQ mails...
[2025-12-19 22:49:18] Scan stats => checked:1 matched:0 | skipped: read=0 sender=0 no_stq=1
[2025-12-19 22:49:18] No matching unread STQ found. Sleeping 5s...
[2025-12-19 22:49:23] 
[Loop #189] Scanning for unread STQ mails...
[2025-12-19 22:49:23] Scan stats => checked:1 matched:0 | skipped: read=0 sender=0 no_stq=1
[2025-12-19 22:49:23] No matching unread STQ found. Sleeping 5s...
[2025-12-19 22:49:28] 
[Loop #190] Scanning for unread STQ mails...
[2025-12-19 22:49:28] Scan stats => checked:1 matched:0 | skipped: read=0 sender=0 no_stq=1
[2025-12-19 22:49:28] No matching unread STQ found. Sleeping 5s...
[2025-12-19 22:49:33] 
[Loop #191] Scanning for unread STQ mails...
[2025-12-19 22:49:33] Scan stats => checked:0 matched:0 | skipped: read=0 sender=0 no_stq=0
[2025-12-19 22:49:33] No matching unread STQ found. Sleeping 5s...
[2025-12-19 22:49:38] 
[Loop #192] Scanning for unread STQ mails...
[2025-12-19 22:49:38] Scan stats => checked:0 matched:0 | skipped: read=0 sender=0 no_stq=0
[2025-12-19 22:49:38] No matching unread STQ found. Sleeping 5s...
[2025-12-19 22:49:43] 
[Loop #193] Scanning for unread STQ mails...
[2025-12-19 22:49:43] Scan stats => checked:0 matched:0 | skipped: read=0 sender=0 no_stq=0
[2025-12-19 22:49:43] No matching unread STQ found. Sleeping 5s...
[2025-12-19 22:49:48] 
[Loop #194] Scanning for unread STQ mails...
[2025-12-19 22:49:48] Scan stats => checked:0 matched:0 | skipped: read=0 sender=0 no_stq=0
[2025-12-19 22:49:48] No matching unread STQ found. Sleeping 5s...
[2025-12-19 22:49:53] 
[Loop #195] Scanning for unread STQ mails...
[2025-12-19 22:49:53] Scan stats => checked:0 matched:0 | skipped: read=0 sender=0 no_stq=0
[2025-12-19 22:49:53] No matching unread STQ found. Sleeping 5s...
[2025-12-19 22:49:58] 
[Loop #196] Scanning for unread STQ mails...
[2025-12-19 22:49:58] Scan stats => checked:0 matched:0 | skipped: read=0 sender=0 no_stq=0
[2025-12-19 22:49:58] No matching unread STQ found. Sleeping 5s...
[2025-12-19 22:50:03] 
[Loop #197] Scanning for unread STQ mails...
[2025-12-19 22:50:03] Scan stats => checked:0 matched:0 | skipped: read=0 sender=0 no_stq=0
[2025-12-19 22:50:03] No matching unread STQ found. Sleeping 5s...
[2025-12-19 22:50:08] 
[Loop #198] Scanning for unread STQ mails...
[2025-12-19 22:50:08] Scan stats => checked:0 matched:0 | skipped: read=0 sender=0 no_stq=0
[2025-12-19 22:50:08] No matching unread STQ found. Sleeping 5s...
[2025-12-19 22:50:13] 
[Loop #199] Scanning for unread STQ mails...
[2025-12-19 22:50:13] Scan stats => checked:0 matched:0 | skipped: read=0 sender=0 no_stq=0
[2025-12-19 22:50:13] No matching unread STQ found. Sleeping 5s...
[2025-12-19 22:50:18] 
[Loop #200] Scanning for unread STQ mails...
[2025-12-19 22:50:18] Scan stats => checked:0 matched:0 | skipped: read=0 sender=0 no_stq=0
[2025-12-19 22:50:18] No matching unread STQ found. Sleeping 5s...
[2025-12-19 22:50:23] 
[Loop #201] Scanning for unread STQ mails...
[2025-12-19 22:50:23] Scan stats => checked:0 matched:0 | skipped: read=0 sender=0 no_stq=0
[2025-12-19 22:50:23] No matching unread STQ found. Sleeping 5s...
[2025-12-19 22:50:28] 
[Loop #202] Scanning for unread STQ mails...
[2025-12-19 22:50:28] Scan stats => checked:0 matched:0 | skipped: read=0 sender=0 no_stq=0
[2025-12-19 22:50:28] No matching unread STQ found. Sleeping 5s...
[2025-12-19 22:50:33] 
[Loop #203] Scanning for unread STQ mails...
[2025-12-19 22:50:33] Scan stats => checked:0 matched:0 | skipped: read=0 sender=0 no_stq=0
[2025-12-19 22:50:33] No matching unread STQ found. Sleeping 5s...
[2025-12-19 22:50:38] 
[Loop #204] Scanning for unread STQ mails...
[2025-12-19 22:50:38] Scan stats => checked:0 matched:0 | skipped: read=0 sender=0 no_stq=0
[2025-12-19 22:50:38] No matching unread STQ found. Sleeping 5s...
[2025-12-19 22:50:43] 
[Loop #205] Scanning for unread STQ mails...
[2025-12-19 22:50:43] Scan stats => checked:0 matched:0 | skipped: read=0 sender=0 no_stq=0
[2025-12-19 22:50:43] No matching unread STQ found. Sleeping 5s...
[2025-12-19 22:50:48] 
[Loop #206] Scanning for unread STQ mails...
[2025-12-19 22:50:48] Scan stats => checked:0 matched:0 | skipped: read=0 sender=0 no_stq=0
[2025-12-19 22:50:48] No matching unread STQ found. Sleeping 5s...
[2025-12-19 22:50:53] 
[Loop #207] Scanning for unread STQ mails...
[2025-12-19 22:50:53] Scan stats => checked:0 matched:0 | skipped: read=0 sender=0 no_stq=0
[2025-12-19 22:50:53] No matching unread STQ found. Sleeping 5s...
[2025-12-19 22:50:58] 
[Loop #208] Scanning for unread STQ mails...
[2025-12-19 22:50:58] Scan stats => checked:0 matched:0 | skipped: read=0 sender=0 no_stq=0
[2025-12-19 22:50:58] No matching unread STQ found. Sleeping 5s...
[2025-12-19 22:51:03] 
[Loop #209] Scanning for unread STQ mails...
[2025-12-19 22:51:03] Scan stats => checked:0 matched:0 | skipped: read=0 sender=0 no_stq=0
[2025-12-19 22:51:03] No matching unread STQ found. Sleeping 5s...
[2025-12-19 22:51:08] 
[Loop #210] Scanning for unread STQ mails...
[2025-12-19 22:51:08] Scan stats => checked:0 matched:0 | skipped: read=0 sender=0 no_stq=0
[2025-12-19 22:51:08] No matching unread STQ found. Sleeping 5s...
[2025-12-19 22:51:13] 
[Loop #211] Scanning for unread STQ mails...
[2025-12-19 22:51:13] Scan stats => checked:0 matched:0 | skipped: read=0 sender=0 no_stq=0
[2025-12-19 22:51:13] No matching unread STQ found. Sleeping 5s...
[2025-12-19 22:51:18] 
[Loop #212] Scanning for unread STQ mails...
[2025-12-19 22:51:18] Scan stats => checked:0 matched:0 | skipped: read=0 sender=0 no_stq=0
[2025-12-19 22:51:18] No matching unread STQ found. Sleeping 5s...
[2025-12-19 22:51:23] 
[Loop #213] Scanning for unread STQ mails...
[2025-12-19 22:51:23] Scan stats => checked:0 matched:0 | skipped: read=0 sender=0 no_stq=0
[2025-12-19 22:51:23] No matching unread STQ found. Sleeping 5s...
[2025-12-19 22:51:28] 
[Loop #214] Scanning for unread STQ mails...
[2025-12-19 22:51:28] Scan stats => checked:0 matched:0 | skipped: read=0 sender=0 no_stq=0
[2025-12-19 22:51:28] No matching unread STQ found. Sleeping 5s...
[2025-12-19 22:51:33] 
[Loop #215] Scanning for unread STQ mails...
[2025-12-19 22:51:33] Scan stats => checked:0 matched:0 | skipped: read=0 sender=0 no_stq=0
[2025-12-19 22:51:33] No matching unread STQ found. Sleeping 5s...
[2025-12-19 22:51:38] 
[Loop #216] Scanning for unread STQ mails...
[2025-12-19 22:51:38] Scan stats => checked:0 matched:0 | skipped: read=0 sender=0 no_stq=0
[2025-12-19 22:51:38] No matching unread STQ found. Sleeping 5s...
[2025-12-19 22:51:43] 
[Loop #217] Scanning for unread STQ mails...
[2025-12-19 22:51:43] Scan stats => checked:0 matched:0 | skipped: read=0 sender=0 no_stq=0
[2025-12-19 22:51:43] No matching unread STQ found. Sleeping 5s...
[2025-12-19 22:51:48] 
[Loop #218] Scanning for unread STQ mails...
[2025-12-19 22:51:48] Scan stats => checked:0 matched:0 | skipped: read=0 sender=0 no_stq=0
[2025-12-19 22:51:48] No matching unread STQ found. Sleeping 5s...
[2025-12-19 22:51:53] 
[Loop #219] Scanning for unread STQ mails...
[2025-12-19 22:51:53] Scan stats => checked:0 matched:0 | skipped: read=0 sender=0 no_stq=0
[2025-12-19 22:51:53] No matching unread STQ found. Sleeping 5s...
[2025-12-19 22:51:58] 
[Loop #220] Scanning for unread STQ mails...
[2025-12-19 22:51:58] Scan stats => checked:0 matched:0 | skipped: read=0 sender=0 no_stq=0
[2025-12-19 22:51:58] No matching unread STQ found. Sleeping 5s...
[2025-12-19 22:52:03] 
[Loop #221] Scanning for unread STQ mails...
[2025-12-19 22:52:03] Scan stats => checked:0 matched:0 | skipped: read=0 sender=0 no_stq=0
[2025-12-19 22:52:03] No matching unread STQ found. Sleeping 5s...
[2025-12-19 22:52:08] 
[Loop #222] Scanning for unread STQ mails...
[2025-12-19 22:52:08] Scan stats => checked:0 matched:0 | skipped: read=0 sender=0 no_stq=0
[2025-12-19 22:52:08] No matching unread STQ found. Sleeping 5s...
[2025-12-19 22:52:13] 
[Loop #223] Scanning for unread STQ mails...
[2025-12-19 22:52:13] Scan stats => checked:0 matched:0 | skipped: read=0 sender=0 no_stq=0
[2025-12-19 22:52:13] No matching unread STQ found. Sleeping 5s...
[2025-12-19 22:52:18] 
[Loop #224] Scanning for unread STQ mails...
[2025-12-19 22:52:18] Scan stats => checked:0 matched:0 | skipped: read=0 sender=0 no_stq=0
[2025-12-19 22:52:18] No matching unread STQ found. Sleeping 5s...
[2025-12-19 22:52:23] 
[Loop #225] Scanning for unread STQ mails...
[2025-12-19 22:52:23] Scan stats => checked:0 matched:0 | skipped: read=0 sender=0 no_stq=0
[2025-12-19 22:52:23] No matching unread STQ found. Sleeping 5s...
[2025-12-19 22:52:28] 
[Loop #226] Scanning for unread STQ mails...
[2025-12-19 22:52:28] Scan stats => checked:0 matched:0 | skipped: read=0 sender=0 no_stq=0
[2025-12-19 22:52:28] No matching unread STQ found. Sleeping 5s...
[2025-12-19 22:52:33] 
[Loop #227] Scanning for unread STQ mails...
[2025-12-19 22:52:33] Scan stats => checked:0 matched:0 | skipped: read=0 sender=0 no_stq=0
[2025-12-19 22:52:33] No matching unread STQ found. Sleeping 5s...
[2025-12-19 22:52:38] 
[Loop #228] Scanning for unread STQ mails...
[2025-12-19 22:52:38] Scan stats => checked:0 matched:0 | skipped: read=0 sender=0 no_stq=0
[2025-12-19 22:52:38] No matching unread STQ found. Sleeping 5s...
[2025-12-19 22:52:43] 
[Loop #229] Scanning for unread STQ mails...
[2025-12-19 22:52:43] Scan stats => checked:0 matched:0 | skipped: read=0 sender=0 no_stq=0
[2025-12-19 22:52:43] No matching unread STQ found. Sleeping 5s...
[2025-12-19 22:52:48] 
[Loop #230] Scanning for unread STQ mails...
[2025-12-19 22:52:48] Scan stats => checked:0 matched:0 | skipped: read=0 sender=0 no_stq=0
[2025-12-19 22:52:48] No matching unread STQ found. Sleeping 5s...
[2025-12-19 22:52:53] 
[Loop #231] Scanning for unread STQ mails...
[2025-12-19 22:52:53] Scan stats => checked:0 matched:0 | skipped: read=0 sender=0 no_stq=0
[2025-12-19 22:52:53] No matching unread STQ found. Sleeping 5s...
[2025-12-19 22:52:58] 
[Loop #232] Scanning for unread STQ mails...
[2025-12-19 22:52:58] Scan stats => checked:0 matched:0 | skipped: read=0 sender=0 no_stq=0
[2025-12-19 22:52:58] No matching unread STQ found. Sleeping 5s...
[2025-12-19 22:53:03] 
[Loop #233] Scanning for unread STQ mails...
[2025-12-19 22:53:03] Scan stats => checked:0 matched:0 | skipped: read=0 sender=0 no_stq=0
[2025-12-19 22:53:03] No matching unread STQ found. Sleeping 5s...
[2025-12-19 22:53:08] 
[Loop #234] Scanning for unread STQ mails...
[2025-12-19 22:53:08] Scan stats => checked:0 matched:0 | skipped: read=0 sender=0 no_stq=0
[2025-12-19 22:53:08] No matching unread STQ found. Sleeping 5s...
[2025-12-19 22:53:13] 
[Loop #235] Scanning for unread STQ mails...
[2025-12-19 22:53:13] Scan stats => checked:0 matched:0 | skipped: read=0 sender=0 no_stq=0
[2025-12-19 22:53:13] No matching unread STQ found. Sleeping 5s...
[2025-12-19 22:53:18] 
[Loop #236] Scanning for unread STQ mails...
[2025-12-19 22:53:18] Scan stats => checked:0 matched:0 | skipped: read=0 sender=0 no_stq=0
[2025-12-19 22:53:18] No matching unread STQ found. Sleeping 5s...
[2025-12-19 22:53:23] 
[Loop #237] Scanning for unread STQ mails...
[2025-12-19 22:53:23] Scan stats => checked:0 matched:0 | skipped: read=0 sender=0 no_stq=0
[2025-12-19 22:53:23] No matching unread STQ found. Sleeping 5s...
[2025-12-19 22:53:28] 
[Loop #238] Scanning for unread STQ mails...
[2025-12-19 22:53:28] Scan stats => checked:0 matched:0 | skipped: read=0 sender=0 no_stq=0
[2025-12-19 22:53:28] No matching unread STQ found. Sleeping 5s...
[2025-12-19 22:53:33] 
[Loop #239] Scanning for unread STQ mails...
[2025-12-19 22:53:33] Scan stats => checked:0 matched:0 | skipped: read=0 sender=0 no_stq=0
[2025-12-19 22:53:33] No matching unread STQ found. Sleeping 5s...
[2025-12-19 22:53:38] 
[Loop #240] Scanning for unread STQ mails...
[2025-12-19 22:53:38] Scan stats => checked:0 matched:0 | skipped: read=0 sender=0 no_stq=0
[2025-12-19 22:53:38] No matching unread STQ found. Sleeping 5s...
[2025-12-19 22:53:43] 
[Loop #241] Scanning for unread STQ mails...
[2025-12-19 22:53:43] Scan stats => checked:0 matched:0 | skipped: read=0 sender=0 no_stq=0
[2025-12-19 22:53:43] No matching unread STQ found. Sleeping 5s...
[2025-12-19 22:53:48] 
[Loop #242] Scanning for unread STQ mails...
[2025-12-19 22:53:48] Scan stats => checked:0 matched:0 | skipped: read=0 sender=0 no_stq=0
[2025-12-19 22:53:48] No matching unread STQ found. Sleeping 5s...
[2025-12-19 22:53:53] 
[Loop #243] Scanning for unread STQ mails...
[2025-12-19 22:53:53] Scan stats => checked:0 matched:0 | skipped: read=0 sender=0 no_stq=0
[2025-12-19 22:53:53] No matching unread STQ found. Sleeping 5s...
[2025-12-19 22:53:58] 
[Loop #244] Scanning for unread STQ mails...
[2025-12-19 22:53:58] Scan stats => checked:0 matched:0 | skipped: read=0 sender=0 no_stq=0
[2025-12-19 22:53:58] No matching unread STQ found. Sleeping 5s...
[2025-12-19 22:54:03] 
[Loop #245] Scanning for unread STQ mails...
[2025-12-19 22:54:03] Scan stats => checked:0 matched:0 | skipped: read=0 sender=0 no_stq=0
[2025-12-19 22:54:03] No matching unread STQ found. Sleeping 5s...
[2025-12-19 22:54:08] 
[Loop #246] Scanning for unread STQ mails...
[2025-12-19 22:54:08] Scan stats => checked:0 matched:0 | skipped: read=0 sender=0 no_stq=0
[2025-12-19 22:54:08] No matching unread STQ found. Sleeping 5s...
[2025-12-19 22:54:13] 
[Loop #247] Scanning for unread STQ mails...
[2025-12-19 22:54:13] Scan stats => checked:0 matched:0 | skipped: read=0 sender=0 no_stq=0
[2025-12-19 22:54:13] No matching unread STQ found. Sleeping 5s...
[2025-12-19 22:54:18] 
[Loop #248] Scanning for unread STQ mails...
[2025-12-19 22:54:18] Scan stats => checked:0 matched:0 | skipped: read=0 sender=0 no_stq=0
[2025-12-19 22:54:18] No matching unread STQ found. Sleeping 5s...
[2025-12-19 22:54:23] 
[Loop #249] Scanning for unread STQ mails...
[2025-12-19 22:54:23] Scan stats => checked:0 matched:0 | skipped: read=0 sender=0 no_stq=0
[2025-12-19 22:54:23] No matching unread STQ found. Sleeping 5s...
[2025-12-19 22:54:28] 
[Loop #250] Scanning for unread STQ mails...
[2025-12-19 22:54:28] Scan stats => checked:0 matched:0 | skipped: read=0 sender=0 no_stq=0
[2025-12-19 22:54:28] No matching unread STQ found. Sleeping 5s...
[2025-12-19 22:54:34] === Proyapi STQ Internal Distributor started (v2.4) ===
[2025-12-19 22:54:34] 🔄 Connecting to Outlook...
[2025-12-19 22:54:34] ✅ Outlook connection established (attempt 1/3)
[2025-12-19 22:54:34] Watching: spp2dcc@kolin.com.tr / Inbox\From Proyapi
[2025-12-19 22:54:34] Sender filter: chuseyn@kolin.com.tr
[2025-12-19 22:54:34] Mode: display | Poll: 5s | Lookback: 7d | MaxScan:200
[2025-12-19 22:54:34] Allowed attachment exts: ['.xls', '.xlsm', '.xlsx']
[2025-12-19 22:54:34] Filter: ONLY UNREAD mails. Processed mail will be marked READ.
[2025-12-19 22:54:34] 
[Loop #1] Scanning for unread STQ mails...
[2025-12-19 22:54:34] Scan stats => checked:0 matched:0 | skipped: read=0 sender=0 no_stq=0
[2025-12-19 22:54:34] No matching unread STQ found. Sleeping 5s...
[2025-12-19 22:54:38] === Proyapi STQ Internal Distributor started (v2.4) ===
[2025-12-19 22:54:38] 🔄 Connecting to Outlook...
[2025-12-19 22:54:38] ✅ Outlook connection established (attempt 1/3)
[2025-12-19 22:54:38] Watching: spp2dcc@kolin.com.tr / Inbox\From Proyapi
[2025-12-19 22:54:38] Sender filter: chuseyn@kolin.com.tr
[2025-12-19 22:54:38] Mode: display | Poll: 5s | Lookback: 7d | MaxScan:200
[2025-12-19 22:54:38] Allowed attachment exts: ['.xls', '.xlsm', '.xlsx']
[2025-12-19 22:54:38] Filter: ONLY UNREAD mails. Processed mail will be marked READ.
[2025-12-19 22:54:38] 
[Loop #1] Scanning for unread STQ mails...
[2025-12-19 22:54:38] Scan stats => checked:0 matched:0 | skipped: read=0 sender=0 no_stq=0
[2025-12-19 22:54:38] No matching unread STQ found. Sleeping 5s...
[2025-12-19 22:54:43] 
[Loop #2] Scanning for unread STQ mails...
[2025-12-19 22:54:43] Scan stats => checked:0 matched:0 | skipped: read=0 sender=0 no_stq=0
[2025-12-19 22:54:43] No matching unread STQ found. Sleeping 5s...
[2025-12-19 22:54:48] 
[Loop #3] Scanning for unread STQ mails...
[2025-12-19 22:54:48] Scan stats => checked:0 matched:0 | skipped: read=0 sender=0 no_stq=0
[2025-12-19 22:54:48] No matching unread STQ found. Sleeping 5s...
[2025-12-19 22:54:53] 
[Loop #4] Scanning for unread STQ mails...
[2025-12-19 22:54:53] Scan stats => checked:0 matched:0 | skipped: read=0 sender=0 no_stq=0
[2025-12-19 22:54:53] No matching unread STQ found. Sleeping 5s...
[2025-12-19 22:54:58] 
[Loop #5] Scanning for unread STQ mails...
[2025-12-19 22:54:58] Scan stats => checked:0 matched:0 | skipped: read=0 sender=0 no_stq=0
[2025-12-19 22:54:58] No matching unread STQ found. Sleeping 5s...
[2025-12-19 22:55:03] 
[Loop #6] Scanning for unread STQ mails...
[2025-12-19 22:55:03] Scan stats => checked:0 matched:0 | skipped: read=0 sender=0 no_stq=0
[2025-12-19 22:55:03] No matching unread STQ found. Sleeping 5s...
[2025-12-19 22:55:08] 
[Loop #7] Scanning for unread STQ mails...
[2025-12-19 22:55:08] Scan stats => checked:0 matched:0 | skipped: read=0 sender=0 no_stq=0
[2025-12-19 22:55:08] No matching unread STQ found. Sleeping 5s...
[2025-12-19 22:55:13] 
[Loop #8] Scanning for unread STQ mails...
[2025-12-19 22:55:13] Scan stats => checked:0 matched:0 | skipped: read=0 sender=0 no_stq=0
[2025-12-19 22:55:13] No matching unread STQ found. Sleeping 5s...
[2025-12-19 22:55:18] 
[Loop #9] Scanning for unread STQ mails...
[2025-12-19 22:55:18] Scan stats => checked:0 matched:0 | skipped: read=0 sender=0 no_stq=0
[2025-12-19 22:55:18] No matching unread STQ found. Sleeping 5s...
[2025-12-19 22:55:23] 
[Loop #10] Scanning for unread STQ mails...
[2025-12-19 22:55:23] Scan stats => checked:0 matched:0 | skipped: read=0 sender=0 no_stq=0
[2025-12-19 22:55:23] No matching unread STQ found. Sleeping 5s...
[2025-12-19 22:55:28] 
[Loop #11] Scanning for unread STQ mails...
[2025-12-19 22:55:28] Scan stats => checked:0 matched:0 | skipped: read=0 sender=0 no_stq=0
[2025-12-19 22:55:28] No matching unread STQ found. Sleeping 5s...
[2025-12-19 22:55:33] 
[Loop #12] Scanning for unread STQ mails...
[2025-12-19 22:55:33] Scan stats => checked:0 matched:0 | skipped: read=0 sender=0 no_stq=0
[2025-12-19 22:55:33] No matching unread STQ found. Sleeping 5s...
[2025-12-19 22:55:38] 
[Loop #13] Scanning for unread STQ mails...
[2025-12-19 22:55:38] Scan stats => checked:0 matched:0 | skipped: read=0 sender=0 no_stq=0
[2025-12-19 22:55:38] No matching unread STQ found. Sleeping 5s...
[2025-12-19 22:55:43] 
[Loop #14] Scanning for unread STQ mails...
[2025-12-19 22:55:43] Scan stats => checked:0 matched:0 | skipped: read=0 sender=0 no_stq=0
[2025-12-19 22:55:43] No matching unread STQ found. Sleeping 5s...
[2025-12-19 22:55:48] 
[Loop #15] Scanning for unread STQ mails...
[2025-12-19 22:55:48] Scan stats => checked:0 matched:0 | skipped: read=0 sender=0 no_stq=0
[2025-12-19 22:55:48] No matching unread STQ found. Sleeping 5s...
[2025-12-19 22:55:53] 
[Loop #16] Scanning for unread STQ mails...
[2025-12-19 22:55:53] Scan stats => checked:0 matched:0 | skipped: read=0 sender=0 no_stq=0
[2025-12-19 22:55:53] No matching unread STQ found. Sleeping 5s...
[2025-12-19 22:55:58] 
[Loop #17] Scanning for unread STQ mails...
[2025-12-19 22:55:58] Scan stats => checked:0 matched:0 | skipped: read=0 sender=0 no_stq=0
[2025-12-19 22:55:58] No matching unread STQ found. Sleeping 5s...
[2025-12-19 22:56:03] 
[Loop #18] Scanning for unread STQ mails...
[2025-12-19 22:56:03] Scan stats => checked:1 matched:0 | skipped: read=0 sender=0 no_stq=1
[2025-12-19 22:56:03] No matching unread STQ found. Sleeping 5s...
[2025-12-19 22:56:08] 
[Loop #19] Scanning for unread STQ mails...
[2025-12-19 22:56:08] Scan stats => checked:1 matched:0 | skipped: read=0 sender=0 no_stq=1
[2025-12-19 22:56:08] No matching unread STQ found. Sleeping 5s...
[2025-12-19 22:56:13] 
[Loop #20] Scanning for unread STQ mails...
[2025-12-19 22:56:13] Scan stats => checked:1 matched:0 | skipped: read=0 sender=0 no_stq=1
[2025-12-19 22:56:13] No matching unread STQ found. Sleeping 5s...
[2025-12-19 22:56:17] === Proyapi STQ Internal Distributor started (v2.4) ===
[2025-12-19 22:56:17] 🔄 Connecting to Outlook...
[2025-12-19 22:56:17] ✅ Outlook connection established (attempt 1/3)
[2025-12-19 22:56:17] Watching: spp2dcc@kolin.com.tr / Inbox\From Proyapi
[2025-12-19 22:56:17] Sender filter: chuseyn@kolin.com.tr
[2025-12-19 22:56:17] Mode: display | Poll: 5s | Lookback: 7d | MaxScan:200
[2025-12-19 22:56:17] Allowed attachment exts: ['.xls', '.xlsm', '.xlsx']
[2025-12-19 22:56:17] Filter: ONLY UNREAD mails. Processed mail will be marked READ.
[2025-12-19 22:56:17] 
[Loop #1] Scanning for unread STQ mails...
[2025-12-19 22:56:17] Scan stats => checked:1 matched:0 | skipped: read=0 sender=0 no_stq=1
[2025-12-19 22:56:17] No matching unread STQ found. Sleeping 5s...
[2025-12-19 22:56:22] 
[Loop #2] Scanning for unread STQ mails...
[2025-12-19 22:56:22] Scan stats => checked:1 matched:0 | skipped: read=0 sender=0 no_stq=1
[2025-12-19 22:56:22] No matching unread STQ found. Sleeping 5s...
[2025-12-19 22:56:27] 
[Loop #3] Scanning for unread STQ mails...
[2025-12-19 22:56:27] Scan stats => checked:1 matched:0 | skipped: read=0 sender=0 no_stq=1
[2025-12-19 22:56:27] No matching unread STQ found. Sleeping 5s...
[2025-12-19 22:56:32] 
[Loop #4] Scanning for unread STQ mails...
[2025-12-19 22:56:32] Scan stats => checked:1 matched:0 | skipped: read=0 sender=0 no_stq=1
[2025-12-19 22:56:32] No matching unread STQ found. Sleeping 5s...
[2025-12-19 22:56:37] 
[Loop #5] Scanning for unread STQ mails...
[2025-12-19 22:56:37] Scan stats => checked:1 matched:0 | skipped: read=0 sender=0 no_stq=1
[2025-12-19 22:56:37] No matching unread STQ found. Sleeping 5s...
[2025-12-19 22:56:42] 
[Loop #6] Scanning for unread STQ mails...
[2025-12-19 22:56:42] Scan stats => checked:1 matched:0 | skipped: read=0 sender=0 no_stq=1
[2025-12-19 22:56:42] No matching unread STQ found. Sleeping 5s...
[2025-12-19 22:56:47] 
[Loop #7] Scanning for unread STQ mails...
[2025-12-19 22:56:47] Scan stats => checked:1 matched:0 | skipped: read=0 sender=0 no_stq=1
[2025-12-19 22:56:47] No matching unread STQ found. Sleeping 5s...
[2025-12-19 22:56:52] 
[Loop #8] Scanning for unread STQ mails...
[2025-12-19 22:56:52] Scan stats => checked:1 matched:0 | skipped: read=0 sender=0 no_stq=1
[2025-12-19 22:56:52] No matching unread STQ found. Sleeping 5s...
[2025-12-19 22:56:57] 
[Loop #9] Scanning for unread STQ mails...
[2025-12-19 22:56:57] Scan stats => checked:1 matched:0 | skipped: read=0 sender=0 no_stq=1
[2025-12-19 22:56:57] No matching unread STQ found. Sleeping 5s...
[2025-12-19 22:57:02] 
[Loop #10] Scanning for unread STQ mails...
[2025-12-19 22:57:02] Scan stats => checked:1 matched:0 | skipped: read=0 sender=0 no_stq=1
[2025-12-19 22:57:02] No matching unread STQ found. Sleeping 5s...
[2025-12-19 22:57:07] 
[Loop #11] Scanning for unread STQ mails...
[2025-12-19 22:57:07] Scan stats => checked:1 matched:0 | skipped: read=0 sender=0 no_stq=1
[2025-12-19 22:57:07] No matching unread STQ found. Sleeping 5s...
[2025-12-19 22:57:12] 
[Loop #12] Scanning for unread STQ mails...
[2025-12-19 22:57:12] Scan stats => checked:1 matched:0 | skipped: read=0 sender=0 no_stq=1
[2025-12-19 22:57:12] No matching unread STQ found. Sleeping 5s...
[2025-12-19 22:57:17] 
[Loop #13] Scanning for unread STQ mails...
[2025-12-19 22:57:17] Scan stats => checked:1 matched:0 | skipped: read=0 sender=0 no_stq=1
[2025-12-19 22:57:17] No matching unread STQ found. Sleeping 5s...
[2025-12-19 22:57:22] 
[Loop #14] Scanning for unread STQ mails...
[2025-12-19 22:57:22] Scan stats => checked:1 matched:0 | skipped: read=0 sender=0 no_stq=1
[2025-12-19 22:57:22] No matching unread STQ found. Sleeping 5s...
[2025-12-19 22:57:27] 
[Loop #15] Scanning for unread STQ mails...
[2025-12-19 22:57:27] Scan stats => checked:1 matched:0 | skipped: read=0 sender=0 no_stq=1
[2025-12-19 22:57:27] No matching unread STQ found. Sleeping 5s...
[2025-12-19 22:57:32] 
[Loop #16] Scanning for unread STQ mails...
[2025-12-19 22:57:32] Scan stats => checked:1 matched:0 | skipped: read=0 sender=0 no_stq=1
[2025-12-19 22:57:32] No matching unread STQ found. Sleeping 5s...
[2025-12-19 22:57:37] 
[Loop #17] Scanning for unread STQ mails...
[2025-12-19 22:57:37] Scan stats => checked:1 matched:0 | skipped: read=0 sender=0 no_stq=1
[2025-12-19 22:57:37] No matching unread STQ found. Sleeping 5s...
[2025-12-19 22:57:42] 
[Loop #18] Scanning for unread STQ mails...
[2025-12-19 22:57:42] Scan stats => checked:1 matched:0 | skipped: read=0 sender=0 no_stq=1
[2025-12-19 22:57:42] No matching unread STQ found. Sleeping 5s...
[2025-12-19 22:57:47] 
[Loop #19] Scanning for unread STQ mails...
[2025-12-19 22:57:47] Scan stats => checked:1 matched:0 | skipped: read=0 sender=0 no_stq=1
[2025-12-19 22:57:47] No matching unread STQ found. Sleeping 5s...
[2025-12-19 22:57:52] 
[Loop #20] Scanning for unread STQ mails...
[2025-12-19 22:57:52] Scan stats => checked:1 matched:0 | skipped: read=0 sender=0 no_stq=1
[2025-12-19 22:57:52] No matching unread STQ found. Sleeping 5s...
[2025-12-19 22:57:57] 
[Loop #21] Scanning for unread STQ mails...
[2025-12-19 22:57:57] Scan stats => checked:1 matched:0 | skipped: read=0 sender=0 no_stq=1
[2025-12-19 22:57:57] No matching unread STQ found. Sleeping 5s...
[2025-12-19 22:58:02] 
[Loop #22] Scanning for unread STQ mails...
[2025-12-19 22:58:02] Scan stats => checked:1 matched:0 | skipped: read=0 sender=0 no_stq=1
[2025-12-19 22:58:02] No matching unread STQ found. Sleeping 5s...
[2025-12-19 22:58:07] 
[Loop #23] Scanning for unread STQ mails...
[2025-12-19 22:58:08] Scan stats => checked:1 matched:0 | skipped: read=0 sender=0 no_stq=1
[2025-12-19 22:58:08] No matching unread STQ found. Sleeping 5s...
[2025-12-19 22:58:13] 
[Loop #24] Scanning for unread STQ mails...
[2025-12-19 22:58:13] Scan stats => checked:1 matched:0 | skipped: read=0 sender=0 no_stq=1
[2025-12-19 22:58:13] No matching unread STQ found. Sleeping 5s...
[2025-12-19 22:58:18] 
[Loop #25] Scanning for unread STQ mails...
[2025-12-19 22:58:18] Scan stats => checked:1 matched:0 | skipped: read=0 sender=0 no_stq=1
[2025-12-19 22:58:18] No matching unread STQ found. Sleeping 5s...
[2025-12-19 22:58:23] 
[Loop #26] Scanning for unread STQ mails...
[2025-12-19 22:58:23] Scan stats => checked:1 matched:0 | skipped: read=0 sender=0 no_stq=1
[2025-12-19 22:58:23] No matching unread STQ found. Sleeping 5s...
[2025-12-19 22:58:28] 
[Loop #27] Scanning for unread STQ mails...
[2025-12-19 22:58:28] Scan stats => checked:1 matched:0 | skipped: read=0 sender=0 no_stq=1
[2025-12-19 22:58:28] No matching unread STQ found. Sleeping 5s...
[2025-12-19 22:58:33] 
[Loop #28] Scanning for unread STQ mails...
[2025-12-19 22:58:33] Scan stats => checked:1 matched:0 | skipped: read=0 sender=0 no_stq=1
[2025-12-19 22:58:33] No matching unread STQ found. Sleeping 5s...
[2025-12-19 22:58:38] 
[Loop #29] Scanning for unread STQ mails...
[2025-12-19 22:58:38] Scan stats => checked:1 matched:0 | skipped: read=0 sender=0 no_stq=1
[2025-12-19 22:58:38] No matching unread STQ found. Sleeping 5s...
[2025-12-19 22:58:43] 
[Loop #30] Scanning for unread STQ mails...
[2025-12-19 22:58:43] Scan stats => checked:1 matched:0 | skipped: read=0 sender=0 no_stq=1
[2025-12-19 22:58:43] No matching unread STQ found. Sleeping 5s...
[2025-12-19 22:58:48] 
[Loop #31] Scanning for unread STQ mails...
[2025-12-19 22:58:48] Scan stats => checked:1 matched:0 | skipped: read=0 sender=0 no_stq=1
[2025-12-19 22:58:48] No matching unread STQ found. Sleeping 5s...
[2025-12-19 22:58:53] 
[Loop #32] Scanning for unread STQ mails...
[2025-12-19 22:58:53] Scan stats => checked:1 matched:0 | skipped: read=0 sender=0 no_stq=1
[2025-12-19 22:58:53] No matching unread STQ found. Sleeping 5s...
[2025-12-19 22:58:58] 
[Loop #33] Scanning for unread STQ mails...
[2025-12-19 22:58:58] Scan stats => checked:1 matched:0 | skipped: read=0 sender=0 no_stq=1
[2025-12-19 22:58:58] No matching unread STQ found. Sleeping 5s...
[2025-12-19 22:59:03] 
[Loop #34] Scanning for unread STQ mails...
[2025-12-19 22:59:03] Scan stats => checked:1 matched:0 | skipped: read=0 sender=0 no_stq=1
[2025-12-19 22:59:03] No matching unread STQ found. Sleeping 5s...
[2025-12-19 22:59:08] 
[Loop #35] Scanning for unread STQ mails...
[2025-12-19 22:59:08] Scan stats => checked:1 matched:0 | skipped: read=0 sender=0 no_stq=1
[2025-12-19 22:59:08] No matching unread STQ found. Sleeping 5s...
[2025-12-19 22:59:13] 
[Loop #36] Scanning for unread STQ mails...
[2025-12-19 22:59:13] Scan stats => checked:1 matched:0 | skipped: read=0 sender=0 no_stq=1
[2025-12-19 22:59:13] No matching unread STQ found. Sleeping 5s...
[2025-12-19 22:59:18] 
[Loop #37] Scanning for unread STQ mails...
[2025-12-19 22:59:18] Scan stats => checked:1 matched:0 | skipped: read=0 sender=0 no_stq=1
[2025-12-19 22:59:18] No matching unread STQ found. Sleeping 5s...
[2025-12-19 22:59:23] 
[Loop #38] Scanning for unread STQ mails...
[2025-12-19 22:59:23] Scan stats => checked:1 matched:0 | skipped: read=0 sender=0 no_stq=1
[2025-12-19 22:59:23] No matching unread STQ found. Sleeping 5s...
[2025-12-19 22:59:28] 
[Loop #39] Scanning for unread STQ mails...
[2025-12-19 22:59:28] Scan stats => checked:1 matched:0 | skipped: read=0 sender=0 no_stq=1
[2025-12-19 22:59:28] No matching unread STQ found. Sleeping 5s...
[2025-12-19 22:59:33] 
[Loop #40] Scanning for unread STQ mails...
[2025-12-19 22:59:33] Scan stats => checked:1 matched:0 | skipped: read=0 sender=0 no_stq=1
[2025-12-19 22:59:33] No matching unread STQ found. Sleeping 5s...
[2025-12-19 22:59:38] 
[Loop #41] Scanning for unread STQ mails...
[2025-12-19 22:59:38] Scan stats => checked:1 matched:0 | skipped: read=0 sender=0 no_stq=1
[2025-12-19 22:59:38] No matching unread STQ found. Sleeping 5s...
[2025-12-19 22:59:43] 
[Loop #42] Scanning for unread STQ mails...
[2025-12-19 22:59:43] Scan stats => checked:1 matched:0 | skipped: read=0 sender=0 no_stq=1
[2025-12-19 22:59:43] No matching unread STQ found. Sleeping 5s...
[2025-12-19 22:59:48] 
[Loop #43] Scanning for unread STQ mails...
[2025-12-19 22:59:48] Scan stats => checked:1 matched:0 | skipped: read=0 sender=0 no_stq=1
[2025-12-19 22:59:48] No matching unread STQ found. Sleeping 5s...
[2025-12-19 22:59:53] 
[Loop #44] Scanning for unread STQ mails...
[2025-12-19 22:59:54] Scan stats => checked:1 matched:0 | skipped: read=0 sender=0 no_stq=1
[2025-12-19 22:59:54] No matching unread STQ found. Sleeping 5s...
[2025-12-19 22:59:59] 
[Loop #45] Scanning for unread STQ mails...
[2025-12-19 22:59:59] Scan stats => checked:1 matched:0 | skipped: read=0 sender=0 no_stq=1
[2025-12-19 22:59:59] No matching unread STQ found. Sleeping 5s...
[2025-12-19 23:00:04] 
[Loop #46] Scanning for unread STQ mails...
[2025-12-19 23:00:04] Scan stats => checked:1 matched:0 | skipped: read=0 sender=0 no_stq=1
[2025-12-19 23:00:04] No matching unread STQ found. Sleeping 5s...
[2025-12-19 23:00:09] 
[Loop #47] Scanning for unread STQ mails...
[2025-12-19 23:00:09] Scan stats => checked:1 matched:0 | skipped: read=0 sender=0 no_stq=1
[2025-12-19 23:00:09] No matching unread STQ found. Sleeping 5s...
[2025-12-19 23:00:14] 
[Loop #48] Scanning for unread STQ mails...
[2025-12-19 23:00:14] Scan stats => checked:1 matched:0 | skipped: read=0 sender=0 no_stq=1
[2025-12-19 23:00:14] No matching unread STQ found. Sleeping 5s...
[2025-12-19 23:00:19] 
[Loop #49] Scanning for unread STQ mails...
[2025-12-19 23:00:19] Scan stats => checked:1 matched:0 | skipped: read=0 sender=0 no_stq=1
[2025-12-19 23:00:19] No matching unread STQ found. Sleeping 5s...
[2025-12-19 23:00:24] 
[Loop #50] Scanning for unread STQ mails...
[2025-12-19 23:00:24] Scan stats => checked:1 matched:0 | skipped: read=0 sender=0 no_stq=1
[2025-12-19 23:00:24] No matching unread STQ found. Sleeping 5s...
[2025-12-19 23:00:29] 
[Loop #51] Scanning for unread STQ mails...
[2025-12-19 23:00:29] Scan stats => checked:1 matched:0 | skipped: read=0 sender=0 no_stq=1
[2025-12-19 23:00:29] No matching unread STQ found. Sleeping 5s...
[2025-12-19 23:00:34] 
[Loop #52] Scanning for unread STQ mails...
[2025-12-19 23:00:34] Scan stats => checked:1 matched:0 | skipped: read=0 sender=0 no_stq=1
[2025-12-19 23:00:34] No matching unread STQ found. Sleeping 5s...
[2025-12-19 23:00:39] 
[Loop #53] Scanning for unread STQ mails...
[2025-12-19 23:00:39] Scan stats => checked:1 matched:0 | skipped: read=0 sender=0 no_stq=1
[2025-12-19 23:00:39] No matching unread STQ found. Sleeping 5s...
[2025-12-19 23:00:44] 
[Loop #54] Scanning for unread STQ mails...
[2025-12-19 23:00:44] Scan stats => checked:1 matched:0 | skipped: read=0 sender=0 no_stq=1
[2025-12-19 23:00:44] No matching unread STQ found. Sleeping 5s...
[2025-12-19 23:00:49] 
[Loop #55] Scanning for unread STQ mails...
[2025-12-19 23:00:49] Scan stats => checked:1 matched:0 | skipped: read=0 sender=0 no_stq=1
[2025-12-19 23:00:49] No matching unread STQ found. Sleeping 5s...
[2025-12-19 23:00:54] 
[Loop #56] Scanning for unread STQ mails...
[2025-12-19 23:00:54] Scan stats => checked:1 matched:0 | skipped: read=0 sender=0 no_stq=1
[2025-12-19 23:00:54] No matching unread STQ found. Sleeping 5s...
[2025-12-19 23:00:59] 
[Loop #57] Scanning for unread STQ mails...
[2025-12-19 23:00:59] Scan stats => checked:1 matched:0 | skipped: read=0 sender=0 no_stq=1
[2025-12-19 23:00:59] No matching unread STQ found. Sleeping 5s...
[2025-12-19 23:01:04] 
[Loop #58] Scanning for unread STQ mails...
[2025-12-19 23:01:04] Scan stats => checked:1 matched:0 | skipped: read=0 sender=0 no_stq=1
[2025-12-19 23:01:04] No matching unread STQ found. Sleeping 5s...
[2025-12-19 23:01:09] 
[Loop #59] Scanning for unread STQ mails...
[2025-12-19 23:01:09] Scan stats => checked:1 matched:0 | skipped: read=0 sender=0 no_stq=1
[2025-12-19 23:01:09] No matching unread STQ found. Sleeping 5s...
[2025-12-19 23:01:14] 
[Loop #60] Scanning for unread STQ mails...
[2025-12-19 23:01:14] Scan stats => checked:1 matched:0 | skipped: read=0 sender=0 no_stq=1
[2025-12-19 23:01:14] No matching unread STQ found. Sleeping 5s...
[2025-12-19 23:01:19] 
[Loop #61] Scanning for unread STQ mails...
[2025-12-19 23:01:19] Scan stats => checked:1 matched:0 | skipped: read=0 sender=0 no_stq=1
[2025-12-19 23:01:19] No matching unread STQ found. Sleeping 5s...
[2025-12-19 23:01:24] 
[Loop #62] Scanning for unread STQ mails...
[2025-12-19 23:01:24] Scan stats => checked:1 matched:0 | skipped: read=0 sender=0 no_stq=1
[2025-12-19 23:01:24] No matching unread STQ found. Sleeping 5s...
[2025-12-19 23:01:29] 
[Loop #63] Scanning for unread STQ mails...
[2025-12-19 23:01:29] Scan stats => checked:1 matched:0 | skipped: read=0 sender=0 no_stq=1
[2025-12-19 23:01:29] No matching unread STQ found. Sleeping 5s...
[2025-12-19 23:01:34] 
[Loop #64] Scanning for unread STQ mails...
[2025-12-19 23:01:34] Scan stats => checked:1 matched:0 | skipped: read=0 sender=0 no_stq=1
[2025-12-19 23:01:34] No matching unread STQ found. Sleeping 5s...
[2025-12-19 23:01:39] 
[Loop #65] Scanning for unread STQ mails...
[2025-12-19 23:01:39] Scan stats => checked:1 matched:0 | skipped: read=0 sender=0 no_stq=1
[2025-12-19 23:01:39] No matching unread STQ found. Sleeping 5s...
[2025-12-19 23:01:44] 
[Loop #66] Scanning for unread STQ mails...
[2025-12-19 23:01:44] Scan stats => checked:1 matched:0 | skipped: read=0 sender=0 no_stq=1
[2025-12-19 23:01:44] No matching unread STQ found. Sleeping 5s...
[2025-12-19 23:01:49] 
[Loop #67] Scanning for unread STQ mails...
[2025-12-19 23:01:49] Scan stats => checked:1 matched:0 | skipped: read=0 sender=0 no_stq=1
[2025-12-19 23:01:49] No matching unread STQ found. Sleeping 5s...
[2025-12-19 23:01:54] 
[Loop #68] Scanning for unread STQ mails...
[2025-12-19 23:01:54] Scan stats => checked:1 matched:0 | skipped: read=0 sender=0 no_stq=1
[2025-12-19 23:01:54] No matching unread STQ found. Sleeping 5s...
[2025-12-19 23:01:59] 
[Loop #69] Scanning for unread STQ mails...
[2025-12-19 23:01:59] Scan stats => checked:1 matched:0 | skipped: read=0 sender=0 no_stq=1
[2025-12-19 23:01:59] No matching unread STQ found. Sleeping 5s...
[2025-12-19 23:02:04] 
[Loop #70] Scanning for unread STQ mails...
[2025-12-19 23:02:04] Scan stats => checked:1 matched:0 | skipped: read=0 sender=0 no_stq=1
[2025-12-19 23:02:04] No matching unread STQ found. Sleeping 5s...
[2025-12-19 23:02:09] 
[Loop #71] Scanning for unread STQ mails...
[2025-12-19 23:02:09] Scan stats => checked:1 matched:0 | skipped: read=0 sender=0 no_stq=1
[2025-12-19 23:02:09] No matching unread STQ found. Sleeping 5s...
[2025-12-19 23:02:14] 
[Loop #72] Scanning for unread STQ mails...
[2025-12-19 23:02:14] Scan stats => checked:1 matched:0 | skipped: read=0 sender=0 no_stq=1
[2025-12-19 23:02:14] No matching unread STQ found. Sleeping 5s...
[2025-12-19 23:02:19] 
[Loop #73] Scanning for unread STQ mails...
[2025-12-19 23:02:19] Scan stats => checked:1 matched:0 | skipped: read=0 sender=0 no_stq=1
[2025-12-19 23:02:19] No matching unread STQ found. Sleeping 5s...
[2025-12-19 23:02:24] 
[Loop #74] Scanning for unread STQ mails...
[2025-12-19 23:02:24] Scan stats => checked:1 matched:0 | skipped: read=0 sender=0 no_stq=1
[2025-12-19 23:02:24] No matching unread STQ found. Sleeping 5s...
[2025-12-19 23:02:29] 
[Loop #75] Scanning for unread STQ mails...
[2025-12-19 23:02:29] Scan stats => checked:1 matched:0 | skipped: read=0 sender=0 no_stq=1
[2025-12-19 23:02:29] No matching unread STQ found. Sleeping 5s...
[2025-12-19 23:02:34] 
[Loop #76] Scanning for unread STQ mails...
[2025-12-19 23:02:34] Scan stats => checked:1 matched:0 | skipped: read=0 sender=0 no_stq=1
[2025-12-19 23:02:34] No matching unread STQ found. Sleeping 5s...
[2025-12-19 23:02:39] 
[Loop #77] Scanning for unread STQ mails...
[2025-12-19 23:02:39] Scan stats => checked:1 matched:0 | skipped: read=0 sender=0 no_stq=1
[2025-12-19 23:02:39] No matching unread STQ found. Sleeping 5s...
[2025-12-19 23:02:44] 
[Loop #78] Scanning for unread STQ mails...
[2025-12-19 23:02:44] Scan stats => checked:1 matched:0 | skipped: read=0 sender=0 no_stq=1
[2025-12-19 23:02:44] No matching unread STQ found. Sleeping 5s...
[2025-12-19 23:02:49] 
[Loop #79] Scanning for unread STQ mails...
[2025-12-19 23:02:49] Scan stats => checked:1 matched:0 | skipped: read=0 sender=0 no_stq=1
[2025-12-19 23:02:49] No matching unread STQ found. Sleeping 5s...
[2025-12-19 23:02:54] 
[Loop #80] Scanning for unread STQ mails...
[2025-12-19 23:02:54] Scan stats => checked:1 matched:0 | skipped: read=0 sender=0 no_stq=1
[2025-12-19 23:02:54] No matching unread STQ found. Sleeping 5s...
[2025-12-19 23:02:59] 
[Loop #81] Scanning for unread STQ mails...
[2025-12-19 23:02:59] Scan stats => checked:1 matched:0 | skipped: read=0 sender=0 no_stq=1
[2025-12-19 23:02:59] No matching unread STQ found. Sleeping 5s...
[2025-12-19 23:03:04] 
[Loop #82] Scanning for unread STQ mails...
[2025-12-19 23:03:04] Scan stats => checked:1 matched:0 | skipped: read=0 sender=0 no_stq=1
[2025-12-19 23:03:04] No matching unread STQ found. Sleeping 5s...
[2025-12-19 23:03:09] 
[Loop #83] Scanning for unread STQ mails...
[2025-12-19 23:03:09] Scan stats => checked:1 matched:0 | skipped: read=0 sender=0 no_stq=1
[2025-12-19 23:03:09] No matching unread STQ found. Sleeping 5s...
[2025-12-19 23:03:14] 
[Loop #84] Scanning for unread STQ mails...
[2025-12-19 23:03:14] Scan stats => checked:1 matched:0 | skipped: read=0 sender=0 no_stq=1
[2025-12-19 23:03:14] No matching unread STQ found. Sleeping 5s...
[2025-12-19 23:03:19] 
[Loop #85] Scanning for unread STQ mails...
[2025-12-19 23:03:19] Scan stats => checked:1 matched:0 | skipped: read=0 sender=0 no_stq=1
[2025-12-19 23:03:19] No matching unread STQ found. Sleeping 5s...
[2025-12-19 23:03:24] 
[Loop #86] Scanning for unread STQ mails...
[2025-12-19 23:03:24] Scan stats => checked:1 matched:0 | skipped: read=0 sender=0 no_stq=1
[2025-12-19 23:03:24] No matching unread STQ found. Sleeping 5s...
[2025-12-19 23:03:29] 
[Loop #87] Scanning for unread STQ mails...
[2025-12-19 23:03:29] Scan stats => checked:1 matched:0 | skipped: read=0 sender=0 no_stq=1
[2025-12-19 23:03:29] No matching unread STQ found. Sleeping 5s...
[2025-12-19 23:03:34] 
[Loop #88] Scanning for unread STQ mails...
[2025-12-19 23:03:34] Scan stats => checked:1 matched:0 | skipped: read=0 sender=0 no_stq=1
[2025-12-19 23:03:34] No matching unread STQ found. Sleeping 5s...
[2025-12-19 23:03:39] 
[Loop #89] Scanning for unread STQ mails...
[2025-12-19 23:03:39] Scan stats => checked:1 matched:0 | skipped: read=0 sender=0 no_stq=1
[2025-12-19 23:03:39] No matching unread STQ found. Sleeping 5s...
[2025-12-19 23:03:44] 
[Loop #90] Scanning for unread STQ mails...
[2025-12-19 23:03:44] Scan stats => checked:1 matched:0 | skipped: read=0 sender=0 no_stq=1
[2025-12-19 23:03:44] No matching unread STQ found. Sleeping 5s...
[2025-12-19 23:03:49] 
[Loop #91] Scanning for unread STQ mails...
[2025-12-19 23:03:49] Scan stats => checked:1 matched:0 | skipped: read=0 sender=0 no_stq=1
[2025-12-19 23:03:49] No matching unread STQ found. Sleeping 5s...
[2025-12-19 23:03:54] 
[Loop #92] Scanning for unread STQ mails...
[2025-12-19 23:03:54] Scan stats => checked:1 matched:0 | skipped: read=0 sender=0 no_stq=1
[2025-12-19 23:03:54] No matching unread STQ found. Sleeping 5s...
[2025-12-19 23:03:59] 
[Loop #93] Scanning for unread STQ mails...
[2025-12-19 23:03:59] Scan stats => checked:1 matched:0 | skipped: read=0 sender=0 no_stq=1
[2025-12-19 23:03:59] No matching unread STQ found. Sleeping 5s...
[2025-12-19 23:04:04] 
[Loop #94] Scanning for unread STQ mails...
[2025-12-19 23:04:04] Scan stats => checked:1 matched:0 | skipped: read=0 sender=0 no_stq=1
[2025-12-19 23:04:04] No matching unread STQ found. Sleeping 5s...
[2025-12-19 23:04:09] 
[Loop #95] Scanning for unread STQ mails...
[2025-12-19 23:04:09] Scan stats => checked:1 matched:0 | skipped: read=0 sender=0 no_stq=1
[2025-12-19 23:04:09] No matching unread STQ found. Sleeping 5s...
[2025-12-19 23:04:14] 
[Loop #96] Scanning for unread STQ mails...
[2025-12-19 23:04:14] Scan stats => checked:1 matched:0 | skipped: read=0 sender=0 no_stq=1
[2025-12-19 23:04:14] No matching unread STQ found. Sleeping 5s...
[2025-12-19 23:04:19] 
[Loop #97] Scanning for unread STQ mails...
[2025-12-19 23:04:19] Scan stats => checked:1 matched:0 | skipped: read=0 sender=0 no_stq=1
[2025-12-19 23:04:19] No matching unread STQ found. Sleeping 5s...
[2025-12-19 23:04:24] 
[Loop #98] Scanning for unread STQ mails...
[2025-12-19 23:04:24] Scan stats => checked:1 matched:0 | skipped: read=0 sender=0 no_stq=1
[2025-12-19 23:04:24] No matching unread STQ found. Sleeping 5s...
[2025-12-19 23:04:29] 
[Loop #99] Scanning for unread STQ mails...
[2025-12-19 23:04:29] Scan stats => checked:1 matched:0 | skipped: read=0 sender=0 no_stq=1
[2025-12-19 23:04:29] No matching unread STQ found. Sleeping 5s...
[2025-12-19 23:04:34] 
[Loop #100] Scanning for unread STQ mails...
[2025-12-19 23:04:34] Scan stats => checked:1 matched:0 | skipped: read=0 sender=0 no_stq=1
[2025-12-19 23:04:35] No matching unread STQ found. Sleeping 5s...
[2025-12-19 23:04:40] 
[Loop #101] Scanning for unread STQ mails...
[2025-12-19 23:04:40] Scan stats => checked:1 matched:0 | skipped: read=0 sender=0 no_stq=1
[2025-12-19 23:04:40] No matching unread STQ found. Sleeping 5s...
[2025-12-19 23:04:45] 
[Loop #102] Scanning for unread STQ mails...
[2025-12-19 23:04:45] Scan stats => checked:1 matched:0 | skipped: read=0 sender=0 no_stq=1
[2025-12-19 23:04:45] No matching unread STQ found. Sleeping 5s...
[2025-12-19 23:04:50] 
[Loop #103] Scanning for unread STQ mails...
[2025-12-19 23:04:50] Scan stats => checked:1 matched:0 | skipped: read=0 sender=0 no_stq=1
[2025-12-19 23:04:50] No matching unread STQ found. Sleeping 5s...
[2025-12-19 23:04:55] 
[Loop #104] Scanning for unread STQ mails...
[2025-12-19 23:04:55] Scan stats => checked:1 matched:0 | skipped: read=0 sender=0 no_stq=1
[2025-12-19 23:04:55] No matching unread STQ found. Sleeping 5s...
[2025-12-19 23:05:00] 
[Loop #105] Scanning for unread STQ mails...
[2025-12-19 23:05:00] Scan stats => checked:1 matched:0 | skipped: read=0 sender=0 no_stq=1
[2025-12-19 23:05:00] No matching unread STQ found. Sleeping 5s...
[2025-12-19 23:05:05] 
[Loop #106] Scanning for unread STQ mails...
[2025-12-19 23:05:05] Scan stats => checked:1 matched:0 | skipped: read=0 sender=0 no_stq=1
[2025-12-19 23:05:05] No matching unread STQ found. Sleeping 5s...
[2025-12-19 23:05:10] 
[Loop #107] Scanning for unread STQ mails...
[2025-12-19 23:05:10] Scan stats => checked:1 matched:0 | skipped: read=0 sender=0 no_stq=1
[2025-12-19 23:05:10] No matching unread STQ found. Sleeping 5s...
[2025-12-19 23:05:15] 
[Loop #108] Scanning for unread STQ mails...
[2025-12-19 23:05:15] Scan stats => checked:1 matched:0 | skipped: read=0 sender=0 no_stq=1
[2025-12-19 23:05:15] No matching unread STQ found. Sleeping 5s...
[2025-12-19 23:05:20] 
[Loop #109] Scanning for unread STQ mails...
[2025-12-19 23:05:20] Scan stats => checked:1 matched:0 | skipped: read=0 sender=0 no_stq=1
[2025-12-19 23:05:20] No matching unread STQ found. Sleeping 5s...
[2025-12-19 23:05:25] 
[Loop #110] Scanning for unread STQ mails...
[2025-12-19 23:05:25] Scan stats => checked:1 matched:0 | skipped: read=0 sender=0 no_stq=1
[2025-12-19 23:05:25] No matching unread STQ found. Sleeping 5s...
[2025-12-19 23:05:30] 
[Loop #111] Scanning for unread STQ mails...
[2025-12-19 23:05:30] Scan stats => checked:1 matched:0 | skipped: read=0 sender=0 no_stq=1
[2025-12-19 23:05:30] No matching unread STQ found. Sleeping 5s...
[2025-12-19 23:05:35] 
[Loop #112] Scanning for unread STQ mails...
[2025-12-19 23:05:35] Scan stats => checked:1 matched:0 | skipped: read=0 sender=0 no_stq=1
[2025-12-19 23:05:35] No matching unread STQ found. Sleeping 5s...
[2025-12-19 23:05:40] 
[Loop #113] Scanning for unread STQ mails...
[2025-12-19 23:05:40] Scan stats => checked:1 matched:0 | skipped: read=0 sender=0 no_stq=1
[2025-12-19 23:05:40] No matching unread STQ found. Sleeping 5s...
[2025-12-19 23:05:45] 
[Loop #114] Scanning for unread STQ mails...
[2025-12-19 23:05:45] Scan stats => checked:1 matched:0 | skipped: read=0 sender=0 no_stq=1
[2025-12-19 23:05:45] No matching unread STQ found. Sleeping 5s...
[2025-12-19 23:05:50] 
[Loop #115] Scanning for unread STQ mails...
[2025-12-19 23:05:50] Scan stats => checked:1 matched:0 | skipped: read=0 sender=0 no_stq=1
[2025-12-19 23:05:50] No matching unread STQ found. Sleeping 5s...
[2025-12-19 23:05:55] 
[Loop #116] Scanning for unread STQ mails...
[2025-12-19 23:05:55] Scan stats => checked:1 matched:0 | skipped: read=0 sender=0 no_stq=1
[2025-12-19 23:05:55] No matching unread STQ found. Sleeping 5s...
[2025-12-19 23:06:00] 
[Loop #117] Scanning for unread STQ mails...
[2025-12-19 23:06:00] Scan stats => checked:1 matched:0 | skipped: read=0 sender=0 no_stq=1
[2025-12-19 23:06:00] No matching unread STQ found. Sleeping 5s...
[2025-12-19 23:06:05] 
[Loop #118] Scanning for unread STQ mails...
[2025-12-19 23:06:05] Scan stats => checked:1 matched:0 | skipped: read=0 sender=0 no_stq=1
[2025-12-19 23:06:05] No matching unread STQ found. Sleeping 5s...
[2025-12-19 23:06:10] 
[Loop #119] Scanning for unread STQ mails...
[2025-12-19 23:06:10] Scan stats => checked:1 matched:0 | skipped: read=0 sender=0 no_stq=1
[2025-12-19 23:06:10] No matching unread STQ found. Sleeping 5s...
[2025-12-19 23:06:15] 
[Loop #120] Scanning for unread STQ mails...
[2025-12-19 23:06:15] ❌ COM/RPC error in main loop: (-2147023174, 'The RPC server is unavailable.', None, None)
[2025-12-19 23:06:15] Traceback (most recent call last):
  File "C:\Users\husey\OneDrive\Desktop\Development\Work_Automation\internal_stq_distributor.py", line 649, in main
    payloads = scan_unread_stq_mails(folder, processed_ids)
  File "C:\Users\husey\OneDrive\Desktop\Development\Work_Automation\internal_stq_distributor.py", line 520, in scan_unread_stq_mails
    items = folder.Items
            ^^^^^^^^^^^^
  File "C:\Users\husey\AppData\Local\Programs\Python\Python314\Lib\site-packages\win32com\client\dynamic.py", line 620, in __getattr__
    ret = self._oleobj_.Invoke(retEntry.dispid, 0, invoke_type, 1)
pywintypes.com_error: (-2147023174, 'The RPC server is unavailable.', None, None)

[2025-12-19 23:06:15] 🔄 Attempting to reconnect Outlook...
[2025-12-19 23:06:15] 🔄 Connecting to Outlook...
[2025-12-19 23:06:15] ✅ Outlook connection established (attempt 1/3)
[2025-12-19 23:06:15] ✅ Reconnection successful, continuing...
[2025-12-19 23:06:20] 
[Loop #121] Scanning for unread STQ mails...
[2025-12-19 23:06:20] Scan stats => checked:1 matched:0 | skipped: read=0 sender=0 no_stq=1
[2025-12-19 23:06:20] No matching unread STQ found. Sleeping 5s...
[2025-12-19 23:06:25] 
[Loop #122] Scanning for unread STQ mails...
[2025-12-19 23:06:26] Scan stats => checked:1 matched:0 | skipped: read=0 sender=0 no_stq=1
[2025-12-19 23:06:26] No matching unread STQ found. Sleeping 5s...
[2025-12-19 23:06:31] 
[Loop #123] Scanning for unread STQ mails...
[2025-12-19 23:06:31] Scan stats => checked:1 matched:0 | skipped: read=0 sender=0 no_stq=1
[2025-12-19 23:06:31] No matching unread STQ found. Sleeping 5s...
[2025-12-19 23:06:36] 
[Loop #124] Scanning for unread STQ mails...
[2025-12-19 23:06:36] Scan stats => checked:1 matched:0 | skipped: read=0 sender=0 no_stq=1
[2025-12-19 23:06:36] No matching unread STQ found. Sleeping 5s...
[2025-12-19 23:06:41] 
[Loop #125] Scanning for unread STQ mails...
[2025-12-19 23:06:41] Scan stats => checked:1 matched:0 | skipped: read=0 sender=0 no_stq=1
[2025-12-19 23:06:41] No matching unread STQ found. Sleeping 5s...
[2025-12-19 23:06:46] 
[Loop #126] Scanning for unread STQ mails...
[2025-12-19 23:06:46] Scan stats => checked:1 matched:0 | skipped: read=0 sender=0 no_stq=1
[2025-12-19 23:06:46] No matching unread STQ found. Sleeping 5s...
[2025-12-19 23:06:51] 
[Loop #127] Scanning for unread STQ mails...
[2025-12-19 23:06:51] Scan stats => checked:1 matched:0 | skipped: read=0 sender=0 no_stq=1
[2025-12-19 23:06:51] No matching unread STQ found. Sleeping 5s...
[2025-12-19 23:06:56] 
[Loop #128] Scanning for unread STQ mails...
[2025-12-19 23:06:56] Scan stats => checked:1 matched:0 | skipped: read=0 sender=0 no_stq=1
[2025-12-19 23:06:56] No matching unread STQ found. Sleeping 5s...
[2025-12-19 23:07:01] 
[Loop #129] Scanning for unread STQ mails...
[2025-12-19 23:07:01] Scan stats => checked:1 matched:0 | skipped: read=0 sender=0 no_stq=1
[2025-12-19 23:07:01] No matching unread STQ found. Sleeping 5s...
[2025-12-19 23:07:06] 
[Loop #130] Scanning for unread STQ mails...
[2025-12-19 23:07:06] Scan stats => checked:1 matched:0 | skipped: read=0 sender=0 no_stq=1
[2025-12-19 23:07:06] No matching unread STQ found. Sleeping 5s...
[2025-12-19 23:07:11] 
[Loop #131] Scanning for unread STQ mails...
[2025-12-19 23:07:11] Scan stats => checked:1 matched:0 | skipped: read=0 sender=0 no_stq=1
[2025-12-19 23:07:11] No matching unread STQ found. Sleeping 5s...
[2025-12-19 23:07:16] 
[Loop #132] Scanning for unread STQ mails...
[2025-12-19 23:07:16] Scan stats => checked:1 matched:0 | skipped: read=0 sender=0 no_stq=1
[2025-12-19 23:07:16] No matching unread STQ found. Sleeping 5s...
[2025-12-19 23:07:21] 
[Loop #133] Scanning for unread STQ mails...
[2025-12-19 23:07:21] Scan stats => checked:1 matched:0 | skipped: read=0 sender=0 no_stq=1
[2025-12-19 23:07:21] No matching unread STQ found. Sleeping 5s...
[2025-12-19 23:07:26] 
[Loop #134] Scanning for unread STQ mails...
[2025-12-19 23:07:26] Scan stats => checked:1 matched:0 | skipped: read=0 sender=0 no_stq=1
[2025-12-19 23:07:26] No matching unread STQ found. Sleeping 5s...
[2025-12-19 23:07:31] 
[Loop #135] Scanning for unread STQ mails...
[2025-12-19 23:07:31] Scan stats => checked:1 matched:0 | skipped: read=0 sender=0 no_stq=1
[2025-12-19 23:07:31] No matching unread STQ found. Sleeping 5s...
[2025-12-19 23:07:36] 
[Loop #136] Scanning for unread STQ mails...
[2025-12-19 23:07:36] Scan stats => checked:1 matched:0 | skipped: read=0 sender=0 no_stq=1
[2025-12-19 23:07:36] No matching unread STQ found. Sleeping 5s...
[2025-12-19 23:07:41] 
[Loop #137] Scanning for unread STQ mails...
[2025-12-19 23:07:41] Scan stats => checked:1 matched:0 | skipped: read=0 sender=0 no_stq=1
[2025-12-19 23:07:41] No matching unread STQ found. Sleeping 5s...
[2025-12-19 23:07:46] 
[Loop #138] Scanning for unread STQ mails...
[2025-12-19 23:07:46] Scan stats => checked:1 matched:0 | skipped: read=0 sender=0 no_stq=1
[2025-12-19 23:07:46] No matching unread STQ found. Sleeping 5s...
[2025-12-19 23:07:51] 
[Loop #139] Scanning for unread STQ mails...
[2025-12-19 23:07:51] Scan stats => checked:1 matched:0 | skipped: read=0 sender=0 no_stq=1
[2025-12-19 23:07:51] No matching unread STQ found. Sleeping 5s...
[2025-12-19 23:07:56] 
[Loop #140] Scanning for unread STQ mails...
[2025-12-19 23:07:56] Scan stats => checked:1 matched:0 | skipped: read=0 sender=0 no_stq=1
[2025-12-19 23:07:56] No matching unread STQ found. Sleeping 5s...
[2025-12-19 23:08:01] 
[Loop #141] Scanning for unread STQ mails...
[2025-12-19 23:08:01] Scan stats => checked:1 matched:0 | skipped: read=0 sender=0 no_stq=1
[2025-12-19 23:08:01] No matching unread STQ found. Sleeping 5s...
[2025-12-19 23:08:06] 
[Loop #142] Scanning for unread STQ mails...
[2025-12-19 23:08:06] Scan stats => checked:1 matched:0 | skipped: read=0 sender=0 no_stq=1
[2025-12-19 23:08:06] No matching unread STQ found. Sleeping 5s...
[2025-12-19 23:08:11] 
[Loop #143] Scanning for unread STQ mails...
[2025-12-19 23:08:11] Scan stats => checked:1 matched:0 | skipped: read=0 sender=0 no_stq=1
[2025-12-19 23:08:11] No matching unread STQ found. Sleeping 5s...
[2025-12-19 23:08:16] 
[Loop #144] Scanning for unread STQ mails...
[2025-12-19 23:08:16] Scan stats => checked:1 matched:0 | skipped: read=0 sender=0 no_stq=1
[2025-12-19 23:08:16] No matching unread STQ found. Sleeping 5s...
[2025-12-19 23:08:21] 
[Loop #145] Scanning for unread STQ mails...
[2025-12-19 23:08:21] Scan stats => checked:1 matched:0 | skipped: read=0 sender=0 no_stq=1
[2025-12-19 23:08:21] No matching unread STQ found. Sleeping 5s...
[2025-12-19 23:08:23] === Proyapi STQ Internal Distributor started (v2.4) ===
[2025-12-19 23:08:23] 🔄 Connecting to Outlook...
[2025-12-19 23:08:23] ✅ Outlook connection established (attempt 1/3)
[2025-12-19 23:08:23] Watching: spp2dcc@kolin.com.tr / Inbox\From Proyapi
[2025-12-19 23:08:23] Sender filter: chuseyn@kolin.com.tr
[2025-12-19 23:08:23] Mode: display | Poll: 5s | Lookback: 7d | MaxScan:200
[2025-12-19 23:08:23] Allowed attachment exts: ['.xls', '.xlsm', '.xlsx']
[2025-12-19 23:08:23] Filter: ONLY UNREAD mails. Processed mail will be marked READ.
[2025-12-19 23:08:23] 
[Loop #1] Scanning for unread STQ mails...
[2025-12-19 23:08:23] DEBUG => UnRead=True | Sender=chuseyn@kolin.com.tr | Subject=KLN-SPP2-STQ-AR-GN00-355_R00_Prokon_Reply
[2025-12-19 23:08:23] Scan stats => checked:1 matched:1 | skipped: read=0 sender=0 no_stq=0
[2025-12-19 23:08:23] FOUND => KLN-SPP2-STQ-AR-GN00-355_R00 | Files=1 | Date=19 Dec 2025
[2025-12-19 23:08:24] 👀 Displayed: KLN-SPP2-STQ-AR-GN00-355_R00_Prokon_Reply | Attachments=1 (modal=False)
[2025-12-19 23:08:24] ❌ Loop error: (-2147352567, 'Exception occurred.', (4096, 'Microsoft Outlook', 'The item has been moved or deleted.', None, 0, -2147221238), None)
[2025-12-19 23:08:24] Traceback (most recent call last):
  File "C:\Users\husey\OneDrive\Desktop\Development\Work_Automation\internal_stq_distributor.py", line 675, in main
    create_internal_mail(
    ~~~~~~~~~~~~~~~~~~~~^
        outlook_app=outlook_app,
        ^^^^^^^^^^^^^^^^^^^^^^^^
    ...<2 lines>...
        attach_files=p.attach_files,
        ^^^^^^^^^^^^^^^^^^^^^^^^^^^^
    )
    ^
  File "C:\Users\husey\OneDrive\Desktop\Development\Work_Automation\internal_stq_distributor.py", line 491, in create_internal_mail
    log(f"✅ Sent after display: {msg.Subject} | Attachments={len(attach_files)}")
                                  ^^^^^^^^^^^
  File "C:\Users\husey\AppData\Local\Programs\Python\Python314\Lib\site-packages\win32com\client\dynamic.py", line 620, in __getattr__
    ret = self._oleobj_.Invoke(retEntry.dispid, 0, invoke_type, 1)
pywintypes.com_error: (-2147352567, 'Exception occurred.', (4096, 'Microsoft Outlook', 'The item has been moved or deleted.', None, 0, -2147221238), None)

[2025-12-19 23:08:30] === Proyapi STQ Internal Distributor started (v2.4) ===
[2025-12-19 23:08:30] 🔄 Connecting to Outlook...
[2025-12-19 23:08:30] ✅ Outlook connection established (attempt 1/3)
[2025-12-19 23:08:30] Watching: spp2dcc@kolin.com.tr / Inbox\From Proyapi
[2025-12-19 23:08:30] Sender filter: chuseyn@kolin.com.tr
[2025-12-19 23:08:30] Mode: display | Poll: 5s | Lookback: 7d | MaxScan:200
[2025-12-19 23:08:30] Allowed attachment exts: ['.xls', '.xlsm', '.xlsx']
[2025-12-19 23:08:30] Filter: ONLY UNREAD mails. Processed mail will be marked READ.
[2025-12-19 23:08:30] 
[Loop #1] Scanning for unread STQ mails...
[2025-12-19 23:08:30] DEBUG => UnRead=True | Sender=chuseyn@kolin.com.tr | Subject=KLN-SPP2-STQ-AR-GN00-355_R00_Prokon_Reply
[2025-12-19 23:08:30] Scan stats => checked:1 matched:1 | skipped: read=0 sender=0 no_stq=0
[2025-12-19 23:08:30] FOUND => KLN-SPP2-STQ-AR-GN00-355_R00 | Files=1 | Date=19 Dec 2025
[2025-12-19 23:08:31] 👀 Displayed: KLN-SPP2-STQ-AR-GN00-355_R00_Prokon_Reply | Attachments=1 (modal=False)
[2025-12-19 23:08:31] ❌ Loop error: (-2147352567, 'Exception occurred.', (4096, 'Microsoft Outlook', 'The item has been moved or deleted.', None, 0, -2147221238), None)
[2025-12-19 23:08:31] Traceback (most recent call last):
  File "C:\Users\husey\OneDrive\Desktop\Development\Work_Automation\internal_stq_distributor.py", line 675, in main
    create_internal_mail(
    ~~~~~~~~~~~~~~~~~~~~^
        outlook_app=outlook_app,
        ^^^^^^^^^^^^^^^^^^^^^^^^
    ...<2 lines>...
        attach_files=p.attach_files,
        ^^^^^^^^^^^^^^^^^^^^^^^^^^^^
    )
    ^
  File "C:\Users\husey\OneDrive\Desktop\Development\Work_Automation\internal_stq_distributor.py", line 491, in create_internal_mail
    log(f"✅ Sent after display: {msg.Subject} | Attachments={len(attach_files)}")
                                  ^^^^^^^^^^^
  File "C:\Users\husey\AppData\Local\Programs\Python\Python314\Lib\site-packages\win32com\client\dynamic.py", line 620, in __getattr__
    ret = self._oleobj_.Invoke(retEntry.dispid, 0, invoke_type, 1)
pywintypes.com_error: (-2147352567, 'Exception occurred.', (4096, 'Microsoft Outlook', 'The item has been moved or deleted.', None, 0, -2147221238), None)

[2025-12-19 23:08:36] 
[Loop #2] Scanning for unread STQ mails...
[2025-12-19 23:08:36] DEBUG => UnRead=True | Sender=chuseyn@kolin.com.tr | Subject=KLN-SPP2-STQ-AR-GN00-355_R00_Prokon_Reply
[2025-12-19 23:08:36] Scan stats => checked:1 matched:1 | skipped: read=0 sender=0 no_stq=0
[2025-12-19 23:08:36] FOUND => KLN-SPP2-STQ-AR-GN00-355_R00 | Files=1 | Date=19 Dec 2025
[2025-12-19 23:08:36] 👀 Displayed: KLN-SPP2-STQ-AR-GN00-355_R00_Prokon_Reply | Attachments=1 (modal=False)
[2025-12-19 23:08:36] ❌ Loop error: (-2147352567, 'Exception occurred.', (4096, 'Microsoft Outlook', 'The item has been moved or deleted.', None, 0, -2147221238), None)
[2025-12-19 23:08:36] Traceback (most recent call last):
  File "C:\Users\husey\OneDrive\Desktop\Development\Work_Automation\internal_stq_distributor.py", line 675, in main
    create_internal_mail(
    ~~~~~~~~~~~~~~~~~~~~^
        outlook_app=outlook_app,
        ^^^^^^^^^^^^^^^^^^^^^^^^
    ...<2 lines>...
        attach_files=p.attach_files,
        ^^^^^^^^^^^^^^^^^^^^^^^^^^^^
    )
    ^
  File "C:\Users\husey\OneDrive\Desktop\Development\Work_Automation\internal_stq_distributor.py", line 491, in create_internal_mail
    log(f"✅ Sent after display: {msg.Subject} | Attachments={len(attach_files)}")
                                  ^^^^^^^^^^^
  File "C:\Users\husey\AppData\Local\Programs\Python\Python314\Lib\site-packages\win32com\client\dynamic.py", line 620, in __getattr__
    ret = self._oleobj_.Invoke(retEntry.dispid, 0, invoke_type, 1)
pywintypes.com_error: (-2147352567, 'Exception occurred.', (4096, 'Microsoft Outlook', 'The item has been moved or deleted.', None, 0, -2147221238), None)

[2025-12-19 23:08:41] 
[Loop #3] Scanning for unread STQ mails...
[2025-12-19 23:08:41] DEBUG => UnRead=True | Sender=chuseyn@kolin.com.tr | Subject=KLN-SPP2-STQ-AR-GN00-355_R00_Prokon_Reply
[2025-12-19 23:08:41] Scan stats => checked:1 matched:1 | skipped: read=0 sender=0 no_stq=0
[2025-12-19 23:08:41] FOUND => KLN-SPP2-STQ-AR-GN00-355_R00 | Files=1 | Date=19 Dec 2025
[2025-12-19 23:08:42] 👀 Displayed: KLN-SPP2-STQ-AR-GN00-355_R00_Prokon_Reply | Attachments=1 (modal=False)
[2025-12-19 23:08:42] ❌ Loop error: (-2147352567, 'Exception occurred.', (4096, 'Microsoft Outlook', 'The item has been moved or deleted.', None, 0, -2147221238), None)
[2025-12-19 23:08:42] Traceback (most recent call last):
  File "C:\Users\husey\OneDrive\Desktop\Development\Work_Automation\internal_stq_distributor.py", line 675, in main
    create_internal_mail(
    ~~~~~~~~~~~~~~~~~~~~^
        outlook_app=outlook_app,
        ^^^^^^^^^^^^^^^^^^^^^^^^
    ...<2 lines>...
        attach_files=p.attach_files,
        ^^^^^^^^^^^^^^^^^^^^^^^^^^^^
    )
    ^
  File "C:\Users\husey\OneDrive\Desktop\Development\Work_Automation\internal_stq_distributor.py", line 491, in create_internal_mail
    log(f"✅ Sent after display: {msg.Subject} | Attachments={len(attach_files)}")
                                  ^^^^^^^^^^^
  File "C:\Users\husey\AppData\Local\Programs\Python\Python314\Lib\site-packages\win32com\client\dynamic.py", line 620, in __getattr__
    ret = self._oleobj_.Invoke(retEntry.dispid, 0, invoke_type, 1)
pywintypes.com_error: (-2147352567, 'Exception occurred.', (4096, 'Microsoft Outlook', 'The item has been moved or deleted.', None, 0, -2147221238), None)

[2025-12-19 23:08:47] 
[Loop #4] Scanning for unread STQ mails...
[2025-12-19 23:08:47] DEBUG => UnRead=True | Sender=chuseyn@kolin.com.tr | Subject=KLN-SPP2-STQ-AR-GN00-355_R00_Prokon_Reply
[2025-12-19 23:08:47] Scan stats => checked:1 matched:1 | skipped: read=0 sender=0 no_stq=0
[2025-12-19 23:08:47] FOUND => KLN-SPP2-STQ-AR-GN00-355_R00 | Files=1 | Date=19 Dec 2025
[2025-12-19 23:08:47] 👀 Displayed: KLN-SPP2-STQ-AR-GN00-355_R00_Prokon_Reply | Attachments=1 (modal=False)
[2025-12-19 23:08:47] ❌ Loop error: (-2147352567, 'Exception occurred.', (4096, 'Microsoft Outlook', 'The item has been moved or deleted.', None, 0, -2147221238), None)
[2025-12-19 23:08:47] Traceback (most recent call last):
  File "C:\Users\husey\OneDrive\Desktop\Development\Work_Automation\internal_stq_distributor.py", line 675, in main
    create_internal_mail(
    ~~~~~~~~~~~~~~~~~~~~^
        outlook_app=outlook_app,
        ^^^^^^^^^^^^^^^^^^^^^^^^
    ...<2 lines>...
        attach_files=p.attach_files,
        ^^^^^^^^^^^^^^^^^^^^^^^^^^^^
    )
    ^
  File "C:\Users\husey\OneDrive\Desktop\Development\Work_Automation\internal_stq_distributor.py", line 491, in create_internal_mail
    log(f"✅ Sent after display: {msg.Subject} | Attachments={len(attach_files)}")
                                  ^^^^^^^^^^^
  File "C:\Users\husey\AppData\Local\Programs\Python\Python314\Lib\site-packages\win32com\client\dynamic.py", line 620, in __getattr__
    ret = self._oleobj_.Invoke(retEntry.dispid, 0, invoke_type, 1)
pywintypes.com_error: (-2147352567, 'Exception occurred.', (4096, 'Microsoft Outlook', 'The item has been moved or deleted.', None, 0, -2147221238), None)

[2025-12-19 23:08:52] 
[Loop #5] Scanning for unread STQ mails...
[2025-12-19 23:08:52] DEBUG => UnRead=True | Sender=chuseyn@kolin.com.tr | Subject=KLN-SPP2-STQ-AR-GN00-355_R00_Prokon_Reply
[2025-12-19 23:08:52] Scan stats => checked:1 matched:1 | skipped: read=0 sender=0 no_stq=0
[2025-12-19 23:08:52] FOUND => KLN-SPP2-STQ-AR-GN00-355_R00 | Files=1 | Date=19 Dec 2025
[2025-12-19 23:08:52] 👀 Displayed: KLN-SPP2-STQ-AR-GN00-355_R00_Prokon_Reply | Attachments=1 (modal=False)
[2025-12-19 23:08:52] ❌ Loop error: (-2147352567, 'Exception occurred.', (4096, 'Microsoft Outlook', 'The item has been moved or deleted.', None, 0, -2147221238), None)
[2025-12-19 23:08:52] Traceback (most recent call last):
  File "C:\Users\husey\OneDrive\Desktop\Development\Work_Automation\internal_stq_distributor.py", line 675, in main
    create_internal_mail(
    ~~~~~~~~~~~~~~~~~~~~^
        outlook_app=outlook_app,
        ^^^^^^^^^^^^^^^^^^^^^^^^
    ...<2 lines>...
        attach_files=p.attach_files,
        ^^^^^^^^^^^^^^^^^^^^^^^^^^^^
    )
    ^
  File "C:\Users\husey\OneDrive\Desktop\Development\Work_Automation\internal_stq_distributor.py", line 491, in create_internal_mail
    log(f"✅ Sent after display: {msg.Subject} | Attachments={len(attach_files)}")
                                  ^^^^^^^^^^^
  File "C:\Users\husey\AppData\Local\Programs\Python\Python314\Lib\site-packages\win32com\client\dynamic.py", line 620, in __getattr__
    ret = self._oleobj_.Invoke(retEntry.dispid, 0, invoke_type, 1)
pywintypes.com_error: (-2147352567, 'Exception occurred.', (4096, 'Microsoft Outlook', 'The item has been moved or deleted.', None, 0, -2147221238), None)

[2025-12-19 23:14:24] === Proyapi STQ Internal Distributor started (v2.5) ===
[2025-12-19 23:14:24] 🔄 Connecting to Outlook...
[2025-12-19 23:14:24] ✅ Outlook connection established (attempt 1/3)
[2025-12-19 23:14:24] Watching: spp2dcc@kolin.com.tr / Inbox\From Proyapi
[2025-12-19 23:14:24] Sender filter: chuseyn@kolin.com.tr
[2025-12-19 23:14:24] Mode: display | RUN_ONCE=True | Lookback: 7d | MaxScan:200
[2025-12-19 23:14:24] Allowed attachment exts: ['.xls', '.xlsm', '.xlsx']
[2025-12-19 23:14:24] Filter: ONLY UNREAD mails. Processed mail will be marked READ + stored in state by InternetMessageID.
[2025-12-19 23:14:24] 
[Loop #1] Scanning for unread STQ mails...
[2025-12-19 23:14:24] Scan stats => checked:0 matched:0 | skipped: read=0 sender=0 no_stq=0 processed=0
[2025-12-19 23:14:24] No matching unread STQ found.
[2025-12-19 23:14:24] RUN_ONCE=True => exiting.
[2025-12-19 23:14:43] === Proyapi STQ Internal Distributor started (v2.5) ===
[2025-12-19 23:14:43] 🔄 Connecting to Outlook...
[2025-12-19 23:14:43] ✅ Outlook connection established (attempt 1/3)
[2025-12-19 23:14:43] Watching: spp2dcc@kolin.com.tr / Inbox\From Proyapi
[2025-12-19 23:14:43] Sender filter: chuseyn@kolin.com.tr
[2025-12-19 23:14:43] Mode: display | RUN_ONCE=True | Lookback: 7d | MaxScan:200
[2025-12-19 23:14:43] Allowed attachment exts: ['.xls', '.xlsm', '.xlsx']
[2025-12-19 23:14:43] Filter: ONLY UNREAD mails. Processed mail will be marked READ + stored in state by InternetMessageID.
[2025-12-19 23:14:43] 
[Loop #1] Scanning for unread STQ mails...
[2025-12-19 23:14:43] Scan stats => checked:0 matched:0 | skipped: read=0 sender=0 no_stq=0 processed=0
[2025-12-19 23:14:43] No matching unread STQ found.
[2025-12-19 23:14:43] RUN_ONCE=True => exiting.
[2025-12-19 23:23:40] === Proyapi STQ Internal Distributor started (v2.4.1) ===
[2025-12-19 23:23:40] 🔄 Connecting to Outlook...
[2025-12-19 23:23:40] ✅ Outlook connection established (attempt 1/3)
[2025-12-19 23:23:40] Watching: spp2dcc@kolin.com.tr / Inbox\From Proyapi
[2025-12-19 23:23:40] Sender filter: chuseyn@kolin.com.tr
[2025-12-19 23:23:40] Mode: display | Poll: 5s | Lookback: 7d | MaxScan:200
[2025-12-19 23:23:40] Allowed attachment exts: ['.xls', '.xlsm', '.xlsx']
[2025-12-19 23:23:40] Filter: ONLY UNREAD mails. Lock mail as READ before send to prevent duplicates.
[2025-12-19 23:23:40] 
[Loop #1] Scanning for unread STQ mails...
[2025-12-19 23:23:40] Scan stats => checked:0 matched:0 | skipped: read=0 sender=0 no_stq=0 processed=0
[2025-12-19 23:23:40] No matching unread STQ found. Sleeping 5s...
[2025-12-19 23:23:45] 
[Loop #2] Scanning for unread STQ mails...
[2025-12-19 23:23:45] Scan stats => checked:0 matched:0 | skipped: read=0 sender=0 no_stq=0 processed=0
[2025-12-19 23:23:45] No matching unread STQ found. Sleeping 5s...
[2025-12-19 23:23:50] 
[Loop #3] Scanning for unread STQ mails...
[2025-12-19 23:23:50] Scan stats => checked:0 matched:0 | skipped: read=0 sender=0 no_stq=0 processed=0
[2025-12-19 23:23:50] No matching unread STQ found. Sleeping 5s...
[2025-12-19 23:23:55] 
[Loop #4] Scanning for unread STQ mails...
[2025-12-19 23:23:55] Scan stats => checked:0 matched:0 | skipped: read=0 sender=0 no_stq=0 processed=0
[2025-12-19 23:23:55] No matching unread STQ found. Sleeping 5s...
[2025-12-19 23:24:00] 
[Loop #5] Scanning for unread STQ mails...
[2025-12-19 23:24:00] Scan stats => checked:0 matched:0 | skipped: read=0 sender=0 no_stq=0 processed=0
[2025-12-19 23:24:00] No matching unread STQ found. Sleeping 5s...
[2025-12-19 23:24:05] 
[Loop #6] Scanning for unread STQ mails...
[2025-12-19 23:24:05] Scan stats => checked:0 matched:0 | skipped: read=0 sender=0 no_stq=0 processed=0
[2025-12-19 23:24:05] No matching unread STQ found. Sleeping 5s...
[2025-12-19 23:24:10] 
[Loop #7] Scanning for unread STQ mails...
[2025-12-19 23:24:10] Scan stats => checked:0 matched:0 | skipped: read=0 sender=0 no_stq=0 processed=0
[2025-12-19 23:24:10] No matching unread STQ found. Sleeping 5s...
[2025-12-19 23:24:15] 
[Loop #8] Scanning for unread STQ mails...
[2025-12-19 23:24:15] Scan stats => checked:0 matched:0 | skipped: read=0 sender=0 no_stq=0 processed=0
[2025-12-19 23:24:15] No matching unread STQ found. Sleeping 5s...
[2025-12-19 23:24:20] 
[Loop #9] Scanning for unread STQ mails...
[2025-12-19 23:24:20] Scan stats => checked:0 matched:0 | skipped: read=0 sender=0 no_stq=0 processed=0
[2025-12-19 23:24:20] No matching unread STQ found. Sleeping 5s...
[2025-12-19 23:24:25] 
[Loop #10] Scanning for unread STQ mails...
[2025-12-19 23:24:25] Scan stats => checked:0 matched:0 | skipped: read=0 sender=0 no_stq=0 processed=0
[2025-12-19 23:24:25] No matching unread STQ found. Sleeping 5s...
[2025-12-19 23:24:30] 
[Loop #11] Scanning for unread STQ mails...
[2025-12-19 23:24:30] Scan stats => checked:0 matched:0 | skipped: read=0 sender=0 no_stq=0 processed=0
[2025-12-19 23:24:30] No matching unread STQ found. Sleeping 5s...
[2025-12-19 23:24:35] 
[Loop #12] Scanning for unread STQ mails...
[2025-12-19 23:24:35] Scan stats => checked:0 matched:0 | skipped: read=0 sender=0 no_stq=0 processed=0
[2025-12-19 23:24:35] No matching unread STQ found. Sleeping 5s...
[2025-12-19 23:24:40] 
[Loop #13] Scanning for unread STQ mails...
[2025-12-19 23:24:40] Scan stats => checked:0 matched:0 | skipped: read=0 sender=0 no_stq=0 processed=0
[2025-12-19 23:24:40] No matching unread STQ found. Sleeping 5s...
[2025-12-19 23:24:45] 
[Loop #14] Scanning for unread STQ mails...
[2025-12-19 23:24:45] Scan stats => checked:0 matched:0 | skipped: read=0 sender=0 no_stq=0 processed=0
[2025-12-19 23:24:45] No matching unread STQ found. Sleeping 5s...
[2025-12-19 23:24:50] 
[Loop #15] Scanning for unread STQ mails...
[2025-12-19 23:24:50] Scan stats => checked:0 matched:0 | skipped: read=0 sender=0 no_stq=0 processed=0
[2025-12-19 23:24:50] No matching unread STQ found. Sleeping 5s...
[2025-12-19 23:24:55] 
[Loop #16] Scanning for unread STQ mails...
[2025-12-19 23:24:55] Scan stats => checked:0 matched:0 | skipped: read=0 sender=0 no_stq=0 processed=0
[2025-12-19 23:24:55] No matching unread STQ found. Sleeping 5s...
[2025-12-19 23:25:00] 
[Loop #17] Scanning for unread STQ mails...
[2025-12-19 23:25:00] Scan stats => checked:0 matched:0 | skipped: read=0 sender=0 no_stq=0 processed=0
[2025-12-19 23:25:00] No matching unread STQ found. Sleeping 5s...
[2025-12-19 23:25:05] 
[Loop #18] Scanning for unread STQ mails...
[2025-12-19 23:25:05] Scan stats => checked:0 matched:0 | skipped: read=0 sender=0 no_stq=0 processed=0
[2025-12-19 23:25:05] No matching unread STQ found. Sleeping 5s...
[2025-12-19 23:25:10] 
[Loop #19] Scanning for unread STQ mails...
[2025-12-19 23:25:10] Scan stats => checked:0 matched:0 | skipped: read=0 sender=0 no_stq=0 processed=0
[2025-12-19 23:25:10] No matching unread STQ found. Sleeping 5s...
[2025-12-19 23:25:16] 
[Loop #20] Scanning for unread STQ mails...
[2025-12-19 23:25:16] Scan stats => checked:0 matched:0 | skipped: read=0 sender=0 no_stq=0 processed=0
[2025-12-19 23:25:16] No matching unread STQ found. Sleeping 5s...
[2025-12-19 23:25:21] 
[Loop #21] Scanning for unread STQ mails...
[2025-12-19 23:25:21] Scan stats => checked:0 matched:0 | skipped: read=0 sender=0 no_stq=0 processed=0
[2025-12-19 23:25:21] No matching unread STQ found. Sleeping 5s...
[2025-12-19 23:25:26] 
[Loop #22] Scanning for unread STQ mails...
[2025-12-19 23:25:26] Scan stats => checked:0 matched:0 | skipped: read=0 sender=0 no_stq=0 processed=0
[2025-12-19 23:25:26] No matching unread STQ found. Sleeping 5s...
[2025-12-19 23:25:31] 
[Loop #23] Scanning for unread STQ mails...
[2025-12-19 23:25:31] Scan stats => checked:0 matched:0 | skipped: read=0 sender=0 no_stq=0 processed=0
[2025-12-19 23:25:31] No matching unread STQ found. Sleeping 5s...
[2025-12-19 23:25:36] 
[Loop #24] Scanning for unread STQ mails...
[2025-12-19 23:25:36] DEBUG => UnRead=True | UID=<ee26d99a3c6446fcaa17e2732f043b65@klmsrvemb04.kolindmz.local | Sender=chuseyn@kolin.com.tr | Subject=KLN-SPP2-STQ-AR-GN00-355_R00_Prokon_Reply
[2025-12-19 23:25:36] Scan stats => checked:1 matched:1 | skipped: read=0 sender=0 no_stq=0 processed=0
[2025-12-19 23:25:36] FOUND => KLN-SPP2-STQ-AR-GN00-355_R00 | Files=1 | Date=19 Dec 2025
[2025-12-19 23:25:36] 👀 Displayed: KLN-SPP2-STQ-AR-GN00-355_R00_Prokon_Reply | Attachments=1 (modal=False)
[2025-12-19 23:25:36] ❌ Loop error: (-2147352567, 'Exception occurred.', (4096, 'Microsoft Outlook', 'The item has been moved or deleted.', None, 0, -2147221238), None)
[2025-12-19 23:25:36] Traceback (most recent call last):
  File "C:\Users\husey\OneDrive\Desktop\Development\Work_Automation\internal_stq_distributor.py", line 687, in main
    create_internal_mail(
    ~~~~~~~~~~~~~~~~~~~~^
        outlook_app=outlook_app,
        ^^^^^^^^^^^^^^^^^^^^^^^^
    ...<2 lines>...
        attach_files=p.attach_files,
        ^^^^^^^^^^^^^^^^^^^^^^^^^^^^
    )
    ^
  File "C:\Users\husey\OneDrive\Desktop\Development\Work_Automation\internal_stq_distributor.py", line 482, in create_internal_mail
    log(f"✅ Sent after display: {msg.Subject} | Attachments={len(attach_files)}")
                                  ^^^^^^^^^^^
  File "C:\Users\husey\AppData\Local\Programs\Python\Python314\Lib\site-packages\win32com\client\dynamic.py", line 620, in __getattr__
    ret = self._oleobj_.Invoke(retEntry.dispid, 0, invoke_type, 1)
pywintypes.com_error: (-2147352567, 'Exception occurred.', (4096, 'Microsoft Outlook', 'The item has been moved or deleted.', None, 0, -2147221238), None)

[2025-12-19 23:25:41] 
[Loop #25] Scanning for unread STQ mails...
[2025-12-19 23:25:41] Scan stats => checked:0 matched:0 | skipped: read=0 sender=0 no_stq=0 processed=0
[2025-12-19 23:25:41] No matching unread STQ found. Sleeping 5s...
[2025-12-19 23:25:46] 
[Loop #26] Scanning for unread STQ mails...
[2025-12-19 23:25:46] Scan stats => checked:0 matched:0 | skipped: read=0 sender=0 no_stq=0 processed=0
[2025-12-19 23:25:46] No matching unread STQ found. Sleeping 5s...
[2025-12-19 23:25:51] 
[Loop #27] Scanning for unread STQ mails...
[2025-12-19 23:25:51] Scan stats => checked:0 matched:0 | skipped: read=0 sender=0 no_stq=0 processed=0
[2025-12-19 23:25:51] No matching unread STQ found. Sleeping 5s...
[2025-12-19 23:25:56] 
[Loop #28] Scanning for unread STQ mails...
[2025-12-19 23:25:56] Scan stats => checked:0 matched:0 | skipped: read=0 sender=0 no_stq=0 processed=0
[2025-12-19 23:25:56] No matching unread STQ found. Sleeping 5s...
[2025-12-19 23:26:01] 
[Loop #29] Scanning for unread STQ mails...
[2025-12-19 23:26:01] Scan stats => checked:0 matched:0 | skipped: read=0 sender=0 no_stq=0 processed=0
[2025-12-19 23:26:01] No matching unread STQ found. Sleeping 5s...
[2025-12-19 23:26:06] 
[Loop #30] Scanning for unread STQ mails...
[2025-12-19 23:26:06] Scan stats => checked:0 matched:0 | skipped: read=0 sender=0 no_stq=0 processed=0
[2025-12-19 23:26:06] No matching unread STQ found. Sleeping 5s...
[2025-12-19 23:26:11] 
[Loop #31] Scanning for unread STQ mails...
[2025-12-19 23:26:11] Scan stats => checked:0 matched:0 | skipped: read=0 sender=0 no_stq=0 processed=0
[2025-12-19 23:26:11] No matching unread STQ found. Sleeping 5s...
[2025-12-19 23:26:16] 
[Loop #32] Scanning for unread STQ mails...
[2025-12-19 23:26:16] Scan stats => checked:0 matched:0 | skipped: read=0 sender=0 no_stq=0 processed=0
[2025-12-19 23:26:16] No matching unread STQ found. Sleeping 5s...
[2025-12-19 23:26:21] 
[Loop #33] Scanning for unread STQ mails...
[2025-12-19 23:26:21] Scan stats => checked:0 matched:0 | skipped: read=0 sender=0 no_stq=0 processed=0
[2025-12-19 23:26:21] No matching unread STQ found. Sleeping 5s...
[2025-12-19 23:26:26] 
[Loop #34] Scanning for unread STQ mails...
[2025-12-19 23:26:26] Scan stats => checked:0 matched:0 | skipped: read=0 sender=0 no_stq=0 processed=0
[2025-12-19 23:26:26] No matching unread STQ found. Sleeping 5s...
[2025-12-19 23:26:31] 
[Loop #35] Scanning for unread STQ mails...
[2025-12-19 23:26:31] Scan stats => checked:0 matched:0 | skipped: read=0 sender=0 no_stq=0 processed=0
[2025-12-19 23:26:31] No matching unread STQ found. Sleeping 5s...
[2025-12-19 23:26:36] 
[Loop #36] Scanning for unread STQ mails...
[2025-12-19 23:26:36] Scan stats => checked:0 matched:0 | skipped: read=0 sender=0 no_stq=0 processed=0
[2025-12-19 23:26:36] No matching unread STQ found. Sleeping 5s...
[2025-12-19 23:26:41] 
[Loop #37] Scanning for unread STQ mails...
[2025-12-19 23:26:41] Scan stats => checked:0 matched:0 | skipped: read=0 sender=0 no_stq=0 processed=0
[2025-12-19 23:26:42] No matching unread STQ found. Sleeping 5s...
[2025-12-19 23:26:47] 
[Loop #38] Scanning for unread STQ mails...
[2025-12-19 23:26:47] Scan stats => checked:0 matched:0 | skipped: read=0 sender=0 no_stq=0 processed=0
[2025-12-19 23:26:47] No matching unread STQ found. Sleeping 5s...
[2025-12-19 23:26:52] 
[Loop #39] Scanning for unread STQ mails...
[2025-12-19 23:26:52] Scan stats => checked:0 matched:0 | skipped: read=0 sender=0 no_stq=0 processed=0
[2025-12-19 23:26:52] No matching unread STQ found. Sleeping 5s...
[2025-12-19 23:26:57] 
[Loop #40] Scanning for unread STQ mails...
[2025-12-19 23:26:57] Scan stats => checked:0 matched:0 | skipped: read=0 sender=0 no_stq=0 processed=0
[2025-12-19 23:26:57] No matching unread STQ found. Sleeping 5s...
[2025-12-19 23:27:02] 
[Loop #41] Scanning for unread STQ mails...
[2025-12-19 23:27:02] Scan stats => checked:0 matched:0 | skipped: read=0 sender=0 no_stq=0 processed=0
[2025-12-19 23:27:02] No matching unread STQ found. Sleeping 5s...
[2025-12-19 23:27:07] 
[Loop #42] Scanning for unread STQ mails...
[2025-12-19 23:27:07] Scan stats => checked:0 matched:0 | skipped: read=0 sender=0 no_stq=0 processed=0
[2025-12-19 23:27:07] No matching unread STQ found. Sleeping 5s...
[2025-12-19 23:27:12] 
[Loop #43] Scanning for unread STQ mails...
[2025-12-19 23:27:12] Scan stats => checked:0 matched:0 | skipped: read=0 sender=0 no_stq=0 processed=0
[2025-12-19 23:27:12] No matching unread STQ found. Sleeping 5s...
[2025-12-19 23:27:17] 
[Loop #44] Scanning for unread STQ mails...
[2025-12-19 23:27:17] Scan stats => checked:0 matched:0 | skipped: read=0 sender=0 no_stq=0 processed=0
[2025-12-19 23:27:17] No matching unread STQ found. Sleeping 5s...
[2025-12-19 23:27:22] 
[Loop #45] Scanning for unread STQ mails...
[2025-12-19 23:27:22] Scan stats => checked:0 matched:0 | skipped: read=0 sender=0 no_stq=0 processed=0
[2025-12-19 23:27:22] No matching unread STQ found. Sleeping 5s...
[2025-12-19 23:27:27] 
[Loop #46] Scanning for unread STQ mails...
[2025-12-19 23:27:27] Scan stats => checked:0 matched:0 | skipped: read=0 sender=0 no_stq=0 processed=0
[2025-12-19 23:27:27] No matching unread STQ found. Sleeping 5s...
[2025-12-19 23:27:32] 
[Loop #47] Scanning for unread STQ mails...
[2025-12-19 23:27:32] Scan stats => checked:0 matched:0 | skipped: read=0 sender=0 no_stq=0 processed=0
[2025-12-19 23:27:32] No matching unread STQ found. Sleeping 5s...
[2025-12-19 23:27:37] 
[Loop #48] Scanning for unread STQ mails...
[2025-12-19 23:27:37] Scan stats => checked:0 matched:0 | skipped: read=0 sender=0 no_stq=0 processed=0
[2025-12-19 23:27:37] No matching unread STQ found. Sleeping 5s...
[2025-12-19 23:27:42] 
[Loop #49] Scanning for unread STQ mails...
[2025-12-19 23:27:42] Scan stats => checked:0 matched:0 | skipped: read=0 sender=0 no_stq=0 processed=0
[2025-12-19 23:27:42] No matching unread STQ found. Sleeping 5s...
[2025-12-19 23:27:47] 
[Loop #50] Scanning for unread STQ mails...
[2025-12-19 23:27:47] Scan stats => checked:0 matched:0 | skipped: read=0 sender=0 no_stq=0 processed=0
[2025-12-19 23:27:47] No matching unread STQ found. Sleeping 5s...
[2025-12-19 23:27:52] 
[Loop #51] Scanning for unread STQ mails...
[2025-12-19 23:27:52] Scan stats => checked:0 matched:0 | skipped: read=0 sender=0 no_stq=0 processed=0
[2025-12-19 23:27:52] No matching unread STQ found. Sleeping 5s...
[2025-12-19 23:27:57] 
[Loop #52] Scanning for unread STQ mails...
[2025-12-19 23:27:57] Scan stats => checked:0 matched:0 | skipped: read=0 sender=0 no_stq=0 processed=0
[2025-12-19 23:27:57] No matching unread STQ found. Sleeping 5s...
[2025-12-19 23:28:02] 
[Loop #53] Scanning for unread STQ mails...
[2025-12-19 23:28:02] Scan stats => checked:0 matched:0 | skipped: read=0 sender=0 no_stq=0 processed=0
[2025-12-19 23:28:02] No matching unread STQ found. Sleeping 5s...
[2025-12-19 23:28:07] 
[Loop #54] Scanning for unread STQ mails...
[2025-12-19 23:28:07] Scan stats => checked:0 matched:0 | skipped: read=0 sender=0 no_stq=0 processed=0
[2025-12-19 23:28:07] No matching unread STQ found. Sleeping 5s...
[2025-12-19 23:28:12] 
[Loop #55] Scanning for unread STQ mails...
[2025-12-19 23:28:12] Scan stats => checked:0 matched:0 | skipped: read=0 sender=0 no_stq=0 processed=0
[2025-12-19 23:28:12] No matching unread STQ found. Sleeping 5s...
[2025-12-19 23:28:17] 
[Loop #56] Scanning for unread STQ mails...
[2025-12-19 23:28:17] Scan stats => checked:0 matched:0 | skipped: read=0 sender=0 no_stq=0 processed=0
[2025-12-19 23:28:17] No matching unread STQ found. Sleeping 5s...
[2025-12-19 23:28:22] 
[Loop #57] Scanning for unread STQ mails...
[2025-12-19 23:28:22] Scan stats => checked:0 matched:0 | skipped: read=0 sender=0 no_stq=0 processed=0
[2025-12-19 23:28:22] No matching unread STQ found. Sleeping 5s...
[2025-12-19 23:28:27] 
[Loop #58] Scanning for unread STQ mails...
[2025-12-19 23:28:27] Scan stats => checked:0 matched:0 | skipped: read=0 sender=0 no_stq=0 processed=0
[2025-12-19 23:28:27] No matching unread STQ found. Sleeping 5s...
[2025-12-19 23:28:32] 
[Loop #59] Scanning for unread STQ mails...
[2025-12-19 23:28:32] Scan stats => checked:0 matched:0 | skipped: read=0 sender=0 no_stq=0 processed=0
[2025-12-19 23:28:32] No matching unread STQ found. Sleeping 5s...
[2025-12-19 23:28:37] 
[Loop #60] Scanning for unread STQ mails...
[2025-12-19 23:28:37] Scan stats => checked:0 matched:0 | skipped: read=0 sender=0 no_stq=0 processed=0
[2025-12-19 23:28:37] No matching unread STQ found. Sleeping 5s...
[2025-12-19 23:28:42] 
[Loop #61] Scanning for unread STQ mails...
[2025-12-19 23:28:42] Scan stats => checked:0 matched:0 | skipped: read=0 sender=0 no_stq=0 processed=0
[2025-12-19 23:28:42] No matching unread STQ found. Sleeping 5s...
[2025-12-19 23:28:47] 
[Loop #62] Scanning for unread STQ mails...
[2025-12-19 23:28:47] Scan stats => checked:0 matched:0 | skipped: read=0 sender=0 no_stq=0 processed=0
[2025-12-19 23:28:47] No matching unread STQ found. Sleeping 5s...
[2025-12-19 23:28:52] 
[Loop #63] Scanning for unread STQ mails...
[2025-12-19 23:28:52] Scan stats => checked:0 matched:0 | skipped: read=0 sender=0 no_stq=0 processed=0
[2025-12-19 23:28:52] No matching unread STQ found. Sleeping 5s...
[2025-12-19 23:28:57] 
[Loop #64] Scanning for unread STQ mails...
[2025-12-19 23:28:57] Scan stats => checked:0 matched:0 | skipped: read=0 sender=0 no_stq=0 processed=0
[2025-12-19 23:28:57] No matching unread STQ found. Sleeping 5s...
[2025-12-19 23:29:02] 
[Loop #65] Scanning for unread STQ mails...
[2025-12-19 23:29:02] Scan stats => checked:0 matched:0 | skipped: read=0 sender=0 no_stq=0 processed=0
[2025-12-19 23:29:02] No matching unread STQ found. Sleeping 5s...
[2025-12-19 23:29:07] 
[Loop #66] Scanning for unread STQ mails...
[2025-12-19 23:29:07] Scan stats => checked:0 matched:0 | skipped: read=0 sender=0 no_stq=0 processed=0
[2025-12-19 23:29:07] No matching unread STQ found. Sleeping 5s...
[2025-12-19 23:29:12] 
[Loop #67] Scanning for unread STQ mails...
[2025-12-19 23:29:13] DEBUG => UnRead=True | UID=<112c94781a8945fb84c821b6b6f5e7ec@klmsrvemb04.kolindmz.local | Sender=chuseyn@kolin.com.tr | Subject=KLN-SPP2-STQ-MC-GN00-344_R00_Prokon_Reply/KLN-SPP2-STQ-MC-GN00-350_R00_Prokon_Reply/KLN-SPP2-STQ-MC-GN00-354_R00_Prokon_Reply
[2025-12-19 23:29:13] Scan stats => checked:1 matched:1 | skipped: read=0 sender=0 no_stq=0 processed=0
[2025-12-19 23:29:13] FOUND => KLN-SPP2-STQ-MC-GN00-344_R00 | Files=3 | Date=19 Dec 2025
[2025-12-19 23:29:13] 👀 Displayed: KLN-SPP2-STQ-MC-GN00-344_R00_Prokon_Reply/KLN-SPP2-STQ-MC-GN00-350_R00_Prokon_Reply/KLN-SPP2-STQ-MC-GN00-354_R00_Prokon_Reply | Attachments=3 (modal=False)
[2025-12-19 23:29:13] ❌ Loop error: (-2147352567, 'Exception occurred.', (4096, 'Microsoft Outlook', 'The item has been moved or deleted.', None, 0, -2147221238), None)
[2025-12-19 23:29:13] Traceback (most recent call last):
  File "C:\Users\husey\OneDrive\Desktop\Development\Work_Automation\internal_stq_distributor.py", line 687, in main
    create_internal_mail(
    ~~~~~~~~~~~~~~~~~~~~^
        outlook_app=outlook_app,
        ^^^^^^^^^^^^^^^^^^^^^^^^
    ...<2 lines>...
        attach_files=p.attach_files,
        ^^^^^^^^^^^^^^^^^^^^^^^^^^^^
    )
    ^
  File "C:\Users\husey\OneDrive\Desktop\Development\Work_Automation\internal_stq_distributor.py", line 482, in create_internal_mail
    log(f"✅ Sent after display: {msg.Subject} | Attachments={len(attach_files)}")
                                  ^^^^^^^^^^^
  File "C:\Users\husey\AppData\Local\Programs\Python\Python314\Lib\site-packages\win32com\client\dynamic.py", line 620, in __getattr__
    ret = self._oleobj_.Invoke(retEntry.dispid, 0, invoke_type, 1)
pywintypes.com_error: (-2147352567, 'Exception occurred.', (4096, 'Microsoft Outlook', 'The item has been moved or deleted.', None, 0, -2147221238), None)

[2025-12-19 23:29:18] 
[Loop #68] Scanning for unread STQ mails...
[2025-12-19 23:29:18] Scan stats => checked:0 matched:0 | skipped: read=0 sender=0 no_stq=0 processed=0
[2025-12-19 23:29:18] No matching unread STQ found. Sleeping 5s...
[2025-12-19 23:29:23] 
[Loop #69] Scanning for unread STQ mails...
[2025-12-19 23:29:23] Scan stats => checked:0 matched:0 | skipped: read=0 sender=0 no_stq=0 processed=0
[2025-12-19 23:29:23] No matching unread STQ found. Sleeping 5s...
[2025-12-19 23:29:28] 
[Loop #70] Scanning for unread STQ mails...
[2025-12-19 23:29:28] Scan stats => checked:0 matched:0 | skipped: read=0 sender=0 no_stq=0 processed=0
[2025-12-19 23:29:28] No matching unread STQ found. Sleeping 5s...
[2025-12-19 23:29:33] 
[Loop #71] Scanning for unread STQ mails...
[2025-12-19 23:29:33] Scan stats => checked:0 matched:0 | skipped: read=0 sender=0 no_stq=0 processed=0
[2025-12-19 23:29:33] No matching unread STQ found. Sleeping 5s...
[2025-12-19 23:29:38] 
[Loop #72] Scanning for unread STQ mails...
[2025-12-19 23:29:38] Scan stats => checked:0 matched:0 | skipped: read=0 sender=0 no_stq=0 processed=0
[2025-12-19 23:29:38] No matching unread STQ found. Sleeping 5s...
[2025-12-19 23:29:43] 
[Loop #73] Scanning for unread STQ mails...
[2025-12-19 23:29:43] Scan stats => checked:0 matched:0 | skipped: read=0 sender=0 no_stq=0 processed=0
[2025-12-19 23:29:43] No matching unread STQ found. Sleeping 5s...
[2025-12-19 23:29:48] 
[Loop #74] Scanning for unread STQ mails...
[2025-12-19 23:29:48] Scan stats => checked:0 matched:0 | skipped: read=0 sender=0 no_stq=0 processed=0
[2025-12-19 23:29:48] No matching unread STQ found. Sleeping 5s...
[2025-12-19 23:29:53] 
[Loop #75] Scanning for unread STQ mails...
[2025-12-19 23:29:53] Scan stats => checked:0 matched:0 | skipped: read=0 sender=0 no_stq=0 processed=0
[2025-12-19 23:29:53] No matching unread STQ found. Sleeping 5s...
[2025-12-19 23:29:58] 
[Loop #76] Scanning for unread STQ mails...
[2025-12-19 23:29:58] Scan stats => checked:0 matched:0 | skipped: read=0 sender=0 no_stq=0 processed=0
[2025-12-19 23:29:58] No matching unread STQ found. Sleeping 5s...
[2025-12-19 23:30:03] 
[Loop #77] Scanning for unread STQ mails...
[2025-12-19 23:30:03] Scan stats => checked:0 matched:0 | skipped: read=0 sender=0 no_stq=0 processed=0
[2025-12-19 23:30:03] No matching unread STQ found. Sleeping 5s...
[2025-12-19 23:30:08] 
[Loop #78] Scanning for unread STQ mails...
[2025-12-19 23:30:08] Scan stats => checked:0 matched:0 | skipped: read=0 sender=0 no_stq=0 processed=0
[2025-12-19 23:30:08] No matching unread STQ found. Sleeping 5s...
[2025-12-19 23:30:13] 
[Loop #79] Scanning for unread STQ mails...
[2025-12-19 23:30:13] Scan stats => checked:0 matched:0 | skipped: read=0 sender=0 no_stq=0 processed=0
[2025-12-19 23:30:13] No matching unread STQ found. Sleeping 5s...
[2025-12-19 23:30:18] 
[Loop #80] Scanning for unread STQ mails...
[2025-12-19 23:30:18] Scan stats => checked:0 matched:0 | skipped: read=0 sender=0 no_stq=0 processed=0
[2025-12-19 23:30:18] No matching unread STQ found. Sleeping 5s...
[2025-12-19 23:30:23] 
[Loop #81] Scanning for unread STQ mails...
[2025-12-19 23:30:23] Scan stats => checked:0 matched:0 | skipped: read=0 sender=0 no_stq=0 processed=0
[2025-12-19 23:30:23] No matching unread STQ found. Sleeping 5s...
[2025-12-19 23:30:28] 
[Loop #82] Scanning for unread STQ mails...
[2025-12-19 23:30:28] Scan stats => checked:0 matched:0 | skipped: read=0 sender=0 no_stq=0 processed=0
[2025-12-19 23:30:28] No matching unread STQ found. Sleeping 5s...
[2025-12-19 23:30:33] 
[Loop #83] Scanning for unread STQ mails...
[2025-12-19 23:30:33] Scan stats => checked:0 matched:0 | skipped: read=0 sender=0 no_stq=0 processed=0
[2025-12-19 23:30:33] No matching unread STQ found. Sleeping 5s...
[2025-12-19 23:30:38] 
[Loop #84] Scanning for unread STQ mails...
[2025-12-19 23:30:38] Scan stats => checked:0 matched:0 | skipped: read=0 sender=0 no_stq=0 processed=0
[2025-12-19 23:30:38] No matching unread STQ found. Sleeping 5s...
[2025-12-19 23:30:43] 
[Loop #85] Scanning for unread STQ mails...
[2025-12-19 23:30:43] Scan stats => checked:0 matched:0 | skipped: read=0 sender=0 no_stq=0 processed=0
[2025-12-19 23:30:43] No matching unread STQ found. Sleeping 5s...
[2025-12-19 23:30:48] 
[Loop #86] Scanning for unread STQ mails...
[2025-12-19 23:30:48] Scan stats => checked:0 matched:0 | skipped: read=0 sender=0 no_stq=0 processed=0
[2025-12-19 23:30:48] No matching unread STQ found. Sleeping 5s...
[2025-12-19 23:30:53] 
[Loop #87] Scanning for unread STQ mails...
[2025-12-19 23:30:53] Scan stats => checked:0 matched:0 | skipped: read=0 sender=0 no_stq=0 processed=0
[2025-12-19 23:30:53] No matching unread STQ found. Sleeping 5s...
[2025-12-19 23:30:58] 
[Loop #88] Scanning for unread STQ mails...
[2025-12-19 23:30:58] Scan stats => checked:0 matched:0 | skipped: read=0 sender=0 no_stq=0 processed=0
[2025-12-19 23:30:58] No matching unread STQ found. Sleeping 5s...
[2025-12-19 23:31:03] 
[Loop #89] Scanning for unread STQ mails...
[2025-12-19 23:31:03] Scan stats => checked:0 matched:0 | skipped: read=0 sender=0 no_stq=0 processed=0
[2025-12-19 23:31:03] No matching unread STQ found. Sleeping 5s...
[2025-12-19 23:31:08] 
[Loop #90] Scanning for unread STQ mails...
[2025-12-19 23:31:08] Scan stats => checked:0 matched:0 | skipped: read=0 sender=0 no_stq=0 processed=0
[2025-12-19 23:31:08] No matching unread STQ found. Sleeping 5s...
[2025-12-19 23:31:13] 
[Loop #91] Scanning for unread STQ mails...
[2025-12-19 23:31:13] Scan stats => checked:0 matched:0 | skipped: read=0 sender=0 no_stq=0 processed=0
[2025-12-19 23:31:13] No matching unread STQ found. Sleeping 5s...
[2025-12-19 23:31:18] 
[Loop #92] Scanning for unread STQ mails...
[2025-12-19 23:31:18] Scan stats => checked:0 matched:0 | skipped: read=0 sender=0 no_stq=0 processed=0
[2025-12-19 23:31:18] No matching unread STQ found. Sleeping 5s...
[2025-12-19 23:31:23] 
[Loop #93] Scanning for unread STQ mails...
[2025-12-19 23:31:23] Scan stats => checked:0 matched:0 | skipped: read=0 sender=0 no_stq=0 processed=0
[2025-12-19 23:31:23] No matching unread STQ found. Sleeping 5s...
[2025-12-19 23:31:28] 
[Loop #94] Scanning for unread STQ mails...
[2025-12-19 23:31:28] Scan stats => checked:0 matched:0 | skipped: read=0 sender=0 no_stq=0 processed=0
[2025-12-19 23:31:28] No matching unread STQ found. Sleeping 5s...
[2025-12-19 23:31:33] 
[Loop #95] Scanning for unread STQ mails...
[2025-12-19 23:31:33] Scan stats => checked:0 matched:0 | skipped: read=0 sender=0 no_stq=0 processed=0
[2025-12-19 23:31:33] No matching unread STQ found. Sleeping 5s...
[2025-12-19 23:31:38] 
[Loop #96] Scanning for unread STQ mails...
[2025-12-19 23:31:38] Scan stats => checked:0 matched:0 | skipped: read=0 sender=0 no_stq=0 processed=0
[2025-12-19 23:31:38] No matching unread STQ found. Sleeping 5s...
[2025-12-19 23:31:43] 
[Loop #97] Scanning for unread STQ mails...
[2025-12-19 23:31:43] Scan stats => checked:0 matched:0 | skipped: read=0 sender=0 no_stq=0 processed=0
[2025-12-19 23:31:43] No matching unread STQ found. Sleeping 5s...
[2025-12-19 23:31:48] 
[Loop #98] Scanning for unread STQ mails...
[2025-12-19 23:31:48] Scan stats => checked:0 matched:0 | skipped: read=0 sender=0 no_stq=0 processed=0
[2025-12-19 23:31:48] No matching unread STQ found. Sleeping 5s...
[2025-12-19 23:31:53] 
[Loop #99] Scanning for unread STQ mails...
[2025-12-19 23:31:53] Scan stats => checked:0 matched:0 | skipped: read=0 sender=0 no_stq=0 processed=0
[2025-12-19 23:31:53] No matching unread STQ found. Sleeping 5s...
[2025-12-19 23:31:59] 
[Loop #100] Scanning for unread STQ mails...
[2025-12-19 23:31:59] Scan stats => checked:0 matched:0 | skipped: read=0 sender=0 no_stq=0 processed=0
[2025-12-19 23:31:59] No matching unread STQ found. Sleeping 5s...
[2025-12-19 23:32:04] 
[Loop #101] Scanning for unread STQ mails...
[2025-12-19 23:32:04] Scan stats => checked:0 matched:0 | skipped: read=0 sender=0 no_stq=0 processed=0
[2025-12-19 23:32:04] No matching unread STQ found. Sleeping 5s...
[2025-12-19 23:32:09] 
[Loop #102] Scanning for unread STQ mails...
[2025-12-19 23:32:09] Scan stats => checked:0 matched:0 | skipped: read=0 sender=0 no_stq=0 processed=0
[2025-12-19 23:32:09] No matching unread STQ found. Sleeping 5s...
[2025-12-19 23:32:14] 
[Loop #103] Scanning for unread STQ mails...
[2025-12-19 23:32:14] Scan stats => checked:0 matched:0 | skipped: read=0 sender=0 no_stq=0 processed=0
[2025-12-19 23:32:14] No matching unread STQ found. Sleeping 5s...
[2025-12-19 23:32:19] 
[Loop #104] Scanning for unread STQ mails...
[2025-12-19 23:32:19] Scan stats => checked:0 matched:0 | skipped: read=0 sender=0 no_stq=0 processed=0
[2025-12-19 23:32:19] No matching unread STQ found. Sleeping 5s...
[2025-12-19 23:32:24] 
[Loop #105] Scanning for unread STQ mails...
[2025-12-19 23:32:24] Scan stats => checked:0 matched:0 | skipped: read=0 sender=0 no_stq=0 processed=0
[2025-12-19 23:32:24] No matching unread STQ found. Sleeping 5s...
[2025-12-19 23:32:29] 
[Loop #106] Scanning for unread STQ mails...
[2025-12-19 23:32:29] Scan stats => checked:0 matched:0 | skipped: read=0 sender=0 no_stq=0 processed=0
[2025-12-19 23:32:29] No matching unread STQ found. Sleeping 5s...
[2025-12-19 23:36:56] === Proyapi STQ Internal Distributor started (v2.4.1) ===
[2025-12-19 23:36:56] 🔄 Connecting to Outlook...
[2025-12-19 23:36:56] ✅ Outlook connection established (attempt 1/3)
[2025-12-19 23:36:56] Watching: spp2dcc@kolin.com.tr / Inbox\From Proyapi
[2025-12-19 23:36:56] Sender filter: chuseyn@kolin.com.tr
[2025-12-19 23:36:56] Mode: display | Poll: 5s | Lookback: 7d | MaxScan:200
[2025-12-19 23:36:56] Allowed attachment exts: ['.xls', '.xlsm', '.xlsx']
[2025-12-19 23:36:56] Filter: ONLY UNREAD mails. Lock mail as READ before send to prevent duplicates.
[2025-12-19 23:36:56] 
[Loop #1] Scanning for unread STQ mails...
[2025-12-19 23:36:56] DEBUG => UnRead=True | UID=<19a4bb8358af4e0797c23f683b140172@klmsrvemb04.kolindmz.local | Sender=chuseyn@kolin.com.tr | Subject=KLN-SPP2-STQ-MC-GN00-350_R00_Prokon_Reply
[2025-12-19 23:36:56] DEBUG => UnRead=True | UID=<e8a6d7deb3b34e2ca54c4a0461a5f1c2@klmsrvemb04.kolindmz.local | Sender=chuseyn@kolin.com.tr | Subject=KLN-SPP2-STQ-MC-GN00-344_R00_Prokon_Reply/KLN-SPP2-STQ-MC-GN00-350_R00_Prokon_Reply/KLN-SPP2-STQ-MC-GN00-354_R00_Prokon_Reply
[2025-12-19 23:36:56] Scan stats => checked:2 matched:2 | skipped: read=0 sender=0 no_stq=0 processed=0
[2025-12-19 23:36:56] FOUND => KLN-SPP2-STQ-MC-GN00-350_R00 | Files=1 | Date=19 Dec 2025
[2025-12-19 23:36:56] 👀 Displayed: KLN-SPP2-STQ-MC-GN00-350_R00_Prokon_Reply | Attachments=1 (modal=False)
[2025-12-19 23:36:56] ❌ Loop error: (-2147352567, 'Exception occurred.', (4096, 'Microsoft Outlook', 'The item has been moved or deleted.', None, 0, -2147221238), None)
[2025-12-19 23:36:56] Traceback (most recent call last):
  File "C:\Users\husey\OneDrive\Desktop\Development\Work_Automation\internal_stq_distributor.py", line 720, in main
    create_internal_mail(
    ~~~~~~~~~~~~~~~~~~~~^
        outlook_app=outlook_app,
        ^^^^^^^^^^^^^^^^^^^^^^^^
    ...<2 lines>...
        attach_files=p.attach_files,
        ^^^^^^^^^^^^^^^^^^^^^^^^^^^^
    )
    ^
  File "C:\Users\husey\OneDrive\Desktop\Development\Work_Automation\internal_stq_distributor.py", line 493, in create_internal_mail
    log(f"✅ Sent after display: {msg.Subject} | Attachments={len(attach_files)}")
                                  ^^^^^^^^^^^
  File "C:\Users\husey\AppData\Local\Programs\Python\Python314\Lib\site-packages\win32com\client\dynamic.py", line 620, in __getattr__
    ret = self._oleobj_.Invoke(retEntry.dispid, 0, invoke_type, 1)
pywintypes.com_error: (-2147352567, 'Exception occurred.', (4096, 'Microsoft Outlook', 'The item has been moved or deleted.', None, 0, -2147221238), None)

[2025-12-19 23:37:01] 
[Loop #2] Scanning for unread STQ mails...
[2025-12-19 23:37:01] DEBUG => UnRead=True | UID=<e8a6d7deb3b34e2ca54c4a0461a5f1c2@klmsrvemb04.kolindmz.local | Sender=chuseyn@kolin.com.tr | Subject=KLN-SPP2-STQ-MC-GN00-344_R00_Prokon_Reply/KLN-SPP2-STQ-MC-GN00-350_R00_Prokon_Reply/KLN-SPP2-STQ-MC-GN00-354_R00_Prokon_Reply
[2025-12-19 23:37:01] Scan stats => checked:1 matched:1 | skipped: read=0 sender=0 no_stq=0 processed=0
[2025-12-19 23:37:01] FOUND => KLN-SPP2-STQ-MC-GN00-344_R00 | Files=3 | Date=19 Dec 2025
[2025-12-19 23:37:02] 👀 Displayed: KLN-SPP2-STQ-MC-GN00-344_R00_Prokon_Reply/KLN-SPP2-STQ-MC-GN00-350_R00_Prokon_Reply/KLN-SPP2-STQ-MC-GN00-354_R00_Prokon_Reply | Attachments=3 (modal=False)
[2025-12-19 23:37:02] ❌ Loop error: (-2147352567, 'Exception occurred.', (4096, 'Microsoft Outlook', 'The item has been moved or deleted.', None, 0, -2147221238), None)
[2025-12-19 23:37:02] Traceback (most recent call last):
  File "C:\Users\husey\OneDrive\Desktop\Development\Work_Automation\internal_stq_distributor.py", line 720, in main
    create_internal_mail(
    ~~~~~~~~~~~~~~~~~~~~^
        outlook_app=outlook_app,
        ^^^^^^^^^^^^^^^^^^^^^^^^
    ...<2 lines>...
        attach_files=p.attach_files,
        ^^^^^^^^^^^^^^^^^^^^^^^^^^^^
    )
    ^
  File "C:\Users\husey\OneDrive\Desktop\Development\Work_Automation\internal_stq_distributor.py", line 493, in create_internal_mail
    log(f"✅ Sent after display: {msg.Subject} | Attachments={len(attach_files)}")
                                  ^^^^^^^^^^^
  File "C:\Users\husey\AppData\Local\Programs\Python\Python314\Lib\site-packages\win32com\client\dynamic.py", line 620, in __getattr__
    ret = self._oleobj_.Invoke(retEntry.dispid, 0, invoke_type, 1)
pywintypes.com_error: (-2147352567, 'Exception occurred.', (4096, 'Microsoft Outlook', 'The item has been moved or deleted.', None, 0, -2147221238), None)

[2025-12-19 23:37:07] 
[Loop #3] Scanning for unread STQ mails...
[2025-12-19 23:37:07] Scan stats => checked:0 matched:0 | skipped: read=0 sender=0 no_stq=0 processed=0
[2025-12-19 23:37:07] No matching unread STQ found. Sleeping 5s...
[2025-12-19 23:37:12] 
[Loop #4] Scanning for unread STQ mails...
[2025-12-19 23:37:12] Scan stats => checked:0 matched:0 | skipped: read=0 sender=0 no_stq=0 processed=0
[2025-12-19 23:37:12] No matching unread STQ found. Sleeping 5s...
[2025-12-19 23:37:17] 
[Loop #5] Scanning for unread STQ mails...
[2025-12-19 23:37:17] Scan stats => checked:0 matched:0 | skipped: read=0 sender=0 no_stq=0 processed=0
[2025-12-19 23:37:17] No matching unread STQ found. Sleeping 5s...
[2025-12-19 23:37:22] 
[Loop #6] Scanning for unread STQ mails...
[2025-12-19 23:37:22] Scan stats => checked:0 matched:0 | skipped: read=0 sender=0 no_stq=0 processed=0
[2025-12-19 23:37:22] No matching unread STQ found. Sleeping 5s...
[2025-12-19 23:37:27] 
[Loop #7] Scanning for unread STQ mails...
[2025-12-19 23:37:27] Scan stats => checked:0 matched:0 | skipped: read=0 sender=0 no_stq=0 processed=0
[2025-12-19 23:37:27] No matching unread STQ found. Sleeping 5s...
[2025-12-19 23:37:32] 
[Loop #8] Scanning for unread STQ mails...
[2025-12-19 23:37:32] Scan stats => checked:0 matched:0 | skipped: read=0 sender=0 no_stq=0 processed=0
[2025-12-19 23:37:32] No matching unread STQ found. Sleeping 5s...
[2025-12-22 09:09:01] === Proyapi STQ Internal Distributor started (v2.4.1) ===
[2025-12-22 09:09:01] 🔄 Connecting to Outlook...
[2025-12-22 09:09:01] ✅ Outlook connection established (attempt 1/3)
[2025-12-22 09:09:01] Watching: spp2dcc@kolin.com.tr / Inbox\From Proyapi
[2025-12-22 09:09:01] Sender filter: chuseyn@kolin.com.tr
[2025-12-22 09:09:01] Mode: display | Poll: 5s | Lookback: 7d | MaxScan:200
[2025-12-22 09:09:01] Allowed attachment exts: ['.xls', '.xlsm', '.xlsx']
[2025-12-22 09:09:01] Filter: ONLY UNREAD mails. Lock mail as READ before send to prevent duplicates.
[2025-12-22 09:09:01] 
[Loop #1] Scanning for unread STQ mails...
[2025-12-22 09:09:01] DEBUG => UnRead=True | UID=<!&!gaaaaaaaaabil5ibgaf5trwmbuqwtfujwoaaabgaaaaaaaaasjesaygn | Sender=dccspp2@proyapimusavirlik.com | Subject=KLN-SPP2-STQ-AR-GN00-360_R00_Prokon_Reply
[2025-12-22 09:09:01] Scan stats => checked:1 matched:0 | skipped: read=0 sender=1 no_stq=0 processed=0
[2025-12-22 09:09:01] No matching unread STQ found. Sleeping 5s...
[2025-12-22 09:09:06] 
[Loop #2] Scanning for unread STQ mails...
[2025-12-22 09:09:06] DEBUG => UnRead=True | UID=<!&!gaaaaaaaaabil5ibgaf5trwmbuqwtfujwoaaabgaaaaaaaaasjesaygn | Sender=dccspp2@proyapimusavirlik.com | Subject=KLN-SPP2-STQ-AR-GN00-360_R00_Prokon_Reply
[2025-12-22 09:09:06] Scan stats => checked:1 matched:0 | skipped: read=0 sender=1 no_stq=0 processed=0
[2025-12-22 09:09:06] No matching unread STQ found. Sleeping 5s...
[2025-12-22 09:09:11] 
[Loop #3] Scanning for unread STQ mails...
[2025-12-22 09:09:11] DEBUG => UnRead=True | UID=<!&!gaaaaaaaaabil5ibgaf5trwmbuqwtfujwoaaabgaaaaaaaaasjesaygn | Sender=dccspp2@proyapimusavirlik.com | Subject=KLN-SPP2-STQ-AR-GN00-360_R00_Prokon_Reply
[2025-12-22 09:09:11] Scan stats => checked:1 matched:0 | skipped: read=0 sender=1 no_stq=0 processed=0
[2025-12-22 09:09:11] No matching unread STQ found. Sleeping 5s...
[2025-12-22 09:09:16] 
[Loop #4] Scanning for unread STQ mails...
[2025-12-22 09:09:16] DEBUG => UnRead=True | UID=<!&!gaaaaaaaaabil5ibgaf5trwmbuqwtfujwoaaabgaaaaaaaaasjesaygn | Sender=dccspp2@proyapimusavirlik.com | Subject=KLN-SPP2-STQ-AR-GN00-360_R00_Prokon_Reply
[2025-12-22 09:09:16] Scan stats => checked:1 matched:0 | skipped: read=0 sender=1 no_stq=0 processed=0
[2025-12-22 09:09:16] No matching unread STQ found. Sleeping 5s...
[2025-12-22 09:09:21] 
[Loop #5] Scanning for unread STQ mails...
[2025-12-22 09:09:21] DEBUG => UnRead=True | UID=<!&!gaaaaaaaaabil5ibgaf5trwmbuqwtfujwoaaabgaaaaaaaaasjesaygn | Sender=dccspp2@proyapimusavirlik.com | Subject=KLN-SPP2-STQ-AR-GN00-360_R00_Prokon_Reply
[2025-12-22 09:09:21] Scan stats => checked:1 matched:0 | skipped: read=0 sender=1 no_stq=0 processed=0
[2025-12-22 09:09:21] No matching unread STQ found. Sleeping 5s...
[2025-12-22 09:09:26] 
[Loop #6] Scanning for unread STQ mails...
[2025-12-22 09:09:26] DEBUG => UnRead=True | UID=<!&!gaaaaaaaaabil5ibgaf5trwmbuqwtfujwoaaabgaaaaaaaaasjesaygn | Sender=dccspp2@proyapimusavirlik.com | Subject=KLN-SPP2-STQ-AR-GN00-360_R00_Prokon_Reply
[2025-12-22 09:09:26] Scan stats => checked:1 matched:0 | skipped: read=0 sender=1 no_stq=0 processed=0
[2025-12-22 09:09:26] No matching unread STQ found. Sleeping 5s...
[2025-12-22 09:09:31] 
[Loop #7] Scanning for unread STQ mails...
[2025-12-22 09:09:31] DEBUG => UnRead=True | UID=<!&!gaaaaaaaaabil5ibgaf5trwmbuqwtfujwoaaabgaaaaaaaaasjesaygn | Sender=dccspp2@proyapimusavirlik.com | Subject=KLN-SPP2-STQ-AR-GN00-360_R00_Prokon_Reply
[2025-12-22 09:09:31] Scan stats => checked:1 matched:0 | skipped: read=0 sender=1 no_stq=0 processed=0
[2025-12-22 09:09:31] No matching unread STQ found. Sleeping 5s...
[2025-12-22 09:09:36] 
[Loop #8] Scanning for unread STQ mails...
[2025-12-22 09:09:37] DEBUG => UnRead=True | UID=<!&!gaaaaaaaaabil5ibgaf5trwmbuqwtfujwoaaabgaaaaaaaaasjesaygn | Sender=dccspp2@proyapimusavirlik.com | Subject=KLN-SPP2-STQ-AR-GN00-360_R00_Prokon_Reply
[2025-12-22 09:09:37] Scan stats => checked:1 matched:0 | skipped: read=0 sender=1 no_stq=0 processed=0
[2025-12-22 09:09:37] No matching unread STQ found. Sleeping 5s...
[2025-12-22 09:09:42] 
[Loop #9] Scanning for unread STQ mails...
[2025-12-22 09:09:42] DEBUG => UnRead=True | UID=<!&!gaaaaaaaaabil5ibgaf5trwmbuqwtfujwoaaabgaaaaaaaaasjesaygn | Sender=dccspp2@proyapimusavirlik.com | Subject=KLN-SPP2-STQ-AR-GN00-360_R00_Prokon_Reply
[2025-12-22 09:09:42] Scan stats => checked:1 matched:0 | skipped: read=0 sender=1 no_stq=0 processed=0
[2025-12-22 09:09:42] No matching unread STQ found. Sleeping 5s...
[2025-12-22 09:18:30] === Proyapi STQ Internal Distributor started (v2.4.1) ===
[2025-12-22 09:18:30] 🔄 Connecting to Outlook...
[2025-12-22 09:18:30] ✅ Outlook connection established (attempt 1/3)
[2025-12-22 09:18:30] Watching: spp2dcc@kolin.com.tr / Inbox\From Proyapi
[2025-12-22 09:18:30] Sender filter: chuseyn@kolin.com.tr
[2025-12-22 09:18:30] Mode: display | Poll: 5s | Lookback: 7d | MaxScan:200
[2025-12-22 09:18:30] Allowed attachment exts: ['.xls', '.xlsm', '.xlsx']
[2025-12-22 09:18:30] Filter: ONLY UNREAD mails. Lock mail as READ before send to prevent duplicates.
[2025-12-22 09:18:30] 
[Loop #1] Scanning for unread STQ mails...
[2025-12-22 09:18:30] Scan stats => checked:0 matched:0 | skipped: read=0 sender=0 no_stq=0 processed=0
[2025-12-22 09:18:30] No matching unread STQ found. Sleeping 5s...
[2025-12-22 09:18:35] 
[Loop #2] Scanning for unread STQ mails...
[2025-12-22 09:18:35] Scan stats => checked:0 matched:0 | skipped: read=0 sender=0 no_stq=0 processed=0
[2025-12-22 09:18:35] No matching unread STQ found. Sleeping 5s...
[2025-12-22 09:18:40] 
[Loop #3] Scanning for unread STQ mails...
[2025-12-22 09:18:40] Scan stats => checked:0 matched:0 | skipped: read=0 sender=0 no_stq=0 processed=0
[2025-12-22 09:18:40] No matching unread STQ found. Sleeping 5s...
[2025-12-22 09:18:45] 
[Loop #4] Scanning for unread STQ mails...
[2025-12-22 09:18:45] Scan stats => checked:0 matched:0 | skipped: read=0 sender=0 no_stq=0 processed=0
[2025-12-22 09:18:45] No matching unread STQ found. Sleeping 5s...
[2025-12-22 09:18:50] 
[Loop #5] Scanning for unread STQ mails...
[2025-12-22 09:18:50] Scan stats => checked:0 matched:0 | skipped: read=0 sender=0 no_stq=0 processed=0
[2025-12-22 09:18:50] No matching unread STQ found. Sleeping 5s...
[2025-12-22 09:18:55] 
[Loop #6] Scanning for unread STQ mails...
[2025-12-22 09:18:55] Scan stats => checked:0 matched:0 | skipped: read=0 sender=0 no_stq=0 processed=0
[2025-12-22 09:18:55] No matching unread STQ found. Sleeping 5s...
[2025-12-22 09:19:00] 
[Loop #7] Scanning for unread STQ mails...
[2025-12-22 09:19:00] Scan stats => checked:0 matched:0 | skipped: read=0 sender=0 no_stq=0 processed=0
[2025-12-22 09:19:00] No matching unread STQ found. Sleeping 5s...
[2025-12-22 09:26:46] === Proyapi STQ Internal Distributor started (v2.4.1) ===
[2025-12-22 09:26:46] 🔄 Connecting to Outlook...
[2025-12-22 09:26:46] ✅ Outlook connection established (attempt 1/3)
[2025-12-22 09:26:46] Watching: spp2dcc@kolin.com.tr / Inbox\From Proyapi
[2025-12-22 09:26:46] Sender filter: chuseyn@kolin.com.tr
[2025-12-22 09:26:46] Mode: display | Poll: 5s | Lookback: 7d | MaxScan:200
[2025-12-22 09:26:46] Allowed attachment exts: ['.xls', '.xlsm', '.xlsx']
[2025-12-22 09:26:46] Filter: ONLY UNREAD mails. Lock mail as READ before send to prevent duplicates.
[2025-12-22 09:26:46] 
[Loop #1] Scanning for unread STQ mails...
[2025-12-22 09:26:46] Scan stats => checked:0 matched:0 | skipped: read=0 sender=0 no_stq=0 processed=0
[2025-12-22 09:26:46] No matching unread STQ found. Sleeping 5s...
[2025-12-22 09:26:51] 
[Loop #2] Scanning for unread STQ mails...
[2025-12-22 09:26:51] Scan stats => checked:0 matched:0 | skipped: read=0 sender=0 no_stq=0 processed=0
[2025-12-22 09:26:51] No matching unread STQ found. Sleeping 5s...
[2025-12-22 09:26:56] 
[Loop #3] Scanning for unread STQ mails...
[2025-12-22 09:26:56] Scan stats => checked:0 matched:0 | skipped: read=0 sender=0 no_stq=0 processed=0
[2025-12-22 09:26:56] No matching unread STQ found. Sleeping 5s...
[2025-12-22 09:27:01] 
[Loop #4] Scanning for unread STQ mails...
[2025-12-22 09:27:01] Scan stats => checked:0 matched:0 | skipped: read=0 sender=0 no_stq=0 processed=0
[2025-12-22 09:27:01] No matching unread STQ found. Sleeping 5s...
[2025-12-22 09:27:06] 
[Loop #5] Scanning for unread STQ mails...
[2025-12-22 09:27:06] Scan stats => checked:0 matched:0 | skipped: read=0 sender=0 no_stq=0 processed=0
[2025-12-22 09:27:06] No matching unread STQ found. Sleeping 5s...
[2025-12-22 09:27:11] 
[Loop #6] Scanning for unread STQ mails...
[2025-12-22 09:27:11] Scan stats => checked:0 matched:0 | skipped: read=0 sender=0 no_stq=0 processed=0
[2025-12-22 09:27:11] No matching unread STQ found. Sleeping 5s...
[2025-12-22 09:27:16] 
[Loop #7] Scanning for unread STQ mails...
[2025-12-22 09:27:16] Scan stats => checked:0 matched:0 | skipped: read=0 sender=0 no_stq=0 processed=0
[2025-12-22 09:27:16] No matching unread STQ found. Sleeping 5s...
[2025-12-22 09:27:21] 
[Loop #8] Scanning for unread STQ mails...
[2025-12-22 09:27:21] Scan stats => checked:0 matched:0 | skipped: read=0 sender=0 no_stq=0 processed=0
[2025-12-22 09:27:21] No matching unread STQ found. Sleeping 5s...
[2025-12-22 09:27:26] 
[Loop #9] Scanning for unread STQ mails...
[2025-12-22 09:27:26] Scan stats => checked:0 matched:0 | skipped: read=0 sender=0 no_stq=0 processed=0
[2025-12-22 09:27:26] No matching unread STQ found. Sleeping 5s...
[2025-12-22 09:27:31] 
[Loop #10] Scanning for unread STQ mails...
[2025-12-22 09:27:31] Scan stats => checked:0 matched:0 | skipped: read=0 sender=0 no_stq=0 processed=0
[2025-12-22 09:27:31] No matching unread STQ found. Sleeping 5s...
[2025-12-22 09:27:36] 
[Loop #11] Scanning for unread STQ mails...
[2025-12-22 09:27:36] Scan stats => checked:0 matched:0 | skipped: read=0 sender=0 no_stq=0 processed=0
[2025-12-22 09:27:36] No matching unread STQ found. Sleeping 5s...
[2025-12-22 09:27:41] 
[Loop #12] Scanning for unread STQ mails...
[2025-12-22 09:27:41] Scan stats => checked:0 matched:0 | skipped: read=0 sender=0 no_stq=0 processed=0
[2025-12-22 09:27:41] No matching unread STQ found. Sleeping 5s...
[2025-12-22 09:27:46] 
[Loop #13] Scanning for unread STQ mails...
[2025-12-22 09:27:46] Scan stats => checked:0 matched:0 | skipped: read=0 sender=0 no_stq=0 processed=0
[2025-12-22 09:27:46] No matching unread STQ found. Sleeping 5s...
[2025-12-22 09:27:51] 
[Loop #14] Scanning for unread STQ mails...
[2025-12-22 09:27:51] Scan stats => checked:0 matched:0 | skipped: read=0 sender=0 no_stq=0 processed=0
[2025-12-22 09:27:51] No matching unread STQ found. Sleeping 5s...
[2025-12-22 09:27:56] 
[Loop #15] Scanning for unread STQ mails...
[2025-12-22 09:27:56] Scan stats => checked:0 matched:0 | skipped: read=0 sender=0 no_stq=0 processed=0
[2025-12-22 09:27:56] No matching unread STQ found. Sleeping 5s...
[2025-12-22 09:28:01] 
[Loop #16] Scanning for unread STQ mails...
[2025-12-22 09:28:02] Scan stats => checked:0 matched:0 | skipped: read=0 sender=0 no_stq=0 processed=0
[2025-12-22 09:28:02] No matching unread STQ found. Sleeping 5s...
[2025-12-22 09:28:07] 
[Loop #17] Scanning for unread STQ mails...
[2025-12-22 09:28:07] Scan stats => checked:0 matched:0 | skipped: read=0 sender=0 no_stq=0 processed=0
[2025-12-22 09:28:07] No matching unread STQ found. Sleeping 5s...
[2025-12-22 09:28:12] 
[Loop #18] Scanning for unread STQ mails...
[2025-12-22 09:28:12] Scan stats => checked:0 matched:0 | skipped: read=0 sender=0 no_stq=0 processed=0
[2025-12-22 09:28:12] No matching unread STQ found. Sleeping 5s...
[2025-12-22 09:28:17] 
[Loop #19] Scanning for unread STQ mails...
[2025-12-22 09:28:17] Scan stats => checked:0 matched:0 | skipped: read=0 sender=0 no_stq=0 processed=0
[2025-12-22 09:28:17] No matching unread STQ found. Sleeping 5s...
[2025-12-22 09:28:22] 
[Loop #20] Scanning for unread STQ mails...
[2025-12-22 09:28:22] Scan stats => checked:0 matched:0 | skipped: read=0 sender=0 no_stq=0 processed=0
[2025-12-22 09:28:22] No matching unread STQ found. Sleeping 5s...
[2025-12-22 09:28:27] 
[Loop #21] Scanning for unread STQ mails...
[2025-12-22 09:28:27] Scan stats => checked:0 matched:0 | skipped: read=0 sender=0 no_stq=0 processed=0
[2025-12-22 09:28:27] No matching unread STQ found. Sleeping 5s...
[2025-12-22 09:28:32] 
[Loop #22] Scanning for unread STQ mails...
[2025-12-22 09:28:32] Scan stats => checked:0 matched:0 | skipped: read=0 sender=0 no_stq=0 processed=0
[2025-12-22 09:28:32] No matching unread STQ found. Sleeping 5s...
[2025-12-22 09:28:37] 
[Loop #23] Scanning for unread STQ mails...
[2025-12-22 09:28:37] Scan stats => checked:0 matched:0 | skipped: read=0 sender=0 no_stq=0 processed=0
[2025-12-22 09:28:37] No matching unread STQ found. Sleeping 5s...
[2025-12-22 09:28:42] 
[Loop #24] Scanning for unread STQ mails...
[2025-12-22 09:28:42] Scan stats => checked:0 matched:0 | skipped: read=0 sender=0 no_stq=0 processed=0
[2025-12-22 09:28:42] No matching unread STQ found. Sleeping 5s...
[2025-12-22 09:28:47] 
[Loop #25] Scanning for unread STQ mails...
[2025-12-22 09:28:47] Scan stats => checked:0 matched:0 | skipped: read=0 sender=0 no_stq=0 processed=0
[2025-12-22 09:28:47] No matching unread STQ found. Sleeping 5s...
[2025-12-22 09:28:52] 
[Loop #26] Scanning for unread STQ mails...
[2025-12-22 09:28:52] Scan stats => checked:0 matched:0 | skipped: read=0 sender=0 no_stq=0 processed=0
[2025-12-22 09:28:52] No matching unread STQ found. Sleeping 5s...
[2025-12-22 09:28:57] 
[Loop #27] Scanning for unread STQ mails...
[2025-12-22 09:28:57] Scan stats => checked:0 matched:0 | skipped: read=0 sender=0 no_stq=0 processed=0
[2025-12-22 09:28:57] No matching unread STQ found. Sleeping 5s...
[2025-12-22 09:29:02] 
[Loop #28] Scanning for unread STQ mails...
[2025-12-22 09:29:02] Scan stats => checked:0 matched:0 | skipped: read=0 sender=0 no_stq=0 processed=0
[2025-12-22 09:29:02] No matching unread STQ found. Sleeping 5s...
[2025-12-22 09:29:07] 
[Loop #29] Scanning for unread STQ mails...
[2025-12-22 09:29:07] Scan stats => checked:0 matched:0 | skipped: read=0 sender=0 no_stq=0 processed=0
[2025-12-22 09:29:07] No matching unread STQ found. Sleeping 5s...
[2025-12-22 09:29:12] 
[Loop #30] Scanning for unread STQ mails...
[2025-12-22 09:29:12] Scan stats => checked:0 matched:0 | skipped: read=0 sender=0 no_stq=0 processed=0
[2025-12-22 09:29:12] No matching unread STQ found. Sleeping 5s...
[2025-12-22 09:29:17] 
[Loop #31] Scanning for unread STQ mails...
[2025-12-22 09:29:17] Scan stats => checked:0 matched:0 | skipped: read=0 sender=0 no_stq=0 processed=0
[2025-12-22 09:29:17] No matching unread STQ found. Sleeping 5s...
[2025-12-22 09:29:22] 
[Loop #32] Scanning for unread STQ mails...
[2025-12-22 09:29:22] Scan stats => checked:0 matched:0 | skipped: read=0 sender=0 no_stq=0 processed=0
[2025-12-22 09:29:22] No matching unread STQ found. Sleeping 5s...
[2025-12-22 09:29:27] 
[Loop #33] Scanning for unread STQ mails...
[2025-12-22 09:29:27] Scan stats => checked:0 matched:0 | skipped: read=0 sender=0 no_stq=0 processed=0
[2025-12-22 09:29:27] No matching unread STQ found. Sleeping 5s...
[2025-12-22 09:29:32] 
[Loop #34] Scanning for unread STQ mails...
[2025-12-22 09:29:32] Scan stats => checked:0 matched:0 | skipped: read=0 sender=0 no_stq=0 processed=0
[2025-12-22 09:29:32] No matching unread STQ found. Sleeping 5s...
[2025-12-22 09:29:37] 
[Loop #35] Scanning for unread STQ mails...
[2025-12-22 09:29:37] Scan stats => checked:0 matched:0 | skipped: read=0 sender=0 no_stq=0 processed=0
[2025-12-22 09:29:37] No matching unread STQ found. Sleeping 5s...
[2025-12-22 09:29:42] 
[Loop #36] Scanning for unread STQ mails...
[2025-12-22 09:29:42] Scan stats => checked:0 matched:0 | skipped: read=0 sender=0 no_stq=0 processed=0
[2025-12-22 09:29:42] No matching unread STQ found. Sleeping 5s...
[2025-12-22 09:29:47] 
[Loop #37] Scanning for unread STQ mails...
[2025-12-22 09:29:47] Scan stats => checked:0 matched:0 | skipped: read=0 sender=0 no_stq=0 processed=0
[2025-12-22 09:29:47] No matching unread STQ found. Sleeping 5s...
[2025-12-22 09:29:52] 
[Loop #38] Scanning for unread STQ mails...
[2025-12-22 09:29:52] Scan stats => checked:0 matched:0 | skipped: read=0 sender=0 no_stq=0 processed=0
[2025-12-22 09:29:52] No matching unread STQ found. Sleeping 5s...
[2025-12-22 09:29:57] 
[Loop #39] Scanning for unread STQ mails...
[2025-12-22 09:29:57] Scan stats => checked:0 matched:0 | skipped: read=0 sender=0 no_stq=0 processed=0
[2025-12-22 09:29:57] No matching unread STQ found. Sleeping 5s...
[2025-12-22 09:30:02] 
[Loop #40] Scanning for unread STQ mails...
[2025-12-22 09:30:02] Scan stats => checked:0 matched:0 | skipped: read=0 sender=0 no_stq=0 processed=0
[2025-12-22 09:30:02] No matching unread STQ found. Sleeping 5s...
[2025-12-22 09:30:07] 
[Loop #41] Scanning for unread STQ mails...
[2025-12-22 09:30:07] Scan stats => checked:0 matched:0 | skipped: read=0 sender=0 no_stq=0 processed=0
[2025-12-22 09:30:07] No matching unread STQ found. Sleeping 5s...
[2025-12-22 09:30:12] 
[Loop #42] Scanning for unread STQ mails...
[2025-12-22 09:30:12] Scan stats => checked:0 matched:0 | skipped: read=0 sender=0 no_stq=0 processed=0
[2025-12-22 09:30:12] No matching unread STQ found. Sleeping 5s...
[2025-12-22 09:30:17] 
[Loop #43] Scanning for unread STQ mails...
[2025-12-22 09:30:17] Scan stats => checked:0 matched:0 | skipped: read=0 sender=0 no_stq=0 processed=0
[2025-12-22 09:30:17] No matching unread STQ found. Sleeping 5s...
[2025-12-22 09:30:22] 
[Loop #44] Scanning for unread STQ mails...
[2025-12-22 09:30:22] Scan stats => checked:0 matched:0 | skipped: read=0 sender=0 no_stq=0 processed=0
[2025-12-22 09:30:22] No matching unread STQ found. Sleeping 5s...
[2025-12-22 09:30:27] 
[Loop #45] Scanning for unread STQ mails...
[2025-12-22 09:30:27] Scan stats => checked:0 matched:0 | skipped: read=0 sender=0 no_stq=0 processed=0
[2025-12-22 09:30:27] No matching unread STQ found. Sleeping 5s...
[2025-12-22 09:30:32] 
[Loop #46] Scanning for unread STQ mails...
[2025-12-22 09:30:32] Scan stats => checked:0 matched:0 | skipped: read=0 sender=0 no_stq=0 processed=0
[2025-12-22 09:30:32] No matching unread STQ found. Sleeping 5s...
[2025-12-22 09:30:37] 
[Loop #47] Scanning for unread STQ mails...
[2025-12-22 09:30:37] Scan stats => checked:0 matched:0 | skipped: read=0 sender=0 no_stq=0 processed=0
[2025-12-22 09:30:37] No matching unread STQ found. Sleeping 5s...
[2025-12-22 09:30:42] 
[Loop #48] Scanning for unread STQ mails...
[2025-12-22 09:30:42] Scan stats => checked:0 matched:0 | skipped: read=0 sender=0 no_stq=0 processed=0
[2025-12-22 09:30:42] No matching unread STQ found. Sleeping 5s...
[2025-12-22 09:30:47] 
[Loop #49] Scanning for unread STQ mails...
[2025-12-22 09:30:47] Scan stats => checked:0 matched:0 | skipped: read=0 sender=0 no_stq=0 processed=0
[2025-12-22 09:30:47] No matching unread STQ found. Sleeping 5s...
[2025-12-22 09:30:52] 
[Loop #50] Scanning for unread STQ mails...
[2025-12-22 09:30:52] Scan stats => checked:0 matched:0 | skipped: read=0 sender=0 no_stq=0 processed=0
[2025-12-22 09:30:52] No matching unread STQ found. Sleeping 5s...
[2025-12-22 09:30:57] 
[Loop #51] Scanning for unread STQ mails...
[2025-12-22 09:30:57] Scan stats => checked:0 matched:0 | skipped: read=0 sender=0 no_stq=0 processed=0
[2025-12-22 09:30:57] No matching unread STQ found. Sleeping 5s...
[2025-12-22 09:31:02] 
[Loop #52] Scanning for unread STQ mails...
[2025-12-22 09:31:02] Scan stats => checked:0 matched:0 | skipped: read=0 sender=0 no_stq=0 processed=0
[2025-12-22 09:31:02] No matching unread STQ found. Sleeping 5s...
[2025-12-22 09:31:07] 
[Loop #53] Scanning for unread STQ mails...
[2025-12-22 09:31:07] Scan stats => checked:0 matched:0 | skipped: read=0 sender=0 no_stq=0 processed=0
[2025-12-22 09:31:07] No matching unread STQ found. Sleeping 5s...
[2025-12-22 09:31:12] 
[Loop #54] Scanning for unread STQ mails...
[2025-12-22 09:31:12] Scan stats => checked:0 matched:0 | skipped: read=0 sender=0 no_stq=0 processed=0
[2025-12-22 09:31:12] No matching unread STQ found. Sleeping 5s...
[2025-12-22 09:31:17] 
[Loop #55] Scanning for unread STQ mails...
[2025-12-22 09:31:17] Scan stats => checked:0 matched:0 | skipped: read=0 sender=0 no_stq=0 processed=0
[2025-12-22 09:31:17] No matching unread STQ found. Sleeping 5s...
[2025-12-22 09:31:22] 
[Loop #56] Scanning for unread STQ mails...
[2025-12-22 09:31:22] Scan stats => checked:0 matched:0 | skipped: read=0 sender=0 no_stq=0 processed=0
[2025-12-22 09:31:22] No matching unread STQ found. Sleeping 5s...
[2025-12-22 09:31:27] 
[Loop #57] Scanning for unread STQ mails...
[2025-12-22 09:31:27] Scan stats => checked:0 matched:0 | skipped: read=0 sender=0 no_stq=0 processed=0
[2025-12-22 09:31:27] No matching unread STQ found. Sleeping 5s...
[2025-12-22 09:31:32] 
[Loop #58] Scanning for unread STQ mails...
[2025-12-22 09:31:32] Scan stats => checked:0 matched:0 | skipped: read=0 sender=0 no_stq=0 processed=0
[2025-12-22 09:31:32] No matching unread STQ found. Sleeping 5s...
[2025-12-22 09:31:37] 
[Loop #59] Scanning for unread STQ mails...
[2025-12-22 09:31:37] Scan stats => checked:0 matched:0 | skipped: read=0 sender=0 no_stq=0 processed=0
[2025-12-22 09:31:37] No matching unread STQ found. Sleeping 5s...
[2025-12-22 09:31:42] 
[Loop #60] Scanning for unread STQ mails...
[2025-12-22 09:31:42] Scan stats => checked:0 matched:0 | skipped: read=0 sender=0 no_stq=0 processed=0
[2025-12-22 09:31:42] No matching unread STQ found. Sleeping 5s...
[2025-12-22 09:31:47] 
[Loop #61] Scanning for unread STQ mails...
[2025-12-22 09:31:47] Scan stats => checked:0 matched:0 | skipped: read=0 sender=0 no_stq=0 processed=0
[2025-12-22 09:31:47] No matching unread STQ found. Sleeping 5s...
[2025-12-22 09:31:52] 
[Loop #62] Scanning for unread STQ mails...
[2025-12-22 09:31:52] Scan stats => checked:0 matched:0 | skipped: read=0 sender=0 no_stq=0 processed=0
[2025-12-22 09:31:52] No matching unread STQ found. Sleeping 5s...
[2025-12-22 09:31:57] 
[Loop #63] Scanning for unread STQ mails...
[2025-12-22 09:31:57] Scan stats => checked:0 matched:0 | skipped: read=0 sender=0 no_stq=0 processed=0
[2025-12-22 09:31:57] No matching unread STQ found. Sleeping 5s...
[2025-12-22 09:32:02] 
[Loop #64] Scanning for unread STQ mails...
[2025-12-22 09:32:02] Scan stats => checked:0 matched:0 | skipped: read=0 sender=0 no_stq=0 processed=0
[2025-12-22 09:32:02] No matching unread STQ found. Sleeping 5s...
[2025-12-22 09:32:07] 
[Loop #65] Scanning for unread STQ mails...
[2025-12-22 09:32:07] Scan stats => checked:0 matched:0 | skipped: read=0 sender=0 no_stq=0 processed=0
[2025-12-22 09:32:07] No matching unread STQ found. Sleeping 5s...
[2025-12-22 09:32:12] 
[Loop #66] Scanning for unread STQ mails...
[2025-12-22 09:32:12] Scan stats => checked:0 matched:0 | skipped: read=0 sender=0 no_stq=0 processed=0
[2025-12-22 09:32:12] No matching unread STQ found. Sleeping 5s...
[2025-12-22 09:32:17] 
[Loop #67] Scanning for unread STQ mails...
[2025-12-22 09:32:17] Scan stats => checked:0 matched:0 | skipped: read=0 sender=0 no_stq=0 processed=0
[2025-12-22 09:32:17] No matching unread STQ found. Sleeping 5s...
[2025-12-22 09:32:22] 
[Loop #68] Scanning for unread STQ mails...
[2025-12-22 09:32:22] Scan stats => checked:0 matched:0 | skipped: read=0 sender=0 no_stq=0 processed=0
[2025-12-22 09:32:22] No matching unread STQ found. Sleeping 5s...
[2025-12-22 09:32:27] 
[Loop #69] Scanning for unread STQ mails...
[2025-12-22 09:32:27] Scan stats => checked:0 matched:0 | skipped: read=0 sender=0 no_stq=0 processed=0
[2025-12-22 09:32:27] No matching unread STQ found. Sleeping 5s...
[2025-12-22 09:32:32] 
[Loop #70] Scanning for unread STQ mails...
[2025-12-22 09:32:32] Scan stats => checked:0 matched:0 | skipped: read=0 sender=0 no_stq=0 processed=0
[2025-12-22 09:32:32] No matching unread STQ found. Sleeping 5s...
[2025-12-22 09:32:37] 
[Loop #71] Scanning for unread STQ mails...
[2025-12-22 09:32:37] Scan stats => checked:0 matched:0 | skipped: read=0 sender=0 no_stq=0 processed=0
[2025-12-22 09:32:37] No matching unread STQ found. Sleeping 5s...
[2025-12-22 09:32:42] 
[Loop #72] Scanning for unread STQ mails...
[2025-12-22 09:32:42] Scan stats => checked:0 matched:0 | skipped: read=0 sender=0 no_stq=0 processed=0
[2025-12-22 09:32:42] No matching unread STQ found. Sleeping 5s...
[2025-12-22 09:32:47] 
[Loop #73] Scanning for unread STQ mails...
[2025-12-22 09:32:47] Scan stats => checked:0 matched:0 | skipped: read=0 sender=0 no_stq=0 processed=0
[2025-12-22 09:32:47] No matching unread STQ found. Sleeping 5s...
[2025-12-22 09:32:52] 
[Loop #74] Scanning for unread STQ mails...
[2025-12-22 09:32:52] Scan stats => checked:0 matched:0 | skipped: read=0 sender=0 no_stq=0 processed=0
[2025-12-22 09:32:52] No matching unread STQ found. Sleeping 5s...
[2025-12-22 09:32:57] 
[Loop #75] Scanning for unread STQ mails...
[2025-12-22 09:32:57] Scan stats => checked:0 matched:0 | skipped: read=0 sender=0 no_stq=0 processed=0
[2025-12-22 09:32:57] No matching unread STQ found. Sleeping 5s...
[2025-12-22 09:33:02] 
[Loop #76] Scanning for unread STQ mails...
[2025-12-22 09:33:02] Scan stats => checked:0 matched:0 | skipped: read=0 sender=0 no_stq=0 processed=0
[2025-12-22 09:33:02] No matching unread STQ found. Sleeping 5s...
[2025-12-22 09:33:07] 
[Loop #77] Scanning for unread STQ mails...
[2025-12-22 09:33:07] Scan stats => checked:0 matched:0 | skipped: read=0 sender=0 no_stq=0 processed=0
[2025-12-22 09:33:07] No matching unread STQ found. Sleeping 5s...
[2025-12-22 09:33:12] 
[Loop #78] Scanning for unread STQ mails...
[2025-12-22 09:33:12] Scan stats => checked:0 matched:0 | skipped: read=0 sender=0 no_stq=0 processed=0
[2025-12-22 09:33:12] No matching unread STQ found. Sleeping 5s...
[2025-12-22 09:33:17] 
[Loop #79] Scanning for unread STQ mails...
[2025-12-22 09:33:17] Scan stats => checked:0 matched:0 | skipped: read=0 sender=0 no_stq=0 processed=0
[2025-12-22 09:33:17] No matching unread STQ found. Sleeping 5s...
[2025-12-22 09:33:22] 
[Loop #80] Scanning for unread STQ mails...
[2025-12-22 09:33:22] Scan stats => checked:0 matched:0 | skipped: read=0 sender=0 no_stq=0 processed=0
[2025-12-22 09:33:22] No matching unread STQ found. Sleeping 5s...
[2025-12-22 09:33:27] 
[Loop #81] Scanning for unread STQ mails...
[2025-12-22 09:33:27] Scan stats => checked:0 matched:0 | skipped: read=0 sender=0 no_stq=0 processed=0
[2025-12-22 09:33:27] No matching unread STQ found. Sleeping 5s...
[2025-12-22 09:33:32] 
[Loop #82] Scanning for unread STQ mails...
[2025-12-22 09:33:32] Scan stats => checked:0 matched:0 | skipped: read=0 sender=0 no_stq=0 processed=0
[2025-12-22 09:33:32] No matching unread STQ found. Sleeping 5s...
[2025-12-22 09:33:37] 
[Loop #83] Scanning for unread STQ mails...
[2025-12-22 09:33:37] Scan stats => checked:0 matched:0 | skipped: read=0 sender=0 no_stq=0 processed=0
[2025-12-22 09:33:37] No matching unread STQ found. Sleeping 5s...
[2025-12-22 09:33:42] 
[Loop #84] Scanning for unread STQ mails...
[2025-12-22 09:33:42] Scan stats => checked:0 matched:0 | skipped: read=0 sender=0 no_stq=0 processed=0
[2025-12-22 09:33:42] No matching unread STQ found. Sleeping 5s...
[2025-12-22 09:33:47] 
[Loop #85] Scanning for unread STQ mails...
[2025-12-22 09:33:47] Scan stats => checked:0 matched:0 | skipped: read=0 sender=0 no_stq=0 processed=0
[2025-12-22 09:33:47] No matching unread STQ found. Sleeping 5s...
[2025-12-22 09:33:52] 
[Loop #86] Scanning for unread STQ mails...
[2025-12-22 09:33:52] Scan stats => checked:0 matched:0 | skipped: read=0 sender=0 no_stq=0 processed=0
[2025-12-22 09:33:52] No matching unread STQ found. Sleeping 5s...
[2025-12-22 09:33:57] 
[Loop #87] Scanning for unread STQ mails...
[2025-12-22 09:33:57] Scan stats => checked:0 matched:0 | skipped: read=0 sender=0 no_stq=0 processed=0
[2025-12-22 09:33:57] No matching unread STQ found. Sleeping 5s...
[2025-12-22 09:34:02] 
[Loop #88] Scanning for unread STQ mails...
[2025-12-22 09:34:02] Scan stats => checked:0 matched:0 | skipped: read=0 sender=0 no_stq=0 processed=0
[2025-12-22 09:34:02] No matching unread STQ found. Sleeping 5s...
[2025-12-22 09:34:07] 
[Loop #89] Scanning for unread STQ mails...
[2025-12-22 09:34:07] Scan stats => checked:0 matched:0 | skipped: read=0 sender=0 no_stq=0 processed=0
[2025-12-22 09:34:07] No matching unread STQ found. Sleeping 5s...
[2025-12-22 09:34:12] 
[Loop #90] Scanning for unread STQ mails...
[2025-12-22 09:34:13] Scan stats => checked:0 matched:0 | skipped: read=0 sender=0 no_stq=0 processed=0
[2025-12-22 09:34:13] No matching unread STQ found. Sleeping 5s...
[2025-12-22 09:34:18] 
[Loop #91] Scanning for unread STQ mails...
[2025-12-22 09:34:18] Scan stats => checked:0 matched:0 | skipped: read=0 sender=0 no_stq=0 processed=0
[2025-12-22 09:34:18] No matching unread STQ found. Sleeping 5s...
[2025-12-22 09:34:23] 
[Loop #92] Scanning for unread STQ mails...
[2025-12-22 09:34:23] Scan stats => checked:0 matched:0 | skipped: read=0 sender=0 no_stq=0 processed=0
[2025-12-22 09:34:23] No matching unread STQ found. Sleeping 5s...
[2025-12-22 09:34:28] 
[Loop #93] Scanning for unread STQ mails...
[2025-12-22 09:34:28] Scan stats => checked:0 matched:0 | skipped: read=0 sender=0 no_stq=0 processed=0
[2025-12-22 09:34:28] No matching unread STQ found. Sleeping 5s...
[2025-12-22 09:34:33] 
[Loop #94] Scanning for unread STQ mails...
[2025-12-22 09:34:33] Scan stats => checked:0 matched:0 | skipped: read=0 sender=0 no_stq=0 processed=0
[2025-12-22 09:34:33] No matching unread STQ found. Sleeping 5s...
[2025-12-22 09:34:38] 
[Loop #95] Scanning for unread STQ mails...
[2025-12-22 09:34:38] Scan stats => checked:0 matched:0 | skipped: read=0 sender=0 no_stq=0 processed=0
[2025-12-22 09:34:38] No matching unread STQ found. Sleeping 5s...
[2025-12-22 09:34:43] 
[Loop #96] Scanning for unread STQ mails...
[2025-12-22 09:34:43] Scan stats => checked:0 matched:0 | skipped: read=0 sender=0 no_stq=0 processed=0
[2025-12-22 09:34:43] No matching unread STQ found. Sleeping 5s...
[2025-12-22 09:34:48] 
[Loop #97] Scanning for unread STQ mails...
[2025-12-22 09:34:48] Scan stats => checked:0 matched:0 | skipped: read=0 sender=0 no_stq=0 processed=0
[2025-12-22 09:34:48] No matching unread STQ found. Sleeping 5s...
[2025-12-22 09:34:53] 
[Loop #98] Scanning for unread STQ mails...
[2025-12-22 09:34:53] Scan stats => checked:0 matched:0 | skipped: read=0 sender=0 no_stq=0 processed=0
[2025-12-22 09:34:53] No matching unread STQ found. Sleeping 5s...
[2025-12-22 09:34:58] 
[Loop #99] Scanning for unread STQ mails...
[2025-12-22 09:34:58] Scan stats => checked:0 matched:0 | skipped: read=0 sender=0 no_stq=0 processed=0
[2025-12-22 09:34:58] No matching unread STQ found. Sleeping 5s...
[2025-12-22 09:35:03] 
[Loop #100] Scanning for unread STQ mails...
[2025-12-22 09:35:03] Scan stats => checked:0 matched:0 | skipped: read=0 sender=0 no_stq=0 processed=0
[2025-12-22 09:35:03] No matching unread STQ found. Sleeping 5s...
[2025-12-22 09:35:08] 
[Loop #101] Scanning for unread STQ mails...
[2025-12-22 09:35:08] Scan stats => checked:0 matched:0 | skipped: read=0 sender=0 no_stq=0 processed=0
[2025-12-22 09:35:08] No matching unread STQ found. Sleeping 5s...
[2025-12-22 09:35:13] 
[Loop #102] Scanning for unread STQ mails...
[2025-12-22 09:35:13] Scan stats => checked:0 matched:0 | skipped: read=0 sender=0 no_stq=0 processed=0
[2025-12-22 09:35:13] No matching unread STQ found. Sleeping 5s...
[2025-12-22 09:35:18] 
[Loop #103] Scanning for unread STQ mails...
[2025-12-22 09:35:18] Scan stats => checked:0 matched:0 | skipped: read=0 sender=0 no_stq=0 processed=0
[2025-12-22 09:35:18] No matching unread STQ found. Sleeping 5s...
[2025-12-22 09:35:23] 
[Loop #104] Scanning for unread STQ mails...
[2025-12-22 09:35:23] Scan stats => checked:0 matched:0 | skipped: read=0 sender=0 no_stq=0 processed=0
[2025-12-22 09:35:23] No matching unread STQ found. Sleeping 5s...
[2025-12-22 09:35:28] 
[Loop #105] Scanning for unread STQ mails...
[2025-12-22 09:35:28] Scan stats => checked:0 matched:0 | skipped: read=0 sender=0 no_stq=0 processed=0
[2025-12-22 09:35:28] No matching unread STQ found. Sleeping 5s...
[2025-12-22 09:35:33] 
[Loop #106] Scanning for unread STQ mails...
[2025-12-22 09:35:33] Scan stats => checked:0 matched:0 | skipped: read=0 sender=0 no_stq=0 processed=0
[2025-12-22 09:35:33] No matching unread STQ found. Sleeping 5s...
[2025-12-22 09:35:38] 
[Loop #107] Scanning for unread STQ mails...
[2025-12-22 09:35:38] Scan stats => checked:0 matched:0 | skipped: read=0 sender=0 no_stq=0 processed=0
[2025-12-22 09:35:38] No matching unread STQ found. Sleeping 5s...
[2025-12-22 09:35:43] 
[Loop #108] Scanning for unread STQ mails...
[2025-12-22 09:35:43] DEBUG => UnRead=True | UID=<!&!gaaaaaaaaabil5ibgaf5trwmbuqwtfujwoaaabgaaaaaaaaasjesaygn | Sender=dccspp2@proyapimusavirlik.com | Subject=KLN-SPP2-STQ-AR-GN00-360_R00_Prokon_Reply
[2025-12-22 09:35:43] Scan stats => checked:2 matched:0 | skipped: read=0 sender=1 no_stq=1 processed=0
[2025-12-22 09:35:43] No matching unread STQ found. Sleeping 5s...
[2025-12-22 09:35:48] 
[Loop #109] Scanning for unread STQ mails...
[2025-12-22 09:35:48] DEBUG => UnRead=True | UID=<!&!gaaaaaaaaabil5ibgaf5trwmbuqwtfujwoaaabgaaaaaaaaasjesaygn | Sender=dccspp2@proyapimusavirlik.com | Subject=KLN-SPP2-STQ-AR-GN00-360_R00_Prokon_Reply
[2025-12-22 09:35:48] Scan stats => checked:2 matched:0 | skipped: read=0 sender=1 no_stq=1 processed=0
[2025-12-22 09:35:48] No matching unread STQ found. Sleeping 5s...
[2025-12-24 14:38:56] === Proyapi STQ Internal Distributor started (v2.4.1) ===
[2025-12-24 14:38:56] 🔄 Connecting to Outlook...
[2025-12-24 14:38:56] ✅ Outlook connection established (attempt 1/3)
[2025-12-24 14:38:56] Watching: spp2dcc@kolin.com.tr / Inbox\From Proyapi
[2025-12-24 14:38:56] Sender filter: chuseyn@kolin.com.tr
[2025-12-24 14:38:56] Mode: display | Poll: 5s | Lookback: 7d | MaxScan:200
[2025-12-24 14:38:56] Allowed attachment exts: ['.xls', '.xlsm', '.xlsx']
[2025-12-24 14:38:56] Filter: ONLY UNREAD mails. Lock mail as READ before send to prevent duplicates.
[2025-12-24 14:38:56] 
[Loop #1] Scanning for unread STQ mails...
[2025-12-24 14:38:56] Scan stats => checked:1 matched:0 | skipped: read=0 sender=0 no_stq=1 processed=0
[2025-12-24 14:38:56] No matching unread STQ found. Sleeping 5s...
[2025-12-24 14:39:01] 
[Loop #2] Scanning for unread STQ mails...
[2025-12-24 14:39:01] Scan stats => checked:1 matched:0 | skipped: read=0 sender=0 no_stq=1 processed=0
[2025-12-24 14:39:01] No matching unread STQ found. Sleeping 5s...
[2025-12-24 14:39:06] 
[Loop #3] Scanning for unread STQ mails...
[2025-12-24 14:39:06] Scan stats => checked:1 matched:0 | skipped: read=0 sender=0 no_stq=1 processed=0
[2025-12-24 14:39:06] No matching unread STQ found. Sleeping 5s...
[2025-12-24 14:39:11] 
[Loop #4] Scanning for unread STQ mails...
[2025-12-24 14:39:11] Scan stats => checked:1 matched:0 | skipped: read=0 sender=0 no_stq=1 processed=0
[2025-12-24 14:39:11] No matching unread STQ found. Sleeping 5s...
[2025-12-24 14:39:16] 
[Loop #5] Scanning for unread STQ mails...
[2025-12-24 14:39:16] Scan stats => checked:1 matched:0 | skipped: read=0 sender=0 no_stq=1 processed=0
[2025-12-24 14:39:16] No matching unread STQ found. Sleeping 5s...
[2025-12-24 14:39:21] 
[Loop #6] Scanning for unread STQ mails...
[2025-12-24 14:39:22] Scan stats => checked:1 matched:0 | skipped: read=0 sender=0 no_stq=1 processed=0
[2025-12-24 14:39:22] No matching unread STQ found. Sleeping 5s...
[2025-12-24 14:39:27] 
[Loop #7] Scanning for unread STQ mails...
[2025-12-24 14:39:27] Scan stats => checked:1 matched:0 | skipped: read=0 sender=0 no_stq=1 processed=0
[2025-12-24 14:39:27] No matching unread STQ found. Sleeping 5s...
[2025-12-24 14:39:32] 
[Loop #8] Scanning for unread STQ mails...
[2025-12-24 14:39:32] Scan stats => checked:1 matched:0 | skipped: read=0 sender=0 no_stq=1 processed=0
[2025-12-24 14:39:32] No matching unread STQ found. Sleeping 5s...
[2025-12-24 14:39:37] 
[Loop #9] Scanning for unread STQ mails...
[2025-12-24 14:39:37] Scan stats => checked:1 matched:0 | skipped: read=0 sender=0 no_stq=1 processed=0
[2025-12-24 14:39:37] No matching unread STQ found. Sleeping 5s...
[2025-12-24 14:39:42] 
[Loop #10] Scanning for unread STQ mails...
[2025-12-24 14:39:42] Scan stats => checked:1 matched:0 | skipped: read=0 sender=0 no_stq=1 processed=0
[2025-12-24 14:39:42] No matching unread STQ found. Sleeping 5s...
[2025-12-24 14:39:47] 
[Loop #11] Scanning for unread STQ mails...
[2025-12-24 14:39:47] Scan stats => checked:1 matched:0 | skipped: read=0 sender=0 no_stq=1 processed=0
[2025-12-24 14:39:47] No matching unread STQ found. Sleeping 5s...
[2025-12-24 14:39:52] 
[Loop #12] Scanning for unread STQ mails...
[2025-12-24 14:39:52] Scan stats => checked:1 matched:0 | skipped: read=0 sender=0 no_stq=1 processed=0
[2025-12-24 14:39:52] No matching unread STQ found. Sleeping 5s...
[2025-12-24 14:39:57] 
[Loop #13] Scanning for unread STQ mails...
[2025-12-24 14:39:57] Scan stats => checked:1 matched:0 | skipped: read=0 sender=0 no_stq=1 processed=0
[2025-12-24 14:39:57] No matching unread STQ found. Sleeping 5s...
[2025-12-24 14:40:02] 
[Loop #14] Scanning for unread STQ mails...
[2025-12-24 14:40:02] Scan stats => checked:1 matched:0 | skipped: read=0 sender=0 no_stq=1 processed=0
[2025-12-24 14:40:02] No matching unread STQ found. Sleeping 5s...
[2025-12-24 14:40:07] 
[Loop #15] Scanning for unread STQ mails...
[2025-12-24 14:40:07] Scan stats => checked:1 matched:0 | skipped: read=0 sender=0 no_stq=1 processed=0
[2025-12-24 14:40:07] No matching unread STQ found. Sleeping 5s...
[2025-12-24 14:40:12] 
[Loop #16] Scanning for unread STQ mails...
[2025-12-24 14:40:12] Scan stats => checked:1 matched:0 | skipped: read=0 sender=0 no_stq=1 processed=0
[2025-12-24 14:40:12] No matching unread STQ found. Sleeping 5s...
[2025-12-24 14:40:17] 
[Loop #17] Scanning for unread STQ mails...
[2025-12-24 14:40:17] Scan stats => checked:1 matched:0 | skipped: read=0 sender=0 no_stq=1 processed=0
[2025-12-24 14:40:17] No matching unread STQ found. Sleeping 5s...
[2025-12-24 14:40:22] 
[Loop #18] Scanning for unread STQ mails...
[2025-12-24 14:40:22] Scan stats => checked:1 matched:0 | skipped: read=0 sender=0 no_stq=1 processed=0
[2025-12-24 14:40:22] No matching unread STQ found. Sleeping 5s...
[2025-12-24 14:40:27] 
[Loop #19] Scanning for unread STQ mails...
[2025-12-24 14:40:27] Scan stats => checked:1 matched:0 | skipped: read=0 sender=0 no_stq=1 processed=0
[2025-12-24 14:40:27] No matching unread STQ found. Sleeping 5s...
[2025-12-24 14:40:32] 
[Loop #20] Scanning for unread STQ mails...
[2025-12-24 14:40:32] Scan stats => checked:1 matched:0 | skipped: read=0 sender=0 no_stq=1 processed=0
[2025-12-24 14:40:32] No matching unread STQ found. Sleeping 5s...
[2025-12-24 14:40:37] 
[Loop #21] Scanning for unread STQ mails...
[2025-12-24 14:40:37] Scan stats => checked:1 matched:0 | skipped: read=0 sender=0 no_stq=1 processed=0
[2025-12-24 14:40:37] No matching unread STQ found. Sleeping 5s...
[2025-12-24 14:40:42] 
[Loop #22] Scanning for unread STQ mails...
[2025-12-24 14:40:43] Scan stats => checked:1 matched:0 | skipped: read=0 sender=0 no_stq=1 processed=0
[2025-12-24 14:40:43] No matching unread STQ found. Sleeping 5s...
[2025-12-24 14:40:48] 
[Loop #23] Scanning for unread STQ mails...
[2025-12-24 14:40:48] Scan stats => checked:1 matched:0 | skipped: read=0 sender=0 no_stq=1 processed=0
[2025-12-24 14:40:48] No matching unread STQ found. Sleeping 5s...
[2025-12-24 14:40:53] 
[Loop #24] Scanning for unread STQ mails...
[2025-12-24 14:40:53] Scan stats => checked:1 matched:0 | skipped: read=0 sender=0 no_stq=1 processed=0
[2025-12-24 14:40:53] No matching unread STQ found. Sleeping 5s...
[2025-12-24 14:40:58] 
[Loop #25] Scanning for unread STQ mails...
[2025-12-24 14:40:58] Scan stats => checked:1 matched:0 | skipped: read=0 sender=0 no_stq=1 processed=0
[2025-12-24 14:40:58] No matching unread STQ found. Sleeping 5s...
[2025-12-24 14:41:03] 
[Loop #26] Scanning for unread STQ mails...
[2025-12-24 14:41:03] Scan stats => checked:1 matched:0 | skipped: read=0 sender=0 no_stq=1 processed=0
[2025-12-24 14:41:03] No matching unread STQ found. Sleeping 5s...
[2025-12-24 14:41:08] 
[Loop #27] Scanning for unread STQ mails...
[2025-12-24 14:41:08] Scan stats => checked:1 matched:0 | skipped: read=0 sender=0 no_stq=1 processed=0
[2025-12-24 14:41:08] No matching unread STQ found. Sleeping 5s...
[2025-12-24 14:41:13] 
[Loop #28] Scanning for unread STQ mails...
[2025-12-24 14:41:13] Scan stats => checked:1 matched:0 | skipped: read=0 sender=0 no_stq=1 processed=0
[2025-12-24 14:41:13] No matching unread STQ found. Sleeping 5s...
[2025-12-24 14:41:18] 
[Loop #29] Scanning for unread STQ mails...
[2025-12-24 14:41:18] Scan stats => checked:1 matched:0 | skipped: read=0 sender=0 no_stq=1 processed=0
[2025-12-24 14:41:18] No matching unread STQ found. Sleeping 5s...
[2025-12-24 14:41:23] 
[Loop #30] Scanning for unread STQ mails...
[2025-12-24 14:41:23] Scan stats => checked:1 matched:0 | skipped: read=0 sender=0 no_stq=1 processed=0
[2025-12-24 14:41:23] No matching unread STQ found. Sleeping 5s...
[2025-12-24 14:41:28] 
[Loop #31] Scanning for unread STQ mails...
[2025-12-24 14:41:28] Scan stats => checked:1 matched:0 | skipped: read=0 sender=0 no_stq=1 processed=0
[2025-12-24 14:41:28] No matching unread STQ found. Sleeping 5s...
[2025-12-24 14:41:33] 
[Loop #32] Scanning for unread STQ mails...
[2025-12-24 14:41:33] Scan stats => checked:1 matched:0 | skipped: read=0 sender=0 no_stq=1 processed=0
[2025-12-24 14:41:33] No matching unread STQ found. Sleeping 5s...
[2025-12-24 14:41:38] 
[Loop #33] Scanning for unread STQ mails...
[2025-12-24 14:41:38] Scan stats => checked:1 matched:0 | skipped: read=0 sender=0 no_stq=1 processed=0
[2025-12-24 14:41:38] No matching unread STQ found. Sleeping 5s...
[2025-12-24 14:41:43] 
[Loop #34] Scanning for unread STQ mails...
[2025-12-24 14:41:43] Scan stats => checked:1 matched:0 | skipped: read=0 sender=0 no_stq=1 processed=0
[2025-12-24 14:41:43] No matching unread STQ found. Sleeping 5s...
[2025-12-24 14:41:48] 
[Loop #35] Scanning for unread STQ mails...
[2025-12-24 14:41:49] Scan stats => checked:1 matched:0 | skipped: read=0 sender=0 no_stq=1 processed=0
[2025-12-24 14:41:49] No matching unread STQ found. Sleeping 5s...
[2025-12-24 14:41:54] 
[Loop #36] Scanning for unread STQ mails...
[2025-12-24 14:41:54] Scan stats => checked:1 matched:0 | skipped: read=0 sender=0 no_stq=1 processed=0
[2025-12-24 14:41:54] No matching unread STQ found. Sleeping 5s...
[2025-12-24 14:41:59] 
[Loop #37] Scanning for unread STQ mails...
[2025-12-24 14:41:59] Scan stats => checked:1 matched:0 | skipped: read=0 sender=0 no_stq=1 processed=0
[2025-12-24 14:41:59] No matching unread STQ found. Sleeping 5s...
[2025-12-24 14:42:04] 
[Loop #38] Scanning for unread STQ mails...
[2025-12-24 14:42:04] Scan stats => checked:1 matched:0 | skipped: read=0 sender=0 no_stq=1 processed=0
[2025-12-24 14:42:04] No matching unread STQ found. Sleeping 5s...
[2025-12-24 14:42:09] 
[Loop #39] Scanning for unread STQ mails...
[2025-12-24 14:42:09] Scan stats => checked:1 matched:0 | skipped: read=0 sender=0 no_stq=1 processed=0
[2025-12-24 14:42:09] No matching unread STQ found. Sleeping 5s...
[2025-12-24 14:42:14] 
[Loop #40] Scanning for unread STQ mails...
[2025-12-24 14:42:14] Scan stats => checked:1 matched:0 | skipped: read=0 sender=0 no_stq=1 processed=0
[2025-12-24 14:42:14] No matching unread STQ found. Sleeping 5s...
[2025-12-24 14:42:19] 
[Loop #41] Scanning for unread STQ mails...
[2025-12-24 14:42:19] Scan stats => checked:1 matched:0 | skipped: read=0 sender=0 no_stq=1 processed=0
[2025-12-24 14:42:19] No matching unread STQ found. Sleeping 5s...
[2025-12-24 14:42:24] 
[Loop #42] Scanning for unread STQ mails...
[2025-12-24 14:42:24] Scan stats => checked:1 matched:0 | skipped: read=0 sender=0 no_stq=1 processed=0
[2025-12-24 14:42:24] No matching unread STQ found. Sleeping 5s...
[2025-12-24 14:42:29] 
[Loop #43] Scanning for unread STQ mails...
[2025-12-24 14:42:29] Scan stats => checked:1 matched:0 | skipped: read=0 sender=0 no_stq=1 processed=0
[2025-12-24 14:42:29] No matching unread STQ found. Sleeping 5s...
[2025-12-24 14:42:34] 
[Loop #44] Scanning for unread STQ mails...
[2025-12-24 14:42:34] Scan stats => checked:1 matched:0 | skipped: read=0 sender=0 no_stq=1 processed=0
[2025-12-24 14:42:34] No matching unread STQ found. Sleeping 5s...
[2025-12-24 14:42:39] 
[Loop #45] Scanning for unread STQ mails...
[2025-12-24 14:42:39] Scan stats => checked:1 matched:0 | skipped: read=0 sender=0 no_stq=1 processed=0
[2025-12-24 14:42:39] No matching unread STQ found. Sleeping 5s...
[2025-12-24 14:42:44] 
[Loop #46] Scanning for unread STQ mails...
[2025-12-24 14:42:44] Scan stats => checked:1 matched:0 | skipped: read=0 sender=0 no_stq=1 processed=0
[2025-12-24 14:42:44] No matching unread STQ found. Sleeping 5s...
[2025-12-24 14:42:49] 
[Loop #47] Scanning for unread STQ mails...
[2025-12-24 14:42:49] Scan stats => checked:1 matched:0 | skipped: read=0 sender=0 no_stq=1 processed=0
[2025-12-24 14:42:49] No matching unread STQ found. Sleeping 5s...
[2025-12-24 14:42:54] 
[Loop #48] Scanning for unread STQ mails...
[2025-12-24 14:42:55] Scan stats => checked:1 matched:0 | skipped: read=0 sender=0 no_stq=1 processed=0
[2025-12-24 14:42:55] No matching unread STQ found. Sleeping 5s...
[2025-12-24 14:43:00] 
[Loop #49] Scanning for unread STQ mails...
[2025-12-24 14:43:00] Scan stats => checked:1 matched:0 | skipped: read=0 sender=0 no_stq=1 processed=0
[2025-12-24 14:43:00] No matching unread STQ found. Sleeping 5s...
[2025-12-24 14:43:05] 
[Loop #50] Scanning for unread STQ mails...
[2025-12-24 14:43:05] Scan stats => checked:1 matched:0 | skipped: read=0 sender=0 no_stq=1 processed=0
[2025-12-24 14:43:05] No matching unread STQ found. Sleeping 5s...
[2025-12-24 14:43:10] 
[Loop #51] Scanning for unread STQ mails...
[2025-12-24 14:43:10] Scan stats => checked:1 matched:0 | skipped: read=0 sender=0 no_stq=1 processed=0
[2025-12-24 14:43:10] No matching unread STQ found. Sleeping 5s...
[2025-12-24 14:43:15] 
[Loop #52] Scanning for unread STQ mails...
[2025-12-24 14:43:15] Scan stats => checked:1 matched:0 | skipped: read=0 sender=0 no_stq=1 processed=0
[2025-12-24 14:43:15] No matching unread STQ found. Sleeping 5s...
[2025-12-24 14:43:20] 
[Loop #53] Scanning for unread STQ mails...
[2025-12-24 14:43:20] Scan stats => checked:1 matched:0 | skipped: read=0 sender=0 no_stq=1 processed=0
[2025-12-24 14:43:20] No matching unread STQ found. Sleeping 5s...
[2025-12-24 14:43:25] 
[Loop #54] Scanning for unread STQ mails...
[2025-12-24 14:43:25] Scan stats => checked:1 matched:0 | skipped: read=0 sender=0 no_stq=1 processed=0
[2025-12-24 14:43:25] No matching unread STQ found. Sleeping 5s...
[2025-12-24 14:43:30] 
[Loop #55] Scanning for unread STQ mails...
[2025-12-24 14:43:30] Scan stats => checked:1 matched:0 | skipped: read=0 sender=0 no_stq=1 processed=0
[2025-12-24 14:43:30] No matching unread STQ found. Sleeping 5s...
[2025-12-24 14:43:35] 
[Loop #56] Scanning for unread STQ mails...
[2025-12-24 14:43:35] Scan stats => checked:1 matched:0 | skipped: read=0 sender=0 no_stq=1 processed=0
[2025-12-24 14:43:35] No matching unread STQ found. Sleeping 5s...
[2025-12-24 14:43:40] 
[Loop #57] Scanning for unread STQ mails...
[2025-12-24 14:43:40] Scan stats => checked:1 matched:0 | skipped: read=0 sender=0 no_stq=1 processed=0
[2025-12-24 14:43:40] No matching unread STQ found. Sleeping 5s...
[2025-12-24 14:43:45] 
[Loop #58] Scanning for unread STQ mails...
[2025-12-24 14:43:45] Scan stats => checked:1 matched:0 | skipped: read=0 sender=0 no_stq=1 processed=0
[2025-12-24 14:43:45] No matching unread STQ found. Sleeping 5s...
[2025-12-24 14:43:50] 
[Loop #59] Scanning for unread STQ mails...
[2025-12-24 14:43:50] Scan stats => checked:1 matched:0 | skipped: read=0 sender=0 no_stq=1 processed=0
[2025-12-24 14:43:50] No matching unread STQ found. Sleeping 5s...
[2025-12-24 14:43:55] 
[Loop #60] Scanning for unread STQ mails...
[2025-12-24 14:43:56] Scan stats => checked:1 matched:0 | skipped: read=0 sender=0 no_stq=1 processed=0
[2025-12-24 14:43:56] No matching unread STQ found. Sleeping 5s...
[2025-12-24 14:44:01] 
[Loop #61] Scanning for unread STQ mails...
[2025-12-24 14:44:01] Scan stats => checked:1 matched:0 | skipped: read=0 sender=0 no_stq=1 processed=0
[2025-12-24 14:44:01] No matching unread STQ found. Sleeping 5s...
[2025-12-24 14:44:06] 
[Loop #62] Scanning for unread STQ mails...
[2025-12-24 14:44:06] Scan stats => checked:1 matched:0 | skipped: read=0 sender=0 no_stq=1 processed=0
[2025-12-24 14:44:06] No matching unread STQ found. Sleeping 5s...
[2025-12-24 14:44:11] 
[Loop #63] Scanning for unread STQ mails...
[2025-12-24 14:44:11] Scan stats => checked:1 matched:0 | skipped: read=0 sender=0 no_stq=1 processed=0
[2025-12-24 14:44:11] No matching unread STQ found. Sleeping 5s...
[2025-12-24 14:44:16] 
[Loop #64] Scanning for unread STQ mails...
[2025-12-24 14:44:16] Scan stats => checked:1 matched:0 | skipped: read=0 sender=0 no_stq=1 processed=0
[2025-12-24 14:44:16] No matching unread STQ found. Sleeping 5s...
[2025-12-24 14:44:21] 
[Loop #65] Scanning for unread STQ mails...
[2025-12-24 14:44:21] Scan stats => checked:1 matched:0 | skipped: read=0 sender=0 no_stq=1 processed=0
[2025-12-24 14:44:21] No matching unread STQ found. Sleeping 5s...
[2025-12-24 14:44:26] 
[Loop #66] Scanning for unread STQ mails...
[2025-12-24 14:44:26] Scan stats => checked:1 matched:0 | skipped: read=0 sender=0 no_stq=1 processed=0
[2025-12-24 14:44:26] No matching unread STQ found. Sleeping 5s...
[2025-12-24 14:44:31] 
[Loop #67] Scanning for unread STQ mails...
[2025-12-24 14:44:31] Scan stats => checked:1 matched:0 | skipped: read=0 sender=0 no_stq=1 processed=0
[2025-12-24 14:44:31] No matching unread STQ found. Sleeping 5s...
[2025-12-24 14:44:36] 
[Loop #68] Scanning for unread STQ mails...
[2025-12-24 14:44:36] Scan stats => checked:1 matched:0 | skipped: read=0 sender=0 no_stq=1 processed=0
[2025-12-24 14:44:36] No matching unread STQ found. Sleeping 5s...
[2025-12-24 14:44:41] 
[Loop #69] Scanning for unread STQ mails...
[2025-12-24 14:44:41] Scan stats => checked:1 matched:0 | skipped: read=0 sender=0 no_stq=1 processed=0
[2025-12-24 14:44:41] No matching unread STQ found. Sleeping 5s...
[2025-12-24 14:44:46] 
[Loop #70] Scanning for unread STQ mails...
[2025-12-24 14:44:46] Scan stats => checked:1 matched:0 | skipped: read=0 sender=0 no_stq=1 processed=0
[2025-12-24 14:44:46] No matching unread STQ found. Sleeping 5s...
[2025-12-24 14:44:51] 
[Loop #71] Scanning for unread STQ mails...
[2025-12-24 14:44:52] Scan stats => checked:1 matched:0 | skipped: read=0 sender=0 no_stq=1 processed=0
[2025-12-24 14:44:52] No matching unread STQ found. Sleeping 5s...
[2025-12-24 14:44:57] 
[Loop #72] Scanning for unread STQ mails...
[2025-12-24 14:44:57] Scan stats => checked:1 matched:0 | skipped: read=0 sender=0 no_stq=1 processed=0
[2025-12-24 14:44:57] No matching unread STQ found. Sleeping 5s...
[2025-12-24 14:45:02] 
[Loop #73] Scanning for unread STQ mails...
[2025-12-24 14:45:02] Scan stats => checked:1 matched:0 | skipped: read=0 sender=0 no_stq=1 processed=0
[2025-12-24 14:45:02] No matching unread STQ found. Sleeping 5s...
[2025-12-24 14:45:07] 
[Loop #74] Scanning for unread STQ mails...
[2025-12-24 14:45:07] Scan stats => checked:1 matched:0 | skipped: read=0 sender=0 no_stq=1 processed=0
[2025-12-24 14:45:07] No matching unread STQ found. Sleeping 5s...
[2025-12-24 14:45:12] 
[Loop #75] Scanning for unread STQ mails...
[2025-12-24 14:45:12] Scan stats => checked:1 matched:0 | skipped: read=0 sender=0 no_stq=1 processed=0
[2025-12-24 14:45:12] No matching unread STQ found. Sleeping 5s...
[2025-12-24 14:45:17] 
[Loop #76] Scanning for unread STQ mails...
[2025-12-24 14:45:17] Scan stats => checked:1 matched:0 | skipped: read=0 sender=0 no_stq=1 processed=0
[2025-12-24 14:45:17] No matching unread STQ found. Sleeping 5s...
[2025-12-24 14:45:22] 
[Loop #77] Scanning for unread STQ mails...
[2025-12-24 14:45:22] Scan stats => checked:1 matched:0 | skipped: read=0 sender=0 no_stq=1 processed=0
[2025-12-24 14:45:22] No matching unread STQ found. Sleeping 5s...
[2025-12-24 14:45:27] 
[Loop #78] Scanning for unread STQ mails...
[2025-12-24 14:45:27] Scan stats => checked:1 matched:0 | skipped: read=0 sender=0 no_stq=1 processed=0
[2025-12-24 14:45:27] No matching unread STQ found. Sleeping 5s...
[2025-12-24 14:45:32] 
[Loop #79] Scanning for unread STQ mails...
[2025-12-24 14:45:32] Scan stats => checked:1 matched:0 | skipped: read=0 sender=0 no_stq=1 processed=0
[2025-12-24 14:45:32] No matching unread STQ found. Sleeping 5s...
[2025-12-24 14:45:37] 
[Loop #80] Scanning for unread STQ mails...
[2025-12-24 14:45:37] Scan stats => checked:1 matched:0 | skipped: read=0 sender=0 no_stq=1 processed=0
[2025-12-24 14:45:37] No matching unread STQ found. Sleeping 5s...
[2025-12-24 14:45:42] 
[Loop #81] Scanning for unread STQ mails...
[2025-12-24 14:45:42] Scan stats => checked:1 matched:0 | skipped: read=0 sender=0 no_stq=1 processed=0
[2025-12-24 14:45:42] No matching unread STQ found. Sleeping 5s...
[2025-12-24 14:45:47] 
[Loop #82] Scanning for unread STQ mails...
[2025-12-24 14:45:48] Scan stats => checked:1 matched:0 | skipped: read=0 sender=0 no_stq=1 processed=0
[2025-12-24 14:45:48] No matching unread STQ found. Sleeping 5s...
[2025-12-24 14:45:53] 
[Loop #83] Scanning for unread STQ mails...
[2025-12-24 14:45:53] Scan stats => checked:1 matched:0 | skipped: read=0 sender=0 no_stq=1 processed=0
[2025-12-24 14:45:53] No matching unread STQ found. Sleeping 5s...
[2025-12-24 14:45:58] 
[Loop #84] Scanning for unread STQ mails...
[2025-12-24 14:45:58] Scan stats => checked:1 matched:0 | skipped: read=0 sender=0 no_stq=1 processed=0
[2025-12-24 14:45:58] No matching unread STQ found. Sleeping 5s...
[2025-12-24 14:46:03] 
[Loop #85] Scanning for unread STQ mails...
[2025-12-24 14:46:03] Scan stats => checked:1 matched:0 | skipped: read=0 sender=0 no_stq=1 processed=0
[2025-12-24 14:46:03] No matching unread STQ found. Sleeping 5s...
[2025-12-24 14:46:08] 
[Loop #86] Scanning for unread STQ mails...
[2025-12-24 14:46:08] Scan stats => checked:1 matched:0 | skipped: read=0 sender=0 no_stq=1 processed=0
[2025-12-24 14:46:08] No matching unread STQ found. Sleeping 5s...
[2025-12-24 14:46:13] 
[Loop #87] Scanning for unread STQ mails...
[2025-12-24 14:46:13] Scan stats => checked:1 matched:0 | skipped: read=0 sender=0 no_stq=1 processed=0
[2025-12-24 14:46:13] No matching unread STQ found. Sleeping 5s...
[2025-12-24 14:46:18] 
[Loop #88] Scanning for unread STQ mails...
[2025-12-24 14:46:18] Scan stats => checked:1 matched:0 | skipped: read=0 sender=0 no_stq=1 processed=0
[2025-12-24 14:46:18] No matching unread STQ found. Sleeping 5s...
[2025-12-24 14:46:23] 
[Loop #89] Scanning for unread STQ mails...
[2025-12-24 14:46:23] Scan stats => checked:1 matched:0 | skipped: read=0 sender=0 no_stq=1 processed=0
[2025-12-24 14:46:23] No matching unread STQ found. Sleeping 5s...
[2025-12-24 14:46:28] 
[Loop #90] Scanning for unread STQ mails...
[2025-12-24 14:46:29] Scan stats => checked:1 matched:0 | skipped: read=0 sender=0 no_stq=1 processed=0
[2025-12-24 14:46:29] No matching unread STQ found. Sleeping 5s...
[2025-12-24 14:46:34] 
[Loop #91] Scanning for unread STQ mails...
[2025-12-24 14:46:34] Scan stats => checked:1 matched:0 | skipped: read=0 sender=0 no_stq=1 processed=0
[2025-12-24 14:46:34] No matching unread STQ found. Sleeping 5s...
[2025-12-24 14:46:39] 
[Loop #92] Scanning for unread STQ mails...
[2025-12-24 14:46:39] Scan stats => checked:1 matched:0 | skipped: read=0 sender=0 no_stq=1 processed=0
[2025-12-24 14:46:39] No matching unread STQ found. Sleeping 5s...
[2025-12-24 14:46:44] 
[Loop #93] Scanning for unread STQ mails...
[2025-12-24 14:46:44] Scan stats => checked:1 matched:0 | skipped: read=0 sender=0 no_stq=1 processed=0
[2025-12-24 14:46:44] No matching unread STQ found. Sleeping 5s...
[2025-12-24 14:46:49] 
[Loop #94] Scanning for unread STQ mails...
[2025-12-24 14:46:49] Scan stats => checked:1 matched:0 | skipped: read=0 sender=0 no_stq=1 processed=0
[2025-12-24 14:46:49] No matching unread STQ found. Sleeping 5s...
[2025-12-24 14:46:54] 
[Loop #95] Scanning for unread STQ mails...
[2025-12-24 14:46:54] Scan stats => checked:1 matched:0 | skipped: read=0 sender=0 no_stq=1 processed=0
[2025-12-24 14:46:54] No matching unread STQ found. Sleeping 5s...
[2025-12-24 14:46:59] 
[Loop #96] Scanning for unread STQ mails...
[2025-12-24 14:46:59] Scan stats => checked:1 matched:0 | skipped: read=0 sender=0 no_stq=1 processed=0
[2025-12-24 14:46:59] No matching unread STQ found. Sleeping 5s...
[2025-12-24 14:47:04] 
[Loop #97] Scanning for unread STQ mails...
[2025-12-24 14:47:04] Scan stats => checked:1 matched:0 | skipped: read=0 sender=0 no_stq=1 processed=0
[2025-12-24 14:47:04] No matching unread STQ found. Sleeping 5s...
[2025-12-24 14:47:09] 
[Loop #98] Scanning for unread STQ mails...
[2025-12-24 14:47:10] Scan stats => checked:1 matched:0 | skipped: read=0 sender=0 no_stq=1 processed=0
[2025-12-24 14:47:10] No matching unread STQ found. Sleeping 5s...
[2025-12-24 14:47:15] 
[Loop #99] Scanning for unread STQ mails...
[2025-12-24 14:47:15] Scan stats => checked:1 matched:0 | skipped: read=0 sender=0 no_stq=1 processed=0
[2025-12-24 14:47:15] No matching unread STQ found. Sleeping 5s...
[2025-12-24 14:47:20] 
[Loop #100] Scanning for unread STQ mails...
[2025-12-24 14:47:20] Scan stats => checked:1 matched:0 | skipped: read=0 sender=0 no_stq=1 processed=0
[2025-12-24 14:47:20] No matching unread STQ found. Sleeping 5s...
[2025-12-24 14:47:25] 
[Loop #101] Scanning for unread STQ mails...
[2025-12-24 14:47:25] Scan stats => checked:1 matched:0 | skipped: read=0 sender=0 no_stq=1 processed=0
[2025-12-24 14:47:25] No matching unread STQ found. Sleeping 5s...
[2025-12-24 14:47:30] 
[Loop #102] Scanning for unread STQ mails...
[2025-12-24 14:47:30] Scan stats => checked:1 matched:0 | skipped: read=0 sender=0 no_stq=1 processed=0
[2025-12-24 14:47:30] No matching unread STQ found. Sleeping 5s...
[2025-12-24 14:47:35] 
[Loop #103] Scanning for unread STQ mails...
[2025-12-24 14:47:35] Scan stats => checked:1 matched:0 | skipped: read=0 sender=0 no_stq=1 processed=0
[2025-12-24 14:47:35] No matching unread STQ found. Sleeping 5s...
[2025-12-24 14:47:40] 
[Loop #104] Scanning for unread STQ mails...
[2025-12-24 14:47:40] Scan stats => checked:1 matched:0 | skipped: read=0 sender=0 no_stq=1 processed=0
[2025-12-24 14:47:40] No matching unread STQ found. Sleeping 5s...
[2025-12-24 14:47:45] 
[Loop #105] Scanning for unread STQ mails...
[2025-12-24 14:47:45] Scan stats => checked:1 matched:0 | skipped: read=0 sender=0 no_stq=1 processed=0
[2025-12-24 14:47:45] No matching unread STQ found. Sleeping 5s...
[2025-12-24 14:47:50] 
[Loop #106] Scanning for unread STQ mails...
[2025-12-24 14:47:50] Scan stats => checked:1 matched:0 | skipped: read=0 sender=0 no_stq=1 processed=0
[2025-12-24 14:47:50] No matching unread STQ found. Sleeping 5s...
[2025-12-24 14:47:55] 
[Loop #107] Scanning for unread STQ mails...
[2025-12-24 14:47:56] Scan stats => checked:1 matched:0 | skipped: read=0 sender=0 no_stq=1 processed=0
[2025-12-24 14:47:56] No matching unread STQ found. Sleeping 5s...
[2025-12-24 14:48:01] 
[Loop #108] Scanning for unread STQ mails...
[2025-12-24 14:48:01] Scan stats => checked:1 matched:0 | skipped: read=0 sender=0 no_stq=1 processed=0
[2025-12-24 14:48:01] No matching unread STQ found. Sleeping 5s...
[2025-12-24 14:48:06] 
[Loop #109] Scanning for unread STQ mails...
[2025-12-24 14:48:06] Scan stats => checked:1 matched:0 | skipped: read=0 sender=0 no_stq=1 processed=0
[2025-12-24 14:48:06] No matching unread STQ found. Sleeping 5s...
[2025-12-24 14:48:11] 
[Loop #110] Scanning for unread STQ mails...
[2025-12-24 14:48:11] Scan stats => checked:1 matched:0 | skipped: read=0 sender=0 no_stq=1 processed=0
[2025-12-24 14:48:11] No matching unread STQ found. Sleeping 5s...
[2025-12-24 14:48:16] 
[Loop #111] Scanning for unread STQ mails...
[2025-12-24 14:48:16] Scan stats => checked:1 matched:0 | skipped: read=0 sender=0 no_stq=1 processed=0
[2025-12-24 14:48:16] No matching unread STQ found. Sleeping 5s...
[2025-12-24 14:48:21] 
[Loop #112] Scanning for unread STQ mails...
[2025-12-24 14:48:21] Scan stats => checked:1 matched:0 | skipped: read=0 sender=0 no_stq=1 processed=0
[2025-12-24 14:48:21] No matching unread STQ found. Sleeping 5s...
[2025-12-24 14:48:26] 
[Loop #113] Scanning for unread STQ mails...
[2025-12-24 14:48:26] Scan stats => checked:1 matched:0 | skipped: read=0 sender=0 no_stq=1 processed=0
[2025-12-24 14:48:26] No matching unread STQ found. Sleeping 5s...
[2025-12-24 14:48:31] 
[Loop #114] Scanning for unread STQ mails...
[2025-12-24 14:48:32] Scan stats => checked:1 matched:0 | skipped: read=0 sender=0 no_stq=1 processed=0
[2025-12-24 14:48:32] No matching unread STQ found. Sleeping 5s...
[2025-12-24 14:48:37] 
[Loop #115] Scanning for unread STQ mails...
[2025-12-24 14:48:37] Scan stats => checked:1 matched:0 | skipped: read=0 sender=0 no_stq=1 processed=0
[2025-12-24 14:48:37] No matching unread STQ found. Sleeping 5s...
[2025-12-24 14:48:42] 
[Loop #116] Scanning for unread STQ mails...
[2025-12-24 14:48:42] Scan stats => checked:1 matched:0 | skipped: read=0 sender=0 no_stq=1 processed=0
[2025-12-24 14:48:42] No matching unread STQ found. Sleeping 5s...
[2025-12-24 14:48:47] 
[Loop #117] Scanning for unread STQ mails...
[2025-12-24 14:48:47] Scan stats => checked:1 matched:0 | skipped: read=0 sender=0 no_stq=1 processed=0
[2025-12-24 14:48:47] No matching unread STQ found. Sleeping 5s...
[2025-12-24 14:48:52] 
[Loop #118] Scanning for unread STQ mails...
[2025-12-24 14:48:52] Scan stats => checked:1 matched:0 | skipped: read=0 sender=0 no_stq=1 processed=0
[2025-12-24 14:48:52] No matching unread STQ found. Sleeping 5s...
[2025-12-24 14:48:57] 
[Loop #119] Scanning for unread STQ mails...
[2025-12-24 14:48:57] Scan stats => checked:1 matched:0 | skipped: read=0 sender=0 no_stq=1 processed=0
[2025-12-24 14:48:57] No matching unread STQ found. Sleeping 5s...
[2025-12-24 14:49:02] 
[Loop #120] Scanning for unread STQ mails...
[2025-12-24 14:49:02] Scan stats => checked:1 matched:0 | skipped: read=0 sender=0 no_stq=1 processed=0
[2025-12-24 14:49:02] No matching unread STQ found. Sleeping 5s...
[2025-12-24 14:49:07] 
[Loop #121] Scanning for unread STQ mails...
[2025-12-24 14:49:07] Scan stats => checked:1 matched:0 | skipped: read=0 sender=0 no_stq=1 processed=0
[2025-12-24 14:49:07] No matching unread STQ found. Sleeping 5s...
[2025-12-24 14:49:12] 
[Loop #122] Scanning for unread STQ mails...
[2025-12-24 14:49:13] Scan stats => checked:1 matched:0 | skipped: read=0 sender=0 no_stq=1 processed=0
[2025-12-24 14:49:13] No matching unread STQ found. Sleeping 5s...
[2025-12-24 14:49:18] 
[Loop #123] Scanning for unread STQ mails...
[2025-12-24 14:49:18] Scan stats => checked:1 matched:0 | skipped: read=0 sender=0 no_stq=1 processed=0
[2025-12-24 14:49:18] No matching unread STQ found. Sleeping 5s...
[2025-12-24 14:49:23] 
[Loop #124] Scanning for unread STQ mails...
[2025-12-24 14:49:23] Scan stats => checked:1 matched:0 | skipped: read=0 sender=0 no_stq=1 processed=0
[2025-12-24 14:49:23] No matching unread STQ found. Sleeping 5s...
[2025-12-24 14:49:28] 
[Loop #125] Scanning for unread STQ mails...
[2025-12-24 14:49:28] Scan stats => checked:1 matched:0 | skipped: read=0 sender=0 no_stq=1 processed=0
[2025-12-24 14:49:28] No matching unread STQ found. Sleeping 5s...
[2025-12-24 14:49:33] 
[Loop #126] Scanning for unread STQ mails...
[2025-12-24 14:49:33] Scan stats => checked:1 matched:0 | skipped: read=0 sender=0 no_stq=1 processed=0
[2025-12-24 14:49:33] No matching unread STQ found. Sleeping 5s...
[2025-12-24 14:49:38] 
[Loop #127] Scanning for unread STQ mails...
[2025-12-24 14:49:38] Scan stats => checked:1 matched:0 | skipped: read=0 sender=0 no_stq=1 processed=0
[2025-12-24 14:49:38] No matching unread STQ found. Sleeping 5s...
[2025-12-24 14:49:43] 
[Loop #128] Scanning for unread STQ mails...
[2025-12-24 14:49:43] Scan stats => checked:1 matched:0 | skipped: read=0 sender=0 no_stq=1 processed=0
[2025-12-24 14:49:43] No matching unread STQ found. Sleeping 5s...
[2025-12-24 14:49:48] 
[Loop #129] Scanning for unread STQ mails...
[2025-12-24 14:49:48] Scan stats => checked:1 matched:0 | skipped: read=0 sender=0 no_stq=1 processed=0
[2025-12-24 14:49:48] No matching unread STQ found. Sleeping 5s...
[2025-12-24 14:49:53] 
[Loop #130] Scanning for unread STQ mails...
[2025-12-24 14:49:53] Scan stats => checked:1 matched:0 | skipped: read=0 sender=0 no_stq=1 processed=0
[2025-12-24 14:49:53] No matching unread STQ found. Sleeping 5s...
[2025-12-24 14:49:59] 
[Loop #131] Scanning for unread STQ mails...
[2025-12-24 14:49:59] Scan stats => checked:1 matched:0 | skipped: read=0 sender=0 no_stq=1 processed=0
[2025-12-24 14:49:59] No matching unread STQ found. Sleeping 5s...
[2025-12-24 14:50:04] 
[Loop #132] Scanning for unread STQ mails...
[2025-12-24 14:50:04] Scan stats => checked:1 matched:0 | skipped: read=0 sender=0 no_stq=1 processed=0
[2025-12-24 14:50:04] No matching unread STQ found. Sleeping 5s...
[2025-12-24 14:50:09] 
[Loop #133] Scanning for unread STQ mails...
[2025-12-24 14:50:09] Scan stats => checked:1 matched:0 | skipped: read=0 sender=0 no_stq=1 processed=0
[2025-12-24 14:50:09] No matching unread STQ found. Sleeping 5s...
[2025-12-24 14:50:14] 
[Loop #134] Scanning for unread STQ mails...
[2025-12-24 14:50:14] Scan stats => checked:1 matched:0 | skipped: read=0 sender=0 no_stq=1 processed=0
[2025-12-24 14:50:14] No matching unread STQ found. Sleeping 5s...
[2025-12-24 14:50:19] 
[Loop #135] Scanning for unread STQ mails...
[2025-12-24 14:50:19] Scan stats => checked:1 matched:0 | skipped: read=0 sender=0 no_stq=1 processed=0
[2025-12-24 14:50:19] No matching unread STQ found. Sleeping 5s...
[2025-12-24 14:50:24] 
[Loop #136] Scanning for unread STQ mails...
[2025-12-24 14:50:24] Scan stats => checked:1 matched:0 | skipped: read=0 sender=0 no_stq=1 processed=0
[2025-12-24 14:50:24] No matching unread STQ found. Sleeping 5s...
[2025-12-24 14:50:29] 
[Loop #137] Scanning for unread STQ mails...
[2025-12-24 14:50:29] Scan stats => checked:1 matched:0 | skipped: read=0 sender=0 no_stq=1 processed=0
[2025-12-24 14:50:29] No matching unread STQ found. Sleeping 5s...
[2025-12-24 14:50:34] 
[Loop #138] Scanning for unread STQ mails...
[2025-12-24 14:50:34] Scan stats => checked:1 matched:0 | skipped: read=0 sender=0 no_stq=1 processed=0
[2025-12-24 14:50:34] No matching unread STQ found. Sleeping 5s...
[2025-12-24 14:50:39] 
[Loop #139] Scanning for unread STQ mails...
[2025-12-24 14:50:40] Scan stats => checked:1 matched:0 | skipped: read=0 sender=0 no_stq=1 processed=0
[2025-12-24 14:50:40] No matching unread STQ found. Sleeping 5s...
[2025-12-24 14:50:45] 
[Loop #140] Scanning for unread STQ mails...
[2025-12-24 14:50:45] Scan stats => checked:1 matched:0 | skipped: read=0 sender=0 no_stq=1 processed=0
[2025-12-24 14:50:45] No matching unread STQ found. Sleeping 5s...
[2025-12-24 14:50:50] 
[Loop #141] Scanning for unread STQ mails...
[2025-12-24 14:50:50] Scan stats => checked:1 matched:0 | skipped: read=0 sender=0 no_stq=1 processed=0
[2025-12-24 14:50:50] No matching unread STQ found. Sleeping 5s...
[2025-12-24 14:50:55] 
[Loop #142] Scanning for unread STQ mails...
[2025-12-24 14:50:55] Scan stats => checked:1 matched:0 | skipped: read=0 sender=0 no_stq=1 processed=0
[2025-12-24 14:50:55] No matching unread STQ found. Sleeping 5s...
[2025-12-24 14:51:00] 
[Loop #143] Scanning for unread STQ mails...
[2025-12-24 14:51:00] Scan stats => checked:1 matched:0 | skipped: read=0 sender=0 no_stq=1 processed=0
[2025-12-24 14:51:00] No matching unread STQ found. Sleeping 5s...
[2025-12-24 14:51:05] 
[Loop #144] Scanning for unread STQ mails...
[2025-12-24 14:51:05] Scan stats => checked:1 matched:0 | skipped: read=0 sender=0 no_stq=1 processed=0
[2025-12-24 14:51:05] No matching unread STQ found. Sleeping 5s...
[2025-12-24 14:51:10] 
[Loop #145] Scanning for unread STQ mails...
[2025-12-24 14:51:10] Scan stats => checked:1 matched:0 | skipped: read=0 sender=0 no_stq=1 processed=0
[2025-12-24 14:51:10] No matching unread STQ found. Sleeping 5s...
[2025-12-24 14:51:15] 
[Loop #146] Scanning for unread STQ mails...
[2025-12-24 14:51:15] Scan stats => checked:1 matched:0 | skipped: read=0 sender=0 no_stq=1 processed=0
[2025-12-24 14:51:15] No matching unread STQ found. Sleeping 5s...
[2025-12-24 14:51:20] 
[Loop #147] Scanning for unread STQ mails...
[2025-12-24 14:51:20] Scan stats => checked:1 matched:0 | skipped: read=0 sender=0 no_stq=1 processed=0
[2025-12-24 14:51:20] No matching unread STQ found. Sleeping 5s...
[2025-12-24 14:51:25] 
[Loop #148] Scanning for unread STQ mails...
[2025-12-24 14:51:25] Scan stats => checked:1 matched:0 | skipped: read=0 sender=0 no_stq=1 processed=0
[2025-12-24 14:51:25] No matching unread STQ found. Sleeping 5s...
[2025-12-24 14:51:30] 
[Loop #149] Scanning for unread STQ mails...
[2025-12-24 14:51:30] Scan stats => checked:1 matched:0 | skipped: read=0 sender=0 no_stq=1 processed=0
[2025-12-24 14:51:30] No matching unread STQ found. Sleeping 5s...
[2025-12-24 14:51:35] 
[Loop #150] Scanning for unread STQ mails...
[2025-12-24 14:51:35] Scan stats => checked:1 matched:0 | skipped: read=0 sender=0 no_stq=1 processed=0
[2025-12-24 14:51:35] No matching unread STQ found. Sleeping 5s...
[2025-12-24 14:51:40] 
[Loop #151] Scanning for unread STQ mails...
[2025-12-24 14:51:40] Scan stats => checked:1 matched:0 | skipped: read=0 sender=0 no_stq=1 processed=0
[2025-12-24 14:51:40] No matching unread STQ found. Sleeping 5s...
[2025-12-24 14:51:45] 
[Loop #152] Scanning for unread STQ mails...
[2025-12-24 14:51:45] Scan stats => checked:1 matched:0 | skipped: read=0 sender=0 no_stq=1 processed=0
[2025-12-24 14:51:45] No matching unread STQ found. Sleeping 5s...
[2025-12-24 14:51:50] 
[Loop #153] Scanning for unread STQ mails...
[2025-12-24 14:51:51] Scan stats => checked:1 matched:0 | skipped: read=0 sender=0 no_stq=1 processed=0
[2025-12-24 14:51:51] No matching unread STQ found. Sleeping 5s...
[2025-12-24 14:51:56] 
[Loop #154] Scanning for unread STQ mails...
[2025-12-24 14:51:56] Scan stats => checked:1 matched:0 | skipped: read=0 sender=0 no_stq=1 processed=0
[2025-12-24 14:51:56] No matching unread STQ found. Sleeping 5s...
[2025-12-24 14:52:01] 
[Loop #155] Scanning for unread STQ mails...
[2025-12-24 14:52:01] Scan stats => checked:1 matched:0 | skipped: read=0 sender=0 no_stq=1 processed=0
[2025-12-24 14:52:01] No matching unread STQ found. Sleeping 5s...
[2025-12-24 14:52:06] 
[Loop #156] Scanning for unread STQ mails...
[2025-12-24 14:52:06] Scan stats => checked:1 matched:0 | skipped: read=0 sender=0 no_stq=1 processed=0
[2025-12-24 14:52:06] No matching unread STQ found. Sleeping 5s...
[2025-12-24 14:52:11] 
[Loop #157] Scanning for unread STQ mails...
[2025-12-24 14:52:11] Scan stats => checked:1 matched:0 | skipped: read=0 sender=0 no_stq=1 processed=0
[2025-12-24 14:52:11] No matching unread STQ found. Sleeping 5s...
[2025-12-24 14:52:16] 
[Loop #158] Scanning for unread STQ mails...
[2025-12-24 14:52:16] Scan stats => checked:1 matched:0 | skipped: read=0 sender=0 no_stq=1 processed=0
[2025-12-24 14:52:16] No matching unread STQ found. Sleeping 5s...
[2025-12-24 14:52:21] 
[Loop #159] Scanning for unread STQ mails...
[2025-12-24 14:52:21] Scan stats => checked:1 matched:0 | skipped: read=0 sender=0 no_stq=1 processed=0
[2025-12-24 14:52:21] No matching unread STQ found. Sleeping 5s...
[2025-12-24 14:52:26] 
[Loop #160] Scanning for unread STQ mails...
[2025-12-24 14:52:26] Scan stats => checked:1 matched:0 | skipped: read=0 sender=0 no_stq=1 processed=0
[2025-12-24 14:52:26] No matching unread STQ found. Sleeping 5s...
[2025-12-24 14:52:31] 
[Loop #161] Scanning for unread STQ mails...
[2025-12-24 14:52:31] Scan stats => checked:1 matched:0 | skipped: read=0 sender=0 no_stq=1 processed=0
[2025-12-24 14:52:31] No matching unread STQ found. Sleeping 5s...
[2025-12-24 14:52:36] 
[Loop #162] Scanning for unread STQ mails...
[2025-12-24 14:52:36] Scan stats => checked:1 matched:0 | skipped: read=0 sender=0 no_stq=1 processed=0
[2025-12-24 14:52:36] No matching unread STQ found. Sleeping 5s...
[2025-12-24 14:52:41] 
[Loop #163] Scanning for unread STQ mails...
[2025-12-24 14:52:42] Scan stats => checked:1 matched:0 | skipped: read=0 sender=0 no_stq=1 processed=0
[2025-12-24 14:52:42] No matching unread STQ found. Sleeping 5s...
[2025-12-24 14:52:47] 
[Loop #164] Scanning for unread STQ mails...
[2025-12-24 14:52:47] Scan stats => checked:1 matched:0 | skipped: read=0 sender=0 no_stq=1 processed=0
[2025-12-24 14:52:47] No matching unread STQ found. Sleeping 5s...
[2025-12-24 14:52:52] 
[Loop #165] Scanning for unread STQ mails...
[2025-12-24 14:52:52] Scan stats => checked:1 matched:0 | skipped: read=0 sender=0 no_stq=1 processed=0
[2025-12-24 14:52:52] No matching unread STQ found. Sleeping 5s...
[2025-12-24 14:52:57] 
[Loop #166] Scanning for unread STQ mails...
[2025-12-24 14:52:57] Scan stats => checked:1 matched:0 | skipped: read=0 sender=0 no_stq=1 processed=0
[2025-12-24 14:52:57] No matching unread STQ found. Sleeping 5s...
[2025-12-24 14:53:02] 
[Loop #167] Scanning for unread STQ mails...
[2025-12-24 14:53:02] Scan stats => checked:1 matched:0 | skipped: read=0 sender=0 no_stq=1 processed=0
[2025-12-24 14:53:02] No matching unread STQ found. Sleeping 5s...
[2025-12-24 14:53:07] 
[Loop #168] Scanning for unread STQ mails...
[2025-12-24 14:53:07] Scan stats => checked:1 matched:0 | skipped: read=0 sender=0 no_stq=1 processed=0
[2025-12-24 14:53:07] No matching unread STQ found. Sleeping 5s...
[2025-12-24 14:53:12] 
[Loop #169] Scanning for unread STQ mails...
[2025-12-24 14:53:12] Scan stats => checked:1 matched:0 | skipped: read=0 sender=0 no_stq=1 processed=0
[2025-12-24 14:53:12] No matching unread STQ found. Sleeping 5s...
[2025-12-24 14:53:17] 
[Loop #170] Scanning for unread STQ mails...
[2025-12-24 14:53:17] Scan stats => checked:1 matched:0 | skipped: read=0 sender=0 no_stq=1 processed=0
[2025-12-24 14:53:17] No matching unread STQ found. Sleeping 5s...
[2025-12-24 14:53:22] 
[Loop #171] Scanning for unread STQ mails...
[2025-12-24 14:53:22] Scan stats => checked:1 matched:0 | skipped: read=0 sender=0 no_stq=1 processed=0
[2025-12-24 14:53:22] No matching unread STQ found. Sleeping 5s...
[2025-12-24 14:53:27] 
[Loop #172] Scanning for unread STQ mails...
[2025-12-24 14:53:27] Scan stats => checked:1 matched:0 | skipped: read=0 sender=0 no_stq=1 processed=0
[2025-12-24 14:53:27] No matching unread STQ found. Sleeping 5s...
[2025-12-24 14:53:32] 
[Loop #173] Scanning for unread STQ mails...
[2025-12-24 14:53:32] Scan stats => checked:1 matched:0 | skipped: read=0 sender=0 no_stq=1 processed=0
[2025-12-24 14:53:32] No matching unread STQ found. Sleeping 5s...
[2025-12-24 14:53:37] 
[Loop #174] Scanning for unread STQ mails...
[2025-12-24 14:53:37] Scan stats => checked:1 matched:0 | skipped: read=0 sender=0 no_stq=1 processed=0
[2025-12-24 14:53:37] No matching unread STQ found. Sleeping 5s...
[2025-12-24 14:53:42] 
[Loop #175] Scanning for unread STQ mails...
[2025-12-24 14:53:42] Scan stats => checked:1 matched:0 | skipped: read=0 sender=0 no_stq=1 processed=0
[2025-12-24 14:53:42] No matching unread STQ found. Sleeping 5s...
[2025-12-24 14:53:47] 
[Loop #176] Scanning for unread STQ mails...
[2025-12-24 14:53:48] Scan stats => checked:1 matched:0 | skipped: read=0 sender=0 no_stq=1 processed=0
[2025-12-24 14:53:48] No matching unread STQ found. Sleeping 5s...
[2025-12-24 14:53:53] 
[Loop #177] Scanning for unread STQ mails...
[2025-12-24 14:53:53] Scan stats => checked:1 matched:0 | skipped: read=0 sender=0 no_stq=1 processed=0
[2025-12-24 14:53:53] No matching unread STQ found. Sleeping 5s...
[2025-12-24 14:53:58] 
[Loop #178] Scanning for unread STQ mails...
[2025-12-24 14:53:58] Scan stats => checked:1 matched:0 | skipped: read=0 sender=0 no_stq=1 processed=0
[2025-12-24 14:53:58] No matching unread STQ found. Sleeping 5s...
[2025-12-24 14:54:03] 
[Loop #179] Scanning for unread STQ mails...
[2025-12-24 14:54:03] Scan stats => checked:1 matched:0 | skipped: read=0 sender=0 no_stq=1 processed=0
[2025-12-24 14:54:03] No matching unread STQ found. Sleeping 5s...
[2025-12-24 14:54:08] 
[Loop #180] Scanning for unread STQ mails...
[2025-12-24 14:54:08] Scan stats => checked:1 matched:0 | skipped: read=0 sender=0 no_stq=1 processed=0
[2025-12-24 14:54:08] No matching unread STQ found. Sleeping 5s...
[2025-12-24 14:54:13] 
[Loop #181] Scanning for unread STQ mails...
[2025-12-24 14:54:13] Scan stats => checked:1 matched:0 | skipped: read=0 sender=0 no_stq=1 processed=0
[2025-12-24 14:54:13] No matching unread STQ found. Sleeping 5s...
[2025-12-24 14:54:18] 
[Loop #182] Scanning for unread STQ mails...
[2025-12-24 14:54:18] Scan stats => checked:1 matched:0 | skipped: read=0 sender=0 no_stq=1 processed=0
[2025-12-24 14:54:18] No matching unread STQ found. Sleeping 5s...
[2025-12-24 14:54:23] 
[Loop #183] Scanning for unread STQ mails...
[2025-12-24 14:54:23] Scan stats => checked:1 matched:0 | skipped: read=0 sender=0 no_stq=1 processed=0
[2025-12-24 14:54:23] No matching unread STQ found. Sleeping 5s...
[2025-12-24 14:54:28] 
[Loop #184] Scanning for unread STQ mails...
[2025-12-24 14:54:28] Scan stats => checked:1 matched:0 | skipped: read=0 sender=0 no_stq=1 processed=0
[2025-12-24 14:54:28] No matching unread STQ found. Sleeping 5s...
[2025-12-24 14:54:33] 
[Loop #185] Scanning for unread STQ mails...
[2025-12-24 14:54:34] Scan stats => checked:1 matched:0 | skipped: read=0 sender=0 no_stq=1 processed=0
[2025-12-24 14:54:34] No matching unread STQ found. Sleeping 5s...
[2025-12-24 14:54:39] 
[Loop #186] Scanning for unread STQ mails...
[2025-12-24 14:54:39] Scan stats => checked:1 matched:0 | skipped: read=0 sender=0 no_stq=1 processed=0
[2025-12-24 14:54:39] No matching unread STQ found. Sleeping 5s...
[2025-12-24 14:54:44] 
[Loop #187] Scanning for unread STQ mails...
[2025-12-24 14:54:44] Scan stats => checked:1 matched:0 | skipped: read=0 sender=0 no_stq=1 processed=0
[2025-12-24 14:54:44] No matching unread STQ found. Sleeping 5s...
[2025-12-24 14:54:49] 
[Loop #188] Scanning for unread STQ mails...
[2025-12-24 14:54:49] Scan stats => checked:1 matched:0 | skipped: read=0 sender=0 no_stq=1 processed=0
[2025-12-24 14:54:49] No matching unread STQ found. Sleeping 5s...
[2025-12-24 14:54:54] 
[Loop #189] Scanning for unread STQ mails...
[2025-12-24 14:54:54] Scan stats => checked:1 matched:0 | skipped: read=0 sender=0 no_stq=1 processed=0
[2025-12-24 14:54:54] No matching unread STQ found. Sleeping 5s...
[2025-12-24 14:54:59] 
[Loop #190] Scanning for unread STQ mails...
[2025-12-24 14:54:59] Scan stats => checked:1 matched:0 | skipped: read=0 sender=0 no_stq=1 processed=0
[2025-12-24 14:54:59] No matching unread STQ found. Sleeping 5s...
[2025-12-24 14:55:04] 
[Loop #191] Scanning for unread STQ mails...
[2025-12-24 14:55:04] Scan stats => checked:1 matched:0 | skipped: read=0 sender=0 no_stq=1 processed=0
[2025-12-24 14:55:04] No matching unread STQ found. Sleeping 5s...
[2025-12-24 14:55:09] 
[Loop #192] Scanning for unread STQ mails...
[2025-12-24 14:55:09] Scan stats => checked:1 matched:0 | skipped: read=0 sender=0 no_stq=1 processed=0
[2025-12-24 14:55:09] No matching unread STQ found. Sleeping 5s...
[2025-12-24 14:55:14] 
[Loop #193] Scanning for unread STQ mails...
[2025-12-24 14:55:14] Scan stats => checked:1 matched:0 | skipped: read=0 sender=0 no_stq=1 processed=0
[2025-12-24 14:55:14] No matching unread STQ found. Sleeping 5s...
[2025-12-24 14:55:19] 
[Loop #194] Scanning for unread STQ mails...
[2025-12-24 14:55:19] Scan stats => checked:1 matched:0 | skipped: read=0 sender=0 no_stq=1 processed=0
[2025-12-24 14:55:19] No matching unread STQ found. Sleeping 5s...
[2025-12-24 14:55:25] 
[Loop #195] Scanning for unread STQ mails...
[2025-12-24 14:55:25] Scan stats => checked:1 matched:0 | skipped: read=0 sender=0 no_stq=1 processed=0
[2025-12-24 14:55:25] No matching unread STQ found. Sleeping 5s...
[2025-12-24 14:55:30] 
[Loop #196] Scanning for unread STQ mails...
[2025-12-24 14:55:30] Scan stats => checked:1 matched:0 | skipped: read=0 sender=0 no_stq=1 processed=0
[2025-12-24 14:55:30] No matching unread STQ found. Sleeping 5s...
[2025-12-24 14:55:35] 
[Loop #197] Scanning for unread STQ mails...
[2025-12-24 14:55:35] Scan stats => checked:1 matched:0 | skipped: read=0 sender=0 no_stq=1 processed=0
[2025-12-24 14:55:35] No matching unread STQ found. Sleeping 5s...
[2025-12-24 14:55:40] 
[Loop #198] Scanning for unread STQ mails...
[2025-12-24 14:55:40] Scan stats => checked:1 matched:0 | skipped: read=0 sender=0 no_stq=1 processed=0
[2025-12-24 14:55:40] No matching unread STQ found. Sleeping 5s...
[2025-12-24 14:55:45] 
[Loop #199] Scanning for unread STQ mails...
[2025-12-24 14:55:45] Scan stats => checked:1 matched:0 | skipped: read=0 sender=0 no_stq=1 processed=0
[2025-12-24 14:55:45] No matching unread STQ found. Sleeping 5s...
[2025-12-24 14:55:50] 
[Loop #200] Scanning for unread STQ mails...
[2025-12-24 14:55:50] Scan stats => checked:1 matched:0 | skipped: read=0 sender=0 no_stq=1 processed=0
[2025-12-24 14:55:50] No matching unread STQ found. Sleeping 5s...
[2025-12-24 14:55:55] 
[Loop #201] Scanning for unread STQ mails...
[2025-12-24 14:55:55] Scan stats => checked:1 matched:0 | skipped: read=0 sender=0 no_stq=1 processed=0
[2025-12-24 14:55:55] No matching unread STQ found. Sleeping 5s...
[2025-12-24 14:56:00] 
[Loop #202] Scanning for unread STQ mails...
[2025-12-24 14:56:00] Scan stats => checked:1 matched:0 | skipped: read=0 sender=0 no_stq=1 processed=0
[2025-12-24 14:56:00] No matching unread STQ found. Sleeping 5s...
[2025-12-24 14:56:05] 
[Loop #203] Scanning for unread STQ mails...
[2025-12-24 14:56:06] Scan stats => checked:1 matched:0 | skipped: read=0 sender=0 no_stq=1 processed=0
[2025-12-24 14:56:06] No matching unread STQ found. Sleeping 5s...
[2025-12-24 14:56:11] 
[Loop #204] Scanning for unread STQ mails...
[2025-12-24 14:56:11] Scan stats => checked:1 matched:0 | skipped: read=0 sender=0 no_stq=1 processed=0
[2025-12-24 14:56:11] No matching unread STQ found. Sleeping 5s...
[2025-12-24 14:56:16] 
[Loop #205] Scanning for unread STQ mails...
[2025-12-24 14:56:16] Scan stats => checked:1 matched:0 | skipped: read=0 sender=0 no_stq=1 processed=0
[2025-12-24 14:56:16] No matching unread STQ found. Sleeping 5s...
[2025-12-24 14:56:21] 
[Loop #206] Scanning for unread STQ mails...
[2025-12-24 14:56:21] Scan stats => checked:1 matched:0 | skipped: read=0 sender=0 no_stq=1 processed=0
[2025-12-24 14:56:21] No matching unread STQ found. Sleeping 5s...
[2025-12-24 14:56:26] 
[Loop #207] Scanning for unread STQ mails...
[2025-12-24 14:56:26] Scan stats => checked:1 matched:0 | skipped: read=0 sender=0 no_stq=1 processed=0
[2025-12-24 14:56:26] No matching unread STQ found. Sleeping 5s...
[2025-12-24 14:56:31] 
[Loop #208] Scanning for unread STQ mails...
[2025-12-24 14:56:31] Scan stats => checked:1 matched:0 | skipped: read=0 sender=0 no_stq=1 processed=0
[2025-12-24 14:56:31] No matching unread STQ found. Sleeping 5s...
[2025-12-24 14:56:36] 
[Loop #209] Scanning for unread STQ mails...
[2025-12-24 14:56:36] Scan stats => checked:1 matched:0 | skipped: read=0 sender=0 no_stq=1 processed=0
[2025-12-24 14:56:36] No matching unread STQ found. Sleeping 5s...
[2025-12-24 14:56:41] 
[Loop #210] Scanning for unread STQ mails...
[2025-12-24 14:56:42] Scan stats => checked:1 matched:0 | skipped: read=0 sender=0 no_stq=1 processed=0
[2025-12-24 14:56:42] No matching unread STQ found. Sleeping 5s...
[2025-12-24 14:56:47] 
[Loop #211] Scanning for unread STQ mails...
[2025-12-24 14:56:47] Scan stats => checked:1 matched:0 | skipped: read=0 sender=0 no_stq=1 processed=0
[2025-12-24 14:56:47] No matching unread STQ found. Sleeping 5s...
[2025-12-24 14:56:52] 
[Loop #212] Scanning for unread STQ mails...
[2025-12-24 14:56:52] Scan stats => checked:1 matched:0 | skipped: read=0 sender=0 no_stq=1 processed=0
[2025-12-24 14:56:52] No matching unread STQ found. Sleeping 5s...
[2025-12-24 14:56:57] 
[Loop #213] Scanning for unread STQ mails...
[2025-12-24 14:56:57] Scan stats => checked:1 matched:0 | skipped: read=0 sender=0 no_stq=1 processed=0
[2025-12-24 14:56:57] No matching unread STQ found. Sleeping 5s...
[2025-12-24 14:57:02] 
[Loop #214] Scanning for unread STQ mails...
[2025-12-24 14:57:02] Scan stats => checked:1 matched:0 | skipped: read=0 sender=0 no_stq=1 processed=0
[2025-12-24 14:57:02] No matching unread STQ found. Sleeping 5s...
[2025-12-24 14:57:07] 
[Loop #215] Scanning for unread STQ mails...
[2025-12-24 14:57:07] Scan stats => checked:1 matched:0 | skipped: read=0 sender=0 no_stq=1 processed=0
[2025-12-24 14:57:07] No matching unread STQ found. Sleeping 5s...
[2025-12-24 14:57:12] 
[Loop #216] Scanning for unread STQ mails...
[2025-12-24 14:57:12] Scan stats => checked:1 matched:0 | skipped: read=0 sender=0 no_stq=1 processed=0
[2025-12-24 14:57:12] No matching unread STQ found. Sleeping 5s...
[2025-12-24 14:57:17] 
[Loop #217] Scanning for unread STQ mails...
[2025-12-24 14:57:17] Scan stats => checked:1 matched:0 | skipped: read=0 sender=0 no_stq=1 processed=0
[2025-12-24 14:57:17] No matching unread STQ found. Sleeping 5s...
[2025-12-24 14:57:22] 
[Loop #218] Scanning for unread STQ mails...
[2025-12-24 14:57:22] Scan stats => checked:1 matched:0 | skipped: read=0 sender=0 no_stq=1 processed=0
[2025-12-24 14:57:22] No matching unread STQ found. Sleeping 5s...
[2025-12-24 14:57:27] 
[Loop #219] Scanning for unread STQ mails...
[2025-12-24 14:57:27] Scan stats => checked:1 matched:0 | skipped: read=0 sender=0 no_stq=1 processed=0
[2025-12-24 14:57:27] No matching unread STQ found. Sleeping 5s...
[2025-12-24 14:57:32] 
[Loop #220] Scanning for unread STQ mails...
[2025-12-24 14:57:32] Scan stats => checked:1 matched:0 | skipped: read=0 sender=0 no_stq=1 processed=0
[2025-12-24 14:57:32] No matching unread STQ found. Sleeping 5s...
[2025-12-24 14:57:37] 
[Loop #221] Scanning for unread STQ mails...
[2025-12-24 14:57:37] Scan stats => checked:1 matched:0 | skipped: read=0 sender=0 no_stq=1 processed=0
[2025-12-24 14:57:37] No matching unread STQ found. Sleeping 5s...
[2025-12-24 14:57:42] 
[Loop #222] Scanning for unread STQ mails...
[2025-12-24 14:57:42] Scan stats => checked:1 matched:0 | skipped: read=0 sender=0 no_stq=1 processed=0
[2025-12-24 14:57:42] No matching unread STQ found. Sleeping 5s...
[2025-12-24 14:57:47] 
[Loop #223] Scanning for unread STQ mails...
[2025-12-24 14:57:48] Scan stats => checked:1 matched:0 | skipped: read=0 sender=0 no_stq=1 processed=0
[2025-12-24 14:57:48] No matching unread STQ found. Sleeping 5s...
[2025-12-24 14:57:53] 
[Loop #224] Scanning for unread STQ mails...
[2025-12-24 14:57:53] Scan stats => checked:1 matched:0 | skipped: read=0 sender=0 no_stq=1 processed=0
[2025-12-24 14:57:53] No matching unread STQ found. Sleeping 5s...
[2025-12-24 14:57:58] 
[Loop #225] Scanning for unread STQ mails...
[2025-12-24 14:57:58] Scan stats => checked:1 matched:0 | skipped: read=0 sender=0 no_stq=1 processed=0
[2025-12-24 14:57:58] No matching unread STQ found. Sleeping 5s...
[2025-12-24 14:58:03] 
[Loop #226] Scanning for unread STQ mails...
[2025-12-24 14:58:03] Scan stats => checked:1 matched:0 | skipped: read=0 sender=0 no_stq=1 processed=0
[2025-12-24 14:58:03] No matching unread STQ found. Sleeping 5s...
[2025-12-24 14:58:08] 
[Loop #227] Scanning for unread STQ mails...
[2025-12-24 14:58:08] Scan stats => checked:1 matched:0 | skipped: read=0 sender=0 no_stq=1 processed=0
[2025-12-24 14:58:08] No matching unread STQ found. Sleeping 5s...
[2025-12-24 14:58:13] 
[Loop #228] Scanning for unread STQ mails...
[2025-12-24 14:58:13] Scan stats => checked:1 matched:0 | skipped: read=0 sender=0 no_stq=1 processed=0
[2025-12-24 14:58:13] No matching unread STQ found. Sleeping 5s...
[2025-12-24 14:58:18] 
[Loop #229] Scanning for unread STQ mails...
[2025-12-24 14:58:18] Scan stats => checked:1 matched:0 | skipped: read=0 sender=0 no_stq=1 processed=0
[2025-12-24 14:58:18] No matching unread STQ found. Sleeping 5s...
[2025-12-24 14:58:23] 
[Loop #230] Scanning for unread STQ mails...
[2025-12-24 14:58:24] Scan stats => checked:1 matched:0 | skipped: read=0 sender=0 no_stq=1 processed=0
[2025-12-24 14:58:24] No matching unread STQ found. Sleeping 5s...
[2025-12-24 14:58:29] 
[Loop #231] Scanning for unread STQ mails...
[2025-12-24 14:58:29] Scan stats => checked:1 matched:0 | skipped: read=0 sender=0 no_stq=1 processed=0
[2025-12-24 14:58:29] No matching unread STQ found. Sleeping 5s...
[2025-12-24 14:58:34] 
[Loop #232] Scanning for unread STQ mails...
[2025-12-24 14:58:34] Scan stats => checked:1 matched:0 | skipped: read=0 sender=0 no_stq=1 processed=0
[2025-12-24 14:58:34] No matching unread STQ found. Sleeping 5s...
[2025-12-24 14:58:39] 
[Loop #233] Scanning for unread STQ mails...
[2025-12-24 14:58:39] Scan stats => checked:1 matched:0 | skipped: read=0 sender=0 no_stq=1 processed=0
[2025-12-24 14:58:39] No matching unread STQ found. Sleeping 5s...
[2025-12-24 14:58:44] 
[Loop #234] Scanning for unread STQ mails...
[2025-12-24 14:58:44] Scan stats => checked:1 matched:0 | skipped: read=0 sender=0 no_stq=1 processed=0
[2025-12-24 14:58:44] No matching unread STQ found. Sleeping 5s...
[2025-12-24 14:58:49] 
[Loop #235] Scanning for unread STQ mails...
[2025-12-24 14:58:49] Scan stats => checked:1 matched:0 | skipped: read=0 sender=0 no_stq=1 processed=0
[2025-12-24 14:58:49] No matching unread STQ found. Sleeping 5s...
[2025-12-24 14:58:54] 
[Loop #236] Scanning for unread STQ mails...
[2025-12-24 14:58:54] Scan stats => checked:1 matched:0 | skipped: read=0 sender=0 no_stq=1 processed=0
[2025-12-24 14:58:54] No matching unread STQ found. Sleeping 5s...
[2025-12-24 14:58:59] 
[Loop #237] Scanning for unread STQ mails...
[2025-12-24 14:58:59] Scan stats => checked:1 matched:0 | skipped: read=0 sender=0 no_stq=1 processed=0
[2025-12-24 14:58:59] No matching unread STQ found. Sleeping 5s...
[2025-12-24 14:59:04] 
[Loop #238] Scanning for unread STQ mails...
[2025-12-24 14:59:04] Scan stats => checked:1 matched:0 | skipped: read=0 sender=0 no_stq=1 processed=0
[2025-12-24 14:59:04] No matching unread STQ found. Sleeping 5s...
[2025-12-24 14:59:09] 
[Loop #239] Scanning for unread STQ mails...
[2025-12-24 14:59:09] Scan stats => checked:1 matched:0 | skipped: read=0 sender=0 no_stq=1 processed=0
[2025-12-24 14:59:09] No matching unread STQ found. Sleeping 5s...
[2025-12-24 14:59:14] 
[Loop #240] Scanning for unread STQ mails...
[2025-12-24 14:59:14] Scan stats => checked:1 matched:0 | skipped: read=0 sender=0 no_stq=1 processed=0
[2025-12-24 14:59:14] No matching unread STQ found. Sleeping 5s...
[2025-12-24 14:59:19] 
[Loop #241] Scanning for unread STQ mails...
[2025-12-24 14:59:19] Scan stats => checked:1 matched:0 | skipped: read=0 sender=0 no_stq=1 processed=0
[2025-12-24 14:59:19] No matching unread STQ found. Sleeping 5s...
[2025-12-24 14:59:24] 
[Loop #242] Scanning for unread STQ mails...
[2025-12-24 14:59:24] Scan stats => checked:1 matched:0 | skipped: read=0 sender=0 no_stq=1 processed=0
[2025-12-24 14:59:24] No matching unread STQ found. Sleeping 5s...
[2025-12-24 14:59:29] 
[Loop #243] Scanning for unread STQ mails...
[2025-12-24 14:59:29] Scan stats => checked:1 matched:0 | skipped: read=0 sender=0 no_stq=1 processed=0
[2025-12-24 14:59:29] No matching unread STQ found. Sleeping 5s...
[2025-12-24 14:59:34] 
[Loop #244] Scanning for unread STQ mails...
[2025-12-24 14:59:34] Scan stats => checked:1 matched:0 | skipped: read=0 sender=0 no_stq=1 processed=0
[2025-12-24 14:59:34] No matching unread STQ found. Sleeping 5s...
[2025-12-24 14:59:39] 
[Loop #245] Scanning for unread STQ mails...
[2025-12-24 14:59:39] Scan stats => checked:1 matched:0 | skipped: read=0 sender=0 no_stq=1 processed=0
[2025-12-24 14:59:39] No matching unread STQ found. Sleeping 5s...
[2025-12-24 14:59:44] 
[Loop #246] Scanning for unread STQ mails...
[2025-12-24 14:59:44] Scan stats => checked:1 matched:0 | skipped: read=0 sender=0 no_stq=1 processed=0
[2025-12-24 14:59:44] No matching unread STQ found. Sleeping 5s...
[2025-12-24 14:59:49] 
[Loop #247] Scanning for unread STQ mails...
[2025-12-24 14:59:49] Scan stats => checked:1 matched:0 | skipped: read=0 sender=0 no_stq=1 processed=0
[2025-12-24 14:59:49] No matching unread STQ found. Sleeping 5s...
[2025-12-24 14:59:54] 
[Loop #248] Scanning for unread STQ mails...
[2025-12-24 14:59:54] Scan stats => checked:1 matched:0 | skipped: read=0 sender=0 no_stq=1 processed=0
[2025-12-24 14:59:54] No matching unread STQ found. Sleeping 5s...
[2025-12-24 14:59:59] 
[Loop #249] Scanning for unread STQ mails...
[2025-12-24 14:59:59] Scan stats => checked:1 matched:0 | skipped: read=0 sender=0 no_stq=1 processed=0
[2025-12-24 14:59:59] No matching unread STQ found. Sleeping 5s...
[2025-12-24 15:00:04] 
[Loop #250] Scanning for unread STQ mails...
[2025-12-24 15:00:05] Scan stats => checked:1 matched:0 | skipped: read=0 sender=0 no_stq=1 processed=0
[2025-12-24 15:00:05] No matching unread STQ found. Sleeping 5s...
[2025-12-24 15:00:10] 
[Loop #251] Scanning for unread STQ mails...
[2025-12-24 15:00:10] Scan stats => checked:1 matched:0 | skipped: read=0 sender=0 no_stq=1 processed=0
[2025-12-24 15:00:10] No matching unread STQ found. Sleeping 5s...
[2025-12-24 15:00:15] 
[Loop #252] Scanning for unread STQ mails...
[2025-12-24 15:00:15] Scan stats => checked:1 matched:0 | skipped: read=0 sender=0 no_stq=1 processed=0
[2025-12-24 15:00:15] No matching unread STQ found. Sleeping 5s...
[2025-12-24 15:00:20] 
[Loop #253] Scanning for unread STQ mails...
[2025-12-24 15:00:20] Scan stats => checked:1 matched:0 | skipped: read=0 sender=0 no_stq=1 processed=0
[2025-12-24 15:00:20] No matching unread STQ found. Sleeping 5s...
[2025-12-24 15:00:25] 
[Loop #254] Scanning for unread STQ mails...
[2025-12-24 15:00:25] Scan stats => checked:1 matched:0 | skipped: read=0 sender=0 no_stq=1 processed=0
[2025-12-24 15:00:25] No matching unread STQ found. Sleeping 5s...
[2025-12-24 15:00:30] 
[Loop #255] Scanning for unread STQ mails...
[2025-12-24 15:00:30] Scan stats => checked:1 matched:0 | skipped: read=0 sender=0 no_stq=1 processed=0
[2025-12-24 15:00:30] No matching unread STQ found. Sleeping 5s...
[2025-12-24 15:00:35] 
[Loop #256] Scanning for unread STQ mails...
[2025-12-24 15:00:35] Scan stats => checked:1 matched:0 | skipped: read=0 sender=0 no_stq=1 processed=0
[2025-12-24 15:00:35] No matching unread STQ found. Sleeping 5s...
[2025-12-24 15:00:40] 
[Loop #257] Scanning for unread STQ mails...
[2025-12-24 15:00:40] Scan stats => checked:1 matched:0 | skipped: read=0 sender=0 no_stq=1 processed=0
[2025-12-24 15:00:40] No matching unread STQ found. Sleeping 5s...
[2025-12-24 15:00:45] 
[Loop #258] Scanning for unread STQ mails...
[2025-12-24 15:00:45] Scan stats => checked:1 matched:0 | skipped: read=0 sender=0 no_stq=1 processed=0
[2025-12-24 15:00:45] No matching unread STQ found. Sleeping 5s...
[2025-12-24 15:00:50] 
[Loop #259] Scanning for unread STQ mails...
[2025-12-24 15:00:50] Scan stats => checked:1 matched:0 | skipped: read=0 sender=0 no_stq=1 processed=0
[2025-12-24 15:00:50] No matching unread STQ found. Sleeping 5s...
[2025-12-24 15:00:55] 
[Loop #260] Scanning for unread STQ mails...
[2025-12-24 15:00:55] Scan stats => checked:1 matched:0 | skipped: read=0 sender=0 no_stq=1 processed=0
[2025-12-24 15:00:55] No matching unread STQ found. Sleeping 5s...
[2025-12-24 15:01:00] 
[Loop #261] Scanning for unread STQ mails...
[2025-12-24 15:01:00] Scan stats => checked:1 matched:0 | skipped: read=0 sender=0 no_stq=1 processed=0
[2025-12-24 15:01:00] No matching unread STQ found. Sleeping 5s...
[2025-12-24 15:01:05] 
[Loop #262] Scanning for unread STQ mails...
[2025-12-24 15:01:05] Scan stats => checked:1 matched:0 | skipped: read=0 sender=0 no_stq=1 processed=0
[2025-12-24 15:01:05] No matching unread STQ found. Sleeping 5s...
[2025-12-24 15:01:10] 
[Loop #263] Scanning for unread STQ mails...
[2025-12-24 15:01:10] Scan stats => checked:1 matched:0 | skipped: read=0 sender=0 no_stq=1 processed=0
[2025-12-24 15:01:10] No matching unread STQ found. Sleeping 5s...
[2025-12-24 15:01:15] 
[Loop #264] Scanning for unread STQ mails...
[2025-12-24 15:01:16] Scan stats => checked:1 matched:0 | skipped: read=0 sender=0 no_stq=1 processed=0
[2025-12-24 15:01:16] No matching unread STQ found. Sleeping 5s...
[2025-12-24 15:01:21] 
[Loop #265] Scanning for unread STQ mails...
[2025-12-24 15:01:21] Scan stats => checked:1 matched:0 | skipped: read=0 sender=0 no_stq=1 processed=0
[2025-12-24 15:01:21] No matching unread STQ found. Sleeping 5s...
[2025-12-24 15:01:26] 
[Loop #266] Scanning for unread STQ mails...
[2025-12-24 15:01:26] Scan stats => checked:1 matched:0 | skipped: read=0 sender=0 no_stq=1 processed=0
[2025-12-24 15:01:26] No matching unread STQ found. Sleeping 5s...
[2025-12-24 15:01:31] 
[Loop #267] Scanning for unread STQ mails...
[2025-12-24 15:01:31] Scan stats => checked:1 matched:0 | skipped: read=0 sender=0 no_stq=1 processed=0
[2025-12-24 15:01:31] No matching unread STQ found. Sleeping 5s...
[2025-12-24 15:01:36] 
[Loop #268] Scanning for unread STQ mails...
[2025-12-24 15:01:36] Scan stats => checked:1 matched:0 | skipped: read=0 sender=0 no_stq=1 processed=0
[2025-12-24 15:01:36] No matching unread STQ found. Sleeping 5s...
[2025-12-24 15:01:41] 
[Loop #269] Scanning for unread STQ mails...
[2025-12-24 15:01:41] Scan stats => checked:0 matched:0 | skipped: read=0 sender=0 no_stq=0 processed=0
[2025-12-24 15:01:41] No matching unread STQ found. Sleeping 5s...
[2025-12-24 15:01:46] 
[Loop #270] Scanning for unread STQ mails...
[2025-12-24 15:01:46] Scan stats => checked:0 matched:0 | skipped: read=0 sender=0 no_stq=0 processed=0
[2025-12-24 15:01:46] No matching unread STQ found. Sleeping 5s...
[2025-12-24 15:01:51] 
[Loop #271] Scanning for unread STQ mails...
[2025-12-24 15:01:51] Scan stats => checked:0 matched:0 | skipped: read=0 sender=0 no_stq=0 processed=0
[2025-12-24 15:01:51] No matching unread STQ found. Sleeping 5s...
[2025-12-24 15:01:56] 
[Loop #272] Scanning for unread STQ mails...
[2025-12-24 15:01:56] Scan stats => checked:0 matched:0 | skipped: read=0 sender=0 no_stq=0 processed=0
[2025-12-24 15:01:56] No matching unread STQ found. Sleeping 5s...
[2025-12-24 15:02:01] 
[Loop #273] Scanning for unread STQ mails...
[2025-12-24 15:02:01] Scan stats => checked:0 matched:0 | skipped: read=0 sender=0 no_stq=0 processed=0
[2025-12-24 15:02:01] No matching unread STQ found. Sleeping 5s...
[2025-12-24 15:02:06] 
[Loop #274] Scanning for unread STQ mails...
[2025-12-24 15:02:06] Scan stats => checked:0 matched:0 | skipped: read=0 sender=0 no_stq=0 processed=0
[2025-12-24 15:02:06] No matching unread STQ found. Sleeping 5s...
[2025-12-24 15:02:11] 
[Loop #275] Scanning for unread STQ mails...
[2025-12-24 15:02:11] Scan stats => checked:0 matched:0 | skipped: read=0 sender=0 no_stq=0 processed=0
[2025-12-24 15:02:11] No matching unread STQ found. Sleeping 5s...
[2025-12-24 15:02:16] 
[Loop #276] Scanning for unread STQ mails...
[2025-12-24 15:02:16] Scan stats => checked:0 matched:0 | skipped: read=0 sender=0 no_stq=0 processed=0
[2025-12-24 15:02:16] No matching unread STQ found. Sleeping 5s...
[2025-12-24 15:02:21] 
[Loop #277] Scanning for unread STQ mails...
[2025-12-24 15:02:21] Scan stats => checked:0 matched:0 | skipped: read=0 sender=0 no_stq=0 processed=0
[2025-12-24 15:02:21] No matching unread STQ found. Sleeping 5s...
[2025-12-24 15:02:26] 
[Loop #278] Scanning for unread STQ mails...
[2025-12-24 15:02:26] Scan stats => checked:0 matched:0 | skipped: read=0 sender=0 no_stq=0 processed=0
[2025-12-24 15:02:26] No matching unread STQ found. Sleeping 5s...
[2025-12-24 15:02:31] 
[Loop #279] Scanning for unread STQ mails...
[2025-12-24 15:02:31] Scan stats => checked:0 matched:0 | skipped: read=0 sender=0 no_stq=0 processed=0
[2025-12-24 15:02:31] No matching unread STQ found. Sleeping 5s...
[2025-12-24 15:02:36] 
[Loop #280] Scanning for unread STQ mails...
[2025-12-24 15:02:36] Scan stats => checked:0 matched:0 | skipped: read=0 sender=0 no_stq=0 processed=0
[2025-12-24 15:02:36] No matching unread STQ found. Sleeping 5s...
[2025-12-24 15:02:41] 
[Loop #281] Scanning for unread STQ mails...
[2025-12-24 15:02:41] Scan stats => checked:0 matched:0 | skipped: read=0 sender=0 no_stq=0 processed=0
[2025-12-24 15:02:41] No matching unread STQ found. Sleeping 5s...
[2025-12-24 15:02:46] 
[Loop #282] Scanning for unread STQ mails...
[2025-12-24 15:02:46] Scan stats => checked:0 matched:0 | skipped: read=0 sender=0 no_stq=0 processed=0
[2025-12-24 15:02:46] No matching unread STQ found. Sleeping 5s...
[2025-12-24 15:02:51] 
[Loop #283] Scanning for unread STQ mails...
[2025-12-24 15:02:51] Scan stats => checked:0 matched:0 | skipped: read=0 sender=0 no_stq=0 processed=0
[2025-12-24 15:02:51] No matching unread STQ found. Sleeping 5s...
[2025-12-24 15:02:56] 
[Loop #284] Scanning for unread STQ mails...
[2025-12-24 15:02:56] Scan stats => checked:0 matched:0 | skipped: read=0 sender=0 no_stq=0 processed=0
[2025-12-24 15:02:56] No matching unread STQ found. Sleeping 5s...
[2025-12-24 15:03:01] 
[Loop #285] Scanning for unread STQ mails...
[2025-12-24 15:03:02] Scan stats => checked:0 matched:0 | skipped: read=0 sender=0 no_stq=0 processed=0
[2025-12-24 15:03:02] No matching unread STQ found. Sleeping 5s...
[2025-12-24 15:03:07] 
[Loop #286] Scanning for unread STQ mails...
[2025-12-24 15:03:07] Scan stats => checked:0 matched:0 | skipped: read=0 sender=0 no_stq=0 processed=0
[2025-12-24 15:03:07] No matching unread STQ found. Sleeping 5s...
[2025-12-24 15:03:12] 
[Loop #287] Scanning for unread STQ mails...
[2025-12-24 15:03:12] Scan stats => checked:0 matched:0 | skipped: read=0 sender=0 no_stq=0 processed=0
[2025-12-24 15:03:12] No matching unread STQ found. Sleeping 5s...
[2025-12-24 15:03:17] 
[Loop #288] Scanning for unread STQ mails...
[2025-12-24 15:03:17] Scan stats => checked:0 matched:0 | skipped: read=0 sender=0 no_stq=0 processed=0
[2025-12-24 15:03:17] No matching unread STQ found. Sleeping 5s...
[2025-12-24 15:03:22] 
[Loop #289] Scanning for unread STQ mails...
[2025-12-24 15:03:22] Scan stats => checked:0 matched:0 | skipped: read=0 sender=0 no_stq=0 processed=0
[2025-12-24 15:03:22] No matching unread STQ found. Sleeping 5s...
[2025-12-24 15:03:27] 
[Loop #290] Scanning for unread STQ mails...
[2025-12-24 15:03:27] Scan stats => checked:0 matched:0 | skipped: read=0 sender=0 no_stq=0 processed=0
[2025-12-24 15:03:27] No matching unread STQ found. Sleeping 5s...
[2025-12-24 15:03:32] 
[Loop #291] Scanning for unread STQ mails...
[2025-12-24 15:03:32] Scan stats => checked:0 matched:0 | skipped: read=0 sender=0 no_stq=0 processed=0
[2025-12-24 15:03:32] No matching unread STQ found. Sleeping 5s...
[2025-12-24 15:03:37] 
[Loop #292] Scanning for unread STQ mails...
[2025-12-24 15:03:37] Scan stats => checked:0 matched:0 | skipped: read=0 sender=0 no_stq=0 processed=0
[2025-12-24 15:03:37] No matching unread STQ found. Sleeping 5s...
[2025-12-24 15:03:42] 
[Loop #293] Scanning for unread STQ mails...
[2025-12-24 15:03:42] Scan stats => checked:0 matched:0 | skipped: read=0 sender=0 no_stq=0 processed=0
[2025-12-24 15:03:42] No matching unread STQ found. Sleeping 5s...
[2025-12-24 15:03:47] 
[Loop #294] Scanning for unread STQ mails...
[2025-12-24 15:03:47] Scan stats => checked:0 matched:0 | skipped: read=0 sender=0 no_stq=0 processed=0
[2025-12-24 15:03:47] No matching unread STQ found. Sleeping 5s...
[2025-12-24 15:03:52] 
[Loop #295] Scanning for unread STQ mails...
[2025-12-24 15:03:52] Scan stats => checked:0 matched:0 | skipped: read=0 sender=0 no_stq=0 processed=0
[2025-12-24 15:03:52] No matching unread STQ found. Sleeping 5s...
[2025-12-24 15:03:57] 
[Loop #296] Scanning for unread STQ mails...
[2025-12-24 15:03:57] Scan stats => checked:0 matched:0 | skipped: read=0 sender=0 no_stq=0 processed=0
[2025-12-24 15:03:57] No matching unread STQ found. Sleeping 5s...
[2025-12-24 15:04:02] 
[Loop #297] Scanning for unread STQ mails...
[2025-12-24 15:04:02] Scan stats => checked:0 matched:0 | skipped: read=0 sender=0 no_stq=0 processed=0
[2025-12-24 15:04:02] No matching unread STQ found. Sleeping 5s...
[2025-12-24 15:04:07] 
[Loop #298] Scanning for unread STQ mails...
[2025-12-24 15:04:07] Scan stats => checked:0 matched:0 | skipped: read=0 sender=0 no_stq=0 processed=0
[2025-12-24 15:04:07] No matching unread STQ found. Sleeping 5s...
[2025-12-24 15:04:12] 
[Loop #299] Scanning for unread STQ mails...
[2025-12-24 15:04:12] Scan stats => checked:0 matched:0 | skipped: read=0 sender=0 no_stq=0 processed=0
[2025-12-24 15:04:12] No matching unread STQ found. Sleeping 5s...
[2025-12-24 15:04:17] 
[Loop #300] Scanning for unread STQ mails...
[2025-12-24 15:04:17] Scan stats => checked:0 matched:0 | skipped: read=0 sender=0 no_stq=0 processed=0
[2025-12-24 15:04:17] No matching unread STQ found. Sleeping 5s...
[2025-12-24 15:04:22] 
[Loop #301] Scanning for unread STQ mails...
[2025-12-24 15:04:22] Scan stats => checked:0 matched:0 | skipped: read=0 sender=0 no_stq=0 processed=0
[2025-12-24 15:04:22] No matching unread STQ found. Sleeping 5s...
[2025-12-24 15:04:27] 
[Loop #302] Scanning for unread STQ mails...
[2025-12-24 15:04:27] Scan stats => checked:0 matched:0 | skipped: read=0 sender=0 no_stq=0 processed=0
[2025-12-24 15:04:27] No matching unread STQ found. Sleeping 5s...
[2025-12-24 15:04:32] 
[Loop #303] Scanning for unread STQ mails...
[2025-12-24 15:04:32] Scan stats => checked:0 matched:0 | skipped: read=0 sender=0 no_stq=0 processed=0
[2025-12-24 15:04:32] No matching unread STQ found. Sleeping 5s...
[2025-12-24 15:04:37] 
[Loop #304] Scanning for unread STQ mails...
[2025-12-24 15:04:37] Scan stats => checked:0 matched:0 | skipped: read=0 sender=0 no_stq=0 processed=0
[2025-12-24 15:04:37] No matching unread STQ found. Sleeping 5s...
[2025-12-24 15:04:42] 
[Loop #305] Scanning for unread STQ mails...
[2025-12-24 15:04:42] Scan stats => checked:0 matched:0 | skipped: read=0 sender=0 no_stq=0 processed=0
[2025-12-24 15:04:42] No matching unread STQ found. Sleeping 5s...
[2025-12-24 15:04:47] 
[Loop #306] Scanning for unread STQ mails...
[2025-12-24 15:04:47] Scan stats => checked:0 matched:0 | skipped: read=0 sender=0 no_stq=0 processed=0
[2025-12-24 15:04:47] No matching unread STQ found. Sleeping 5s...
[2025-12-24 15:04:52] 
[Loop #307] Scanning for unread STQ mails...
[2025-12-24 15:04:52] Scan stats => checked:0 matched:0 | skipped: read=0 sender=0 no_stq=0 processed=0
[2025-12-24 15:04:52] No matching unread STQ found. Sleeping 5s...
[2025-12-24 15:04:57] 
[Loop #308] Scanning for unread STQ mails...
[2025-12-24 15:04:57] Scan stats => checked:0 matched:0 | skipped: read=0 sender=0 no_stq=0 processed=0
[2025-12-24 15:04:57] No matching unread STQ found. Sleeping 5s...
[2025-12-24 15:05:02] 
[Loop #309] Scanning for unread STQ mails...
[2025-12-24 15:05:02] Scan stats => checked:0 matched:0 | skipped: read=0 sender=0 no_stq=0 processed=0
[2025-12-24 15:05:02] No matching unread STQ found. Sleeping 5s...
[2025-12-24 15:05:07] 
[Loop #310] Scanning for unread STQ mails...
[2025-12-24 15:05:08] Scan stats => checked:0 matched:0 | skipped: read=0 sender=0 no_stq=0 processed=0
[2025-12-24 15:05:08] No matching unread STQ found. Sleeping 5s...
[2025-12-24 15:05:13] 
[Loop #311] Scanning for unread STQ mails...
[2025-12-24 15:05:13] Scan stats => checked:0 matched:0 | skipped: read=0 sender=0 no_stq=0 processed=0
[2025-12-24 15:05:13] No matching unread STQ found. Sleeping 5s...
[2025-12-24 15:05:18] 
[Loop #312] Scanning for unread STQ mails...
[2025-12-24 15:05:18] Scan stats => checked:0 matched:0 | skipped: read=0 sender=0 no_stq=0 processed=0
[2025-12-24 15:05:18] No matching unread STQ found. Sleeping 5s...
[2025-12-24 15:05:23] 
[Loop #313] Scanning for unread STQ mails...
[2025-12-24 15:05:23] Scan stats => checked:0 matched:0 | skipped: read=0 sender=0 no_stq=0 processed=0
[2025-12-24 15:05:23] No matching unread STQ found. Sleeping 5s...
[2025-12-24 15:05:28] 
[Loop #314] Scanning for unread STQ mails...
[2025-12-24 15:05:28] Scan stats => checked:0 matched:0 | skipped: read=0 sender=0 no_stq=0 processed=0
[2025-12-24 15:05:28] No matching unread STQ found. Sleeping 5s...
[2025-12-24 15:05:33] 
[Loop #315] Scanning for unread STQ mails...
[2025-12-24 15:05:33] Scan stats => checked:0 matched:0 | skipped: read=0 sender=0 no_stq=0 processed=0
[2025-12-24 15:05:33] No matching unread STQ found. Sleeping 5s...
[2025-12-24 15:05:39] === Proyapi STQ Internal Distributor started (v2.4.1) ===
[2025-12-24 15:05:39] 🔄 Connecting to Outlook...
[2025-12-24 15:05:39] ✅ Outlook connection established (attempt 1/3)
[2025-12-24 15:05:39] Watching: spp2dcc@kolin.com.tr / Inbox\From Proyapi
[2025-12-24 15:05:39] Sender filter: chuseyn@kolin.com.tr
[2025-12-24 15:05:39] Mode: display | Poll: 5s | Lookback: 7d | MaxScan:200
[2025-12-24 15:05:39] Allowed attachment exts: ['.xls', '.xlsm', '.xlsx']
[2025-12-24 15:05:39] Filter: ONLY UNREAD mails. Lock mail as READ before send to prevent duplicates.
[2025-12-24 15:05:39] 
[Loop #1] Scanning for unread STQ mails...
[2025-12-24 15:05:39] Scan stats => checked:0 matched:0 | skipped: read=0 sender=0 no_stq=0 processed=0
[2025-12-24 15:05:39] No matching unread STQ found. Sleeping 5s...
[2025-12-24 15:05:44] 
[Loop #2] Scanning for unread STQ mails...
[2025-12-24 15:05:44] Scan stats => checked:0 matched:0 | skipped: read=0 sender=0 no_stq=0 processed=0
[2025-12-24 15:05:44] No matching unread STQ found. Sleeping 5s...
[2025-12-24 15:05:49] 
[Loop #3] Scanning for unread STQ mails...
[2025-12-24 15:05:49] Scan stats => checked:0 matched:0 | skipped: read=0 sender=0 no_stq=0 processed=0
[2025-12-24 15:05:49] No matching unread STQ found. Sleeping 5s...
[2025-12-24 15:05:54] 
[Loop #4] Scanning for unread STQ mails...
[2025-12-24 15:05:54] Scan stats => checked:0 matched:0 | skipped: read=0 sender=0 no_stq=0 processed=0
[2025-12-24 15:05:54] No matching unread STQ found. Sleeping 5s...
[2025-12-24 15:05:59] 
[Loop #5] Scanning for unread STQ mails...
[2025-12-24 15:06:00] Scan stats => checked:0 matched:0 | skipped: read=0 sender=0 no_stq=0 processed=0
[2025-12-24 15:06:00] No matching unread STQ found. Sleeping 5s...
[2025-12-24 15:06:05] 
[Loop #6] Scanning for unread STQ mails...
[2025-12-24 15:06:05] Scan stats => checked:0 matched:0 | skipped: read=0 sender=0 no_stq=0 processed=0
[2025-12-24 15:06:05] No matching unread STQ found. Sleeping 5s...
[2025-12-24 15:06:10] 
[Loop #7] Scanning for unread STQ mails...
[2025-12-24 15:06:10] Scan stats => checked:0 matched:0 | skipped: read=0 sender=0 no_stq=0 processed=0
[2025-12-24 15:06:10] No matching unread STQ found. Sleeping 5s...
[2025-12-24 15:06:15] 
[Loop #8] Scanning for unread STQ mails...
[2025-12-24 15:06:15] Scan stats => checked:0 matched:0 | skipped: read=0 sender=0 no_stq=0 processed=0
[2025-12-24 15:06:15] No matching unread STQ found. Sleeping 5s...
[2025-12-24 15:06:20] 
[Loop #9] Scanning for unread STQ mails...
[2025-12-24 15:06:20] Scan stats => checked:1 matched:0 | skipped: read=0 sender=0 no_stq=1 processed=0
[2025-12-24 15:06:20] No matching unread STQ found. Sleeping 5s...
[2025-12-24 15:06:25] 
[Loop #10] Scanning for unread STQ mails...
[2025-12-24 15:06:25] Scan stats => checked:1 matched:0 | skipped: read=0 sender=0 no_stq=1 processed=0
[2025-12-24 15:06:25] No matching unread STQ found. Sleeping 5s...
[2025-12-24 15:06:40] === Proyapi STQ Internal Distributor started (v2.4.1) ===
[2025-12-24 15:06:40] 🔄 Connecting to Outlook...
[2025-12-24 15:06:40] ✅ Outlook connection established (attempt 1/3)
[2025-12-24 15:06:40] Watching: spp2dcc@kolin.com.tr / Inbox\From Proyapi
[2025-12-24 15:06:40] Sender filter: chuseyn@kolin.com.tr
[2025-12-24 15:06:40] Mode: display | Poll: 5s | Lookback: 7d | MaxScan:200
[2025-12-24 15:06:40] Allowed attachment exts: ['.xls', '.xlsm', '.xlsx']
[2025-12-24 15:06:40] Filter: ONLY UNREAD mails. Lock mail as READ before send to prevent duplicates.
[2025-12-24 15:06:40] 
[Loop #1] Scanning for unread STQ mails...
[2025-12-24 15:06:40] Scan stats => checked:1 matched:0 | skipped: read=0 sender=0 no_stq=1 processed=0
[2025-12-24 15:06:40] No matching unread STQ found. Sleeping 5s...
[2025-12-24 15:06:45] 
[Loop #2] Scanning for unread STQ mails...
[2025-12-24 15:06:45] Scan stats => checked:1 matched:0 | skipped: read=0 sender=0 no_stq=1 processed=0
[2025-12-24 15:06:45] No matching unread STQ found. Sleeping 5s...
[2025-12-24 15:06:50] 
[Loop #3] Scanning for unread STQ mails...
[2025-12-24 15:06:50] Scan stats => checked:1 matched:0 | skipped: read=0 sender=0 no_stq=1 processed=0
[2025-12-24 15:06:50] No matching unread STQ found. Sleeping 5s...
[2025-12-24 15:06:55] 
[Loop #4] Scanning for unread STQ mails...
[2025-12-24 15:06:55] Scan stats => checked:1 matched:0 | skipped: read=0 sender=0 no_stq=1 processed=0
[2025-12-24 15:06:55] No matching unread STQ found. Sleeping 5s...
[2025-12-24 15:07:00] 
[Loop #5] Scanning for unread STQ mails...
[2025-12-24 15:07:00] Scan stats => checked:1 matched:0 | skipped: read=0 sender=0 no_stq=1 processed=0
[2025-12-24 15:07:00] No matching unread STQ found. Sleeping 5s...
[2025-12-24 15:07:05] 
[Loop #6] Scanning for unread STQ mails...
[2025-12-24 15:07:05] Scan stats => checked:1 matched:0 | skipped: read=0 sender=0 no_stq=1 processed=0
[2025-12-24 15:07:05] No matching unread STQ found. Sleeping 5s...
[2025-12-24 15:07:10] 
[Loop #7] Scanning for unread STQ mails...
[2025-12-24 15:07:10] Scan stats => checked:1 matched:0 | skipped: read=0 sender=0 no_stq=1 processed=0
[2025-12-24 15:07:10] No matching unread STQ found. Sleeping 5s...
[2025-12-24 15:07:15] 
[Loop #8] Scanning for unread STQ mails...
[2025-12-24 15:07:15] Scan stats => checked:1 matched:0 | skipped: read=0 sender=0 no_stq=1 processed=0
[2025-12-24 15:07:15] No matching unread STQ found. Sleeping 5s...
[2025-12-24 15:07:20] 
[Loop #9] Scanning for unread STQ mails...
[2025-12-24 15:07:20] Scan stats => checked:1 matched:0 | skipped: read=0 sender=0 no_stq=1 processed=0
[2025-12-24 15:07:20] No matching unread STQ found. Sleeping 5s...
[2025-12-24 15:07:25] 
[Loop #10] Scanning for unread STQ mails...
[2025-12-24 15:07:25] Scan stats => checked:1 matched:0 | skipped: read=0 sender=0 no_stq=1 processed=0
[2025-12-24 15:07:25] No matching unread STQ found. Sleeping 5s...
[2025-12-24 15:07:30] 
[Loop #11] Scanning for unread STQ mails...
[2025-12-24 15:07:30] Scan stats => checked:1 matched:0 | skipped: read=0 sender=0 no_stq=1 processed=0
[2025-12-24 15:07:30] No matching unread STQ found. Sleeping 5s...
[2025-12-24 15:07:35] 
[Loop #12] Scanning for unread STQ mails...
[2025-12-24 15:07:36] Scan stats => checked:1 matched:0 | skipped: read=0 sender=0 no_stq=1 processed=0
[2025-12-24 15:07:36] No matching unread STQ found. Sleeping 5s...
[2025-12-24 15:07:41] 
[Loop #13] Scanning for unread STQ mails...
[2025-12-24 15:07:41] Scan stats => checked:1 matched:0 | skipped: read=0 sender=0 no_stq=1 processed=0
[2025-12-24 15:07:41] No matching unread STQ found. Sleeping 5s...
[2025-12-24 15:07:46] 
[Loop #14] Scanning for unread STQ mails...
[2025-12-24 15:07:46] Scan stats => checked:1 matched:0 | skipped: read=0 sender=0 no_stq=1 processed=0
[2025-12-24 15:07:46] No matching unread STQ found. Sleeping 5s...
[2025-12-24 15:07:51] 
[Loop #15] Scanning for unread STQ mails...
[2025-12-24 15:07:51] Scan stats => checked:1 matched:0 | skipped: read=0 sender=0 no_stq=1 processed=0
[2025-12-24 15:07:51] No matching unread STQ found. Sleeping 5s...
[2025-12-24 15:07:56] 
[Loop #16] Scanning for unread STQ mails...
[2025-12-24 15:07:56] Scan stats => checked:1 matched:0 | skipped: read=0 sender=0 no_stq=1 processed=0
[2025-12-24 15:07:56] No matching unread STQ found. Sleeping 5s...
[2025-12-24 15:08:01] 
[Loop #17] Scanning for unread STQ mails...
[2025-12-24 15:08:01] Scan stats => checked:1 matched:0 | skipped: read=0 sender=0 no_stq=1 processed=0
[2025-12-24 15:08:01] No matching unread STQ found. Sleeping 5s...
[2025-12-24 15:08:06] 
[Loop #18] Scanning for unread STQ mails...
[2025-12-24 15:08:06] Scan stats => checked:1 matched:0 | skipped: read=0 sender=0 no_stq=1 processed=0
[2025-12-24 15:08:06] No matching unread STQ found. Sleeping 5s...
[2025-12-24 15:08:11] 
[Loop #19] Scanning for unread STQ mails...
[2025-12-24 15:08:11] Scan stats => checked:1 matched:0 | skipped: read=0 sender=0 no_stq=1 processed=0
[2025-12-24 15:08:11] No matching unread STQ found. Sleeping 5s...
[2025-12-24 15:08:16] 
[Loop #20] Scanning for unread STQ mails...
[2025-12-24 15:08:16] Scan stats => checked:1 matched:0 | skipped: read=0 sender=0 no_stq=1 processed=0
[2025-12-24 15:08:16] No matching unread STQ found. Sleeping 5s...
[2025-12-24 15:08:21] 
[Loop #21] Scanning for unread STQ mails...
[2025-12-24 15:08:21] Scan stats => checked:1 matched:0 | skipped: read=0 sender=0 no_stq=1 processed=0
[2025-12-24 15:08:21] No matching unread STQ found. Sleeping 5s...
[2025-12-24 15:08:26] 
[Loop #22] Scanning for unread STQ mails...
[2025-12-24 15:08:26] Scan stats => checked:1 matched:0 | skipped: read=0 sender=0 no_stq=1 processed=0
[2025-12-24 15:08:26] No matching unread STQ found. Sleeping 5s...
[2025-12-24 15:08:31] 
[Loop #23] Scanning for unread STQ mails...
[2025-12-24 15:08:31] Scan stats => checked:1 matched:0 | skipped: read=0 sender=0 no_stq=1 processed=0
[2025-12-24 15:08:31] No matching unread STQ found. Sleeping 5s...
[2025-12-24 15:08:36] 
[Loop #24] Scanning for unread STQ mails...
[2025-12-24 15:08:36] Scan stats => checked:1 matched:0 | skipped: read=0 sender=0 no_stq=1 processed=0
[2025-12-24 15:08:36] No matching unread STQ found. Sleeping 5s...
[2025-12-24 15:08:41] 
[Loop #25] Scanning for unread STQ mails...
[2025-12-24 15:08:41] Scan stats => checked:1 matched:0 | skipped: read=0 sender=0 no_stq=1 processed=0
[2025-12-24 15:08:41] No matching unread STQ found. Sleeping 5s...
[2025-12-24 15:08:46] 
[Loop #26] Scanning for unread STQ mails...
[2025-12-24 15:08:47] Scan stats => checked:1 matched:0 | skipped: read=0 sender=0 no_stq=1 processed=0
[2025-12-24 15:08:47] No matching unread STQ found. Sleeping 5s...
[2025-12-24 15:08:52] 
[Loop #27] Scanning for unread STQ mails...
[2025-12-24 15:08:52] Scan stats => checked:1 matched:0 | skipped: read=0 sender=0 no_stq=1 processed=0
[2025-12-24 15:08:52] No matching unread STQ found. Sleeping 5s...
[2025-12-24 15:08:57] 
[Loop #28] Scanning for unread STQ mails...
[2025-12-24 15:08:57] Scan stats => checked:1 matched:0 | skipped: read=0 sender=0 no_stq=1 processed=0
[2025-12-24 15:08:57] No matching unread STQ found. Sleeping 5s...
[2025-12-24 15:09:02] 
[Loop #29] Scanning for unread STQ mails...
[2025-12-24 15:09:02] Scan stats => checked:1 matched:0 | skipped: read=0 sender=0 no_stq=1 processed=0
[2025-12-24 15:09:02] No matching unread STQ found. Sleeping 5s...
[2025-12-24 15:09:07] 
[Loop #30] Scanning for unread STQ mails...
[2025-12-24 15:09:07] Scan stats => checked:1 matched:0 | skipped: read=0 sender=0 no_stq=1 processed=0
[2025-12-24 15:09:07] No matching unread STQ found. Sleeping 5s...
[2025-12-24 15:09:12] 
[Loop #31] Scanning for unread STQ mails...
[2025-12-24 15:09:12] Scan stats => checked:1 matched:0 | skipped: read=0 sender=0 no_stq=1 processed=0
[2025-12-24 15:09:12] No matching unread STQ found. Sleeping 5s...
[2025-12-24 15:09:17] 
[Loop #32] Scanning for unread STQ mails...
[2025-12-24 15:09:17] Scan stats => checked:1 matched:0 | skipped: read=0 sender=0 no_stq=1 processed=0
[2025-12-24 15:09:17] No matching unread STQ found. Sleeping 5s...
[2025-12-24 15:09:22] 
[Loop #33] Scanning for unread STQ mails...
[2025-12-24 15:09:22] Scan stats => checked:1 matched:0 | skipped: read=0 sender=0 no_stq=1 processed=0
[2025-12-24 15:09:22] No matching unread STQ found. Sleeping 5s...
[2025-12-24 15:09:27] 
[Loop #34] Scanning for unread STQ mails...
[2025-12-24 15:09:27] Scan stats => checked:1 matched:0 | skipped: read=0 sender=0 no_stq=1 processed=0
[2025-12-24 15:09:27] No matching unread STQ found. Sleeping 5s...
[2025-12-24 15:09:32] 
[Loop #35] Scanning for unread STQ mails...
[2025-12-24 15:09:32] Scan stats => checked:1 matched:0 | skipped: read=0 sender=0 no_stq=1 processed=0
[2025-12-24 15:09:32] No matching unread STQ found. Sleeping 5s...
[2025-12-24 15:09:37] 
[Loop #36] Scanning for unread STQ mails...
[2025-12-24 15:09:37] Scan stats => checked:1 matched:0 | skipped: read=0 sender=0 no_stq=1 processed=0
[2025-12-24 15:09:37] No matching unread STQ found. Sleeping 5s...
[2025-12-24 15:09:42] 
[Loop #37] Scanning for unread STQ mails...
[2025-12-24 15:09:42] Scan stats => checked:1 matched:0 | skipped: read=0 sender=0 no_stq=1 processed=0
[2025-12-24 15:09:42] No matching unread STQ found. Sleeping 5s...
[2025-12-24 15:09:47] 
[Loop #38] Scanning for unread STQ mails...
[2025-12-24 15:09:47] Scan stats => checked:1 matched:0 | skipped: read=0 sender=0 no_stq=1 processed=0
[2025-12-24 15:09:47] No matching unread STQ found. Sleeping 5s...
[2025-12-24 15:09:52] 
[Loop #39] Scanning for unread STQ mails...
[2025-12-24 15:09:52] Scan stats => checked:1 matched:0 | skipped: read=0 sender=0 no_stq=1 processed=0
[2025-12-24 15:09:52] No matching unread STQ found. Sleeping 5s...
[2025-12-24 15:09:57] 
[Loop #40] Scanning for unread STQ mails...
[2025-12-24 15:09:57] Scan stats => checked:1 matched:0 | skipped: read=0 sender=0 no_stq=1 processed=0
[2025-12-24 15:09:57] No matching unread STQ found. Sleeping 5s...
[2025-12-24 15:10:02] 
[Loop #41] Scanning for unread STQ mails...
[2025-12-24 15:10:02] Scan stats => checked:1 matched:0 | skipped: read=0 sender=0 no_stq=1 processed=0
[2025-12-24 15:10:02] No matching unread STQ found. Sleeping 5s...
[2025-12-24 15:10:07] 
[Loop #42] Scanning for unread STQ mails...
[2025-12-24 15:10:07] Scan stats => checked:1 matched:0 | skipped: read=0 sender=0 no_stq=1 processed=0
[2025-12-24 15:10:07] No matching unread STQ found. Sleeping 5s...
[2025-12-24 15:10:12] 
[Loop #43] Scanning for unread STQ mails...
[2025-12-24 15:10:12] Scan stats => checked:1 matched:0 | skipped: read=0 sender=0 no_stq=1 processed=0
[2025-12-24 15:10:12] No matching unread STQ found. Sleeping 5s...
[2025-12-24 15:10:17] 
[Loop #44] Scanning for unread STQ mails...
[2025-12-24 15:10:17] Scan stats => checked:1 matched:0 | skipped: read=0 sender=0 no_stq=1 processed=0
[2025-12-24 15:10:17] No matching unread STQ found. Sleeping 5s...
[2025-12-24 15:10:22] 
[Loop #45] Scanning for unread STQ mails...
[2025-12-24 15:10:22] Scan stats => checked:1 matched:0 | skipped: read=0 sender=0 no_stq=1 processed=0
[2025-12-24 15:10:22] No matching unread STQ found. Sleeping 5s...
[2025-12-24 15:10:27] 
[Loop #46] Scanning for unread STQ mails...
[2025-12-24 15:10:27] Scan stats => checked:1 matched:0 | skipped: read=0 sender=0 no_stq=1 processed=0
[2025-12-24 15:10:27] No matching unread STQ found. Sleeping 5s...
[2025-12-24 15:10:32] 
[Loop #47] Scanning for unread STQ mails...
[2025-12-24 15:10:32] Scan stats => checked:1 matched:0 | skipped: read=0 sender=0 no_stq=1 processed=0
[2025-12-24 15:10:32] No matching unread STQ found. Sleeping 5s...
[2025-12-24 15:10:37] 
[Loop #48] Scanning for unread STQ mails...
[2025-12-24 15:10:37] Scan stats => checked:1 matched:0 | skipped: read=0 sender=0 no_stq=1 processed=0
[2025-12-24 15:10:37] No matching unread STQ found. Sleeping 5s...
[2025-12-24 15:10:42] 
[Loop #49] Scanning for unread STQ mails...
[2025-12-24 15:10:42] Scan stats => checked:1 matched:0 | skipped: read=0 sender=0 no_stq=1 processed=0
[2025-12-24 15:10:42] No matching unread STQ found. Sleeping 5s...
[2025-12-24 15:10:47] 
[Loop #50] Scanning for unread STQ mails...
[2025-12-24 15:10:47] Scan stats => checked:1 matched:0 | skipped: read=0 sender=0 no_stq=1 processed=0
[2025-12-24 15:10:47] No matching unread STQ found. Sleeping 5s...
[2025-12-24 15:10:52] 
[Loop #51] Scanning for unread STQ mails...
[2025-12-24 15:10:52] Scan stats => checked:1 matched:0 | skipped: read=0 sender=0 no_stq=1 processed=0
[2025-12-24 15:10:52] No matching unread STQ found. Sleeping 5s...
[2025-12-24 15:10:57] 
[Loop #52] Scanning for unread STQ mails...
[2025-12-24 15:10:57] Scan stats => checked:1 matched:0 | skipped: read=0 sender=0 no_stq=1 processed=0
[2025-12-24 15:10:57] No matching unread STQ found. Sleeping 5s...
[2025-12-24 15:11:02] 
[Loop #53] Scanning for unread STQ mails...
[2025-12-24 15:11:02] Scan stats => checked:1 matched:0 | skipped: read=0 sender=0 no_stq=1 processed=0
[2025-12-24 15:11:02] No matching unread STQ found. Sleeping 5s...
[2025-12-24 15:11:07] 
[Loop #54] Scanning for unread STQ mails...
[2025-12-24 15:11:07] Scan stats => checked:1 matched:0 | skipped: read=0 sender=0 no_stq=1 processed=0
[2025-12-24 15:11:07] No matching unread STQ found. Sleeping 5s...
[2025-12-24 15:11:12] 
[Loop #55] Scanning for unread STQ mails...
[2025-12-24 15:11:12] Scan stats => checked:1 matched:0 | skipped: read=0 sender=0 no_stq=1 processed=0
[2025-12-24 15:11:12] No matching unread STQ found. Sleeping 5s...
[2025-12-24 15:11:17] 
[Loop #56] Scanning for unread STQ mails...
[2025-12-24 15:11:17] Scan stats => checked:1 matched:0 | skipped: read=0 sender=0 no_stq=1 processed=0
[2025-12-24 15:11:17] No matching unread STQ found. Sleeping 5s...
[2025-12-24 15:11:22] 
[Loop #57] Scanning for unread STQ mails...
[2025-12-24 15:11:22] Scan stats => checked:1 matched:0 | skipped: read=0 sender=0 no_stq=1 processed=0
[2025-12-24 15:11:22] No matching unread STQ found. Sleeping 5s...
[2025-12-24 15:11:27] 
[Loop #58] Scanning for unread STQ mails...
[2025-12-24 15:11:27] Scan stats => checked:1 matched:0 | skipped: read=0 sender=0 no_stq=1 processed=0
[2025-12-24 15:11:27] No matching unread STQ found. Sleeping 5s...
[2025-12-24 15:11:32] 
[Loop #59] Scanning for unread STQ mails...
[2025-12-24 15:11:32] Scan stats => checked:1 matched:0 | skipped: read=0 sender=0 no_stq=1 processed=0
[2025-12-24 15:11:32] No matching unread STQ found. Sleeping 5s...
[2025-12-24 15:11:37] 
[Loop #60] Scanning for unread STQ mails...
[2025-12-24 15:11:47] Scan stats => checked:1 matched:0 | skipped: read=0 sender=0 no_stq=1 processed=0
[2025-12-24 15:11:47] No matching unread STQ found. Sleeping 5s...
[2025-12-24 15:11:52] 
[Loop #61] Scanning for unread STQ mails...
[2025-12-24 15:11:52] Scan stats => checked:1 matched:0 | skipped: read=0 sender=0 no_stq=1 processed=0
[2025-12-24 15:11:52] No matching unread STQ found. Sleeping 5s...
[2025-12-24 15:11:57] 
[Loop #62] Scanning for unread STQ mails...
[2025-12-24 15:11:57] Scan stats => checked:1 matched:0 | skipped: read=0 sender=0 no_stq=1 processed=0
[2025-12-24 15:11:57] No matching unread STQ found. Sleeping 5s...
[2025-12-24 15:12:02] 
[Loop #63] Scanning for unread STQ mails...
[2025-12-24 15:12:02] Scan stats => checked:1 matched:0 | skipped: read=0 sender=0 no_stq=1 processed=0
[2025-12-24 15:12:02] No matching unread STQ found. Sleeping 5s...
[2025-12-24 15:12:07] 
[Loop #64] Scanning for unread STQ mails...
[2025-12-24 15:12:07] Scan stats => checked:1 matched:0 | skipped: read=0 sender=0 no_stq=1 processed=0
[2025-12-24 15:12:07] No matching unread STQ found. Sleeping 5s...
[2025-12-24 15:12:12] 
[Loop #65] Scanning for unread STQ mails...
[2025-12-24 15:12:12] Scan stats => checked:2 matched:0 | skipped: read=0 sender=0 no_stq=2 processed=0
[2025-12-24 15:12:12] No matching unread STQ found. Sleeping 5s...
[2025-12-24 15:12:17] 
[Loop #66] Scanning for unread STQ mails...
[2025-12-24 15:12:17] Scan stats => checked:1 matched:0 | skipped: read=0 sender=0 no_stq=1 processed=0
[2025-12-24 15:12:17] No matching unread STQ found. Sleeping 5s...
[2025-12-24 15:12:22] 
[Loop #67] Scanning for unread STQ mails...
[2025-12-24 15:12:22] Scan stats => checked:1 matched:0 | skipped: read=0 sender=0 no_stq=1 processed=0
[2025-12-24 15:12:22] No matching unread STQ found. Sleeping 5s...
[2025-12-24 15:12:27] 
[Loop #68] Scanning for unread STQ mails...
[2025-12-24 15:12:28] Scan stats => checked:1 matched:0 | skipped: read=0 sender=0 no_stq=1 processed=0
[2025-12-24 15:12:28] No matching unread STQ found. Sleeping 5s...
[2025-12-24 15:12:33] 
[Loop #69] Scanning for unread STQ mails...
[2025-12-24 15:12:33] Scan stats => checked:1 matched:0 | skipped: read=0 sender=0 no_stq=1 processed=0
[2025-12-24 15:12:33] No matching unread STQ found. Sleeping 5s...
[2025-12-24 15:12:38] 
[Loop #70] Scanning for unread STQ mails...
[2025-12-24 15:12:38] Scan stats => checked:1 matched:0 | skipped: read=0 sender=0 no_stq=1 processed=0
[2025-12-24 15:12:38] No matching unread STQ found. Sleeping 5s...
[2025-12-24 15:12:43] 
[Loop #71] Scanning for unread STQ mails...
[2025-12-24 15:12:43] Scan stats => checked:1 matched:0 | skipped: read=0 sender=0 no_stq=1 processed=0
[2025-12-24 15:12:43] No matching unread STQ found. Sleeping 5s...
[2025-12-24 15:12:48] 
[Loop #72] Scanning for unread STQ mails...
[2025-12-24 15:12:48] Scan stats => checked:1 matched:0 | skipped: read=0 sender=0 no_stq=1 processed=0
[2025-12-24 15:12:48] No matching unread STQ found. Sleeping 5s...
[2025-12-24 15:12:53] 
[Loop #73] Scanning for unread STQ mails...
[2025-12-24 15:12:53] Scan stats => checked:1 matched:0 | skipped: read=0 sender=0 no_stq=1 processed=0
[2025-12-24 15:12:53] No matching unread STQ found. Sleeping 5s...
[2025-12-24 15:12:58] 
[Loop #74] Scanning for unread STQ mails...
[2025-12-24 15:12:58] Scan stats => checked:1 matched:0 | skipped: read=0 sender=0 no_stq=1 processed=0
[2025-12-24 15:12:58] No matching unread STQ found. Sleeping 5s...
[2025-12-24 15:13:03] 
[Loop #75] Scanning for unread STQ mails...
[2025-12-24 15:13:08] Scan stats => checked:1 matched:0 | skipped: read=0 sender=0 no_stq=1 processed=0
[2025-12-24 15:13:08] No matching unread STQ found. Sleeping 5s...
[2025-12-24 15:13:13] 
[Loop #76] Scanning for unread STQ mails...
[2025-12-24 15:13:28] Scan stats => checked:1 matched:0 | skipped: read=0 sender=0 no_stq=1 processed=0
[2025-12-24 15:13:28] No matching unread STQ found. Sleeping 5s...
[2025-12-24 15:13:33] 
[Loop #77] Scanning for unread STQ mails...
[2025-12-24 15:13:34] Scan stats => checked:1 matched:0 | skipped: read=0 sender=0 no_stq=1 processed=0
[2025-12-24 15:13:34] No matching unread STQ found. Sleeping 5s...
[2025-12-24 15:13:39] 
[Loop #78] Scanning for unread STQ mails...
[2025-12-24 15:13:39] Scan stats => checked:1 matched:0 | skipped: read=0 sender=0 no_stq=1 processed=0
[2025-12-24 15:13:39] No matching unread STQ found. Sleeping 5s...
[2025-12-24 15:13:44] 
[Loop #79] Scanning for unread STQ mails...
[2025-12-24 15:13:44] Scan stats => checked:1 matched:0 | skipped: read=0 sender=0 no_stq=1 processed=0
[2025-12-24 15:13:44] No matching unread STQ found. Sleeping 5s...
[2025-12-24 15:13:49] 
[Loop #80] Scanning for unread STQ mails...
[2025-12-24 15:13:49] Scan stats => checked:1 matched:0 | skipped: read=0 sender=0 no_stq=1 processed=0
[2025-12-24 15:13:49] No matching unread STQ found. Sleeping 5s...
[2025-12-24 15:13:54] 
[Loop #81] Scanning for unread STQ mails...
[2025-12-24 15:13:54] Scan stats => checked:1 matched:0 | skipped: read=0 sender=0 no_stq=1 processed=0
[2025-12-24 15:13:54] No matching unread STQ found. Sleeping 5s...
[2025-12-24 15:13:59] 
[Loop #82] Scanning for unread STQ mails...
[2025-12-24 15:13:59] Scan stats => checked:1 matched:0 | skipped: read=0 sender=0 no_stq=1 processed=0
[2025-12-24 15:13:59] No matching unread STQ found. Sleeping 5s...
[2025-12-24 15:14:04] 
[Loop #83] Scanning for unread STQ mails...
[2025-12-24 15:14:04] Scan stats => checked:1 matched:0 | skipped: read=0 sender=0 no_stq=1 processed=0
[2025-12-24 15:14:04] No matching unread STQ found. Sleeping 5s...
[2025-12-24 15:14:09] 
[Loop #84] Scanning for unread STQ mails...
[2025-12-24 15:14:09] Scan stats => checked:1 matched:0 | skipped: read=0 sender=0 no_stq=1 processed=0
[2025-12-24 15:14:09] No matching unread STQ found. Sleeping 5s...
[2025-12-24 15:14:14] 
[Loop #85] Scanning for unread STQ mails...
[2025-12-24 15:14:14] Scan stats => checked:1 matched:0 | skipped: read=0 sender=0 no_stq=1 processed=0
[2025-12-24 15:14:14] No matching unread STQ found. Sleeping 5s...
[2025-12-24 15:14:19] 
[Loop #86] Scanning for unread STQ mails...
[2025-12-24 15:14:19] Scan stats => checked:1 matched:0 | skipped: read=0 sender=0 no_stq=1 processed=0
[2025-12-24 15:14:19] No matching unread STQ found. Sleeping 5s...
[2025-12-24 15:14:24] 
[Loop #87] Scanning for unread STQ mails...
[2025-12-24 15:14:24] Scan stats => checked:1 matched:0 | skipped: read=0 sender=0 no_stq=1 processed=0
[2025-12-24 15:14:24] No matching unread STQ found. Sleeping 5s...
[2025-12-24 15:14:29] 
[Loop #88] Scanning for unread STQ mails...
[2025-12-24 15:14:29] Scan stats => checked:1 matched:0 | skipped: read=0 sender=0 no_stq=1 processed=0
[2025-12-24 15:14:29] No matching unread STQ found. Sleeping 5s...
[2025-12-24 15:14:34] 
[Loop #89] Scanning for unread STQ mails...
[2025-12-24 15:14:35] Scan stats => checked:1 matched:0 | skipped: read=0 sender=0 no_stq=1 processed=0
[2025-12-24 15:14:35] No matching unread STQ found. Sleeping 5s...
[2025-12-24 15:14:40] 
[Loop #90] Scanning for unread STQ mails...
[2025-12-24 15:14:40] Scan stats => checked:1 matched:0 | skipped: read=0 sender=0 no_stq=1 processed=0
[2025-12-24 15:14:40] No matching unread STQ found. Sleeping 5s...
[2025-12-24 15:14:45] 
[Loop #91] Scanning for unread STQ mails...
[2025-12-24 15:14:45] Scan stats => checked:1 matched:0 | skipped: read=0 sender=0 no_stq=1 processed=0
[2025-12-24 15:14:45] No matching unread STQ found. Sleeping 5s...
[2025-12-24 15:14:50] 
[Loop #92] Scanning for unread STQ mails...
[2025-12-24 15:14:50] Scan stats => checked:1 matched:0 | skipped: read=0 sender=0 no_stq=1 processed=0
[2025-12-24 15:14:50] No matching unread STQ found. Sleeping 5s...
[2025-12-24 15:14:55] 
[Loop #93] Scanning for unread STQ mails...
[2025-12-24 15:14:55] Scan stats => checked:1 matched:0 | skipped: read=0 sender=0 no_stq=1 processed=0
[2025-12-24 15:14:55] No matching unread STQ found. Sleeping 5s...
[2025-12-24 15:15:00] 
[Loop #94] Scanning for unread STQ mails...
[2025-12-24 15:15:00] Scan stats => checked:1 matched:0 | skipped: read=0 sender=0 no_stq=1 processed=0
[2025-12-24 15:15:00] No matching unread STQ found. Sleeping 5s...
[2025-12-24 15:15:05] 
[Loop #95] Scanning for unread STQ mails...
[2025-12-24 15:15:05] Scan stats => checked:1 matched:0 | skipped: read=0 sender=0 no_stq=1 processed=0
[2025-12-24 15:15:05] No matching unread STQ found. Sleeping 5s...
[2025-12-24 15:15:10] 
[Loop #96] Scanning for unread STQ mails...
[2025-12-24 15:15:10] Scan stats => checked:1 matched:0 | skipped: read=0 sender=0 no_stq=1 processed=0
[2025-12-24 15:15:10] No matching unread STQ found. Sleeping 5s...
[2025-12-24 15:15:15] 
[Loop #97] Scanning for unread STQ mails...
[2025-12-24 15:15:15] Scan stats => checked:1 matched:0 | skipped: read=0 sender=0 no_stq=1 processed=0
[2025-12-24 15:15:15] No matching unread STQ found. Sleeping 5s...
[2025-12-24 15:15:20] 
[Loop #98] Scanning for unread STQ mails...
[2025-12-24 15:15:20] Scan stats => checked:1 matched:0 | skipped: read=0 sender=0 no_stq=1 processed=0
[2025-12-24 15:15:20] No matching unread STQ found. Sleeping 5s...
[2025-12-24 15:15:25] 
[Loop #99] Scanning for unread STQ mails...
[2025-12-24 15:15:25] Scan stats => checked:1 matched:0 | skipped: read=0 sender=0 no_stq=1 processed=0
[2025-12-24 15:15:25] No matching unread STQ found. Sleeping 5s...
[2025-12-24 15:15:30] 
[Loop #100] Scanning for unread STQ mails...
[2025-12-24 15:15:30] Scan stats => checked:1 matched:0 | skipped: read=0 sender=0 no_stq=1 processed=0
[2025-12-24 15:15:31] No matching unread STQ found. Sleeping 5s...
[2025-12-24 15:15:36] 
[Loop #101] Scanning for unread STQ mails...
[2025-12-24 15:15:36] Scan stats => checked:1 matched:0 | skipped: read=0 sender=0 no_stq=1 processed=0
[2025-12-24 15:15:36] No matching unread STQ found. Sleeping 5s...
[2025-12-24 15:15:41] 
[Loop #102] Scanning for unread STQ mails...
[2025-12-24 15:15:41] Scan stats => checked:1 matched:0 | skipped: read=0 sender=0 no_stq=1 processed=0
[2025-12-24 15:15:41] No matching unread STQ found. Sleeping 5s...
[2025-12-24 15:15:46] 
[Loop #103] Scanning for unread STQ mails...
[2025-12-24 15:15:46] Scan stats => checked:1 matched:0 | skipped: read=0 sender=0 no_stq=1 processed=0
[2025-12-24 15:15:46] No matching unread STQ found. Sleeping 5s...
[2025-12-24 15:15:51] 
[Loop #104] Scanning for unread STQ mails...
[2025-12-24 15:15:51] Scan stats => checked:1 matched:0 | skipped: read=0 sender=0 no_stq=1 processed=0
[2025-12-24 15:15:51] No matching unread STQ found. Sleeping 5s...
[2025-12-24 15:15:56] 
[Loop #105] Scanning for unread STQ mails...
[2025-12-24 15:15:56] Scan stats => checked:1 matched:0 | skipped: read=0 sender=0 no_stq=1 processed=0
[2025-12-24 15:15:56] No matching unread STQ found. Sleeping 5s...
[2025-12-24 15:16:01] 
[Loop #106] Scanning for unread STQ mails...
[2025-12-24 15:16:01] Scan stats => checked:1 matched:0 | skipped: read=0 sender=0 no_stq=1 processed=0
[2025-12-24 15:16:01] No matching unread STQ found. Sleeping 5s...
[2025-12-24 15:16:06] 
[Loop #107] Scanning for unread STQ mails...
[2025-12-24 15:16:06] Scan stats => checked:1 matched:0 | skipped: read=0 sender=0 no_stq=1 processed=0
[2025-12-24 15:16:06] No matching unread STQ found. Sleeping 5s...
[2025-12-24 15:16:11] 
[Loop #108] Scanning for unread STQ mails...
[2025-12-24 15:16:11] Scan stats => checked:1 matched:0 | skipped: read=0 sender=0 no_stq=1 processed=0
[2025-12-24 15:16:11] No matching unread STQ found. Sleeping 5s...
[2025-12-24 15:16:16] 
[Loop #109] Scanning for unread STQ mails...
[2025-12-24 15:16:16] Scan stats => checked:1 matched:0 | skipped: read=0 sender=0 no_stq=1 processed=0
[2025-12-24 15:16:16] No matching unread STQ found. Sleeping 5s...
[2025-12-24 15:16:21] 
[Loop #110] Scanning for unread STQ mails...
[2025-12-24 15:16:22] Scan stats => checked:1 matched:0 | skipped: read=0 sender=0 no_stq=1 processed=0
[2025-12-24 15:16:22] No matching unread STQ found. Sleeping 5s...
[2025-12-24 15:16:27] 
[Loop #111] Scanning for unread STQ mails...
[2025-12-24 15:16:27] Scan stats => checked:1 matched:0 | skipped: read=0 sender=0 no_stq=1 processed=0
[2025-12-24 15:16:27] No matching unread STQ found. Sleeping 5s...
[2025-12-24 15:16:32] 
[Loop #112] Scanning for unread STQ mails...
[2025-12-24 15:16:32] Scan stats => checked:1 matched:0 | skipped: read=0 sender=0 no_stq=1 processed=0
[2025-12-24 15:16:32] No matching unread STQ found. Sleeping 5s...
[2025-12-24 15:16:37] 
[Loop #113] Scanning for unread STQ mails...
[2025-12-24 15:16:37] Scan stats => checked:1 matched:0 | skipped: read=0 sender=0 no_stq=1 processed=0
[2025-12-24 15:16:37] No matching unread STQ found. Sleeping 5s...
[2025-12-24 15:16:42] 
[Loop #114] Scanning for unread STQ mails...
[2025-12-24 15:16:42] Scan stats => checked:1 matched:0 | skipped: read=0 sender=0 no_stq=1 processed=0
[2025-12-24 15:16:42] No matching unread STQ found. Sleeping 5s...
[2025-12-24 15:16:47] 
[Loop #115] Scanning for unread STQ mails...
[2025-12-24 15:16:47] Scan stats => checked:1 matched:0 | skipped: read=0 sender=0 no_stq=1 processed=0
[2025-12-24 15:16:47] No matching unread STQ found. Sleeping 5s...
[2025-12-24 15:16:52] 
[Loop #116] Scanning for unread STQ mails...
[2025-12-24 15:16:52] Scan stats => checked:1 matched:0 | skipped: read=0 sender=0 no_stq=1 processed=0
[2025-12-24 15:16:52] No matching unread STQ found. Sleeping 5s...
[2025-12-24 15:16:57] 
[Loop #117] Scanning for unread STQ mails...
[2025-12-24 15:16:57] Scan stats => checked:1 matched:0 | skipped: read=0 sender=0 no_stq=1 processed=0
[2025-12-24 15:16:57] No matching unread STQ found. Sleeping 5s...
[2025-12-24 15:17:02] 
[Loop #118] Scanning for unread STQ mails...
[2025-12-24 15:17:02] Scan stats => checked:1 matched:0 | skipped: read=0 sender=0 no_stq=1 processed=0
[2025-12-24 15:17:02] No matching unread STQ found. Sleeping 5s...
[2025-12-24 15:17:07] 
[Loop #119] Scanning for unread STQ mails...
[2025-12-24 15:17:07] Scan stats => checked:1 matched:0 | skipped: read=0 sender=0 no_stq=1 processed=0
[2025-12-24 15:17:07] No matching unread STQ found. Sleeping 5s...
[2025-12-24 15:17:12] 
[Loop #120] Scanning for unread STQ mails...
[2025-12-24 15:17:13] Scan stats => checked:1 matched:0 | skipped: read=0 sender=0 no_stq=1 processed=0
[2025-12-24 15:17:13] No matching unread STQ found. Sleeping 5s...
[2025-12-24 15:17:18] 
[Loop #121] Scanning for unread STQ mails...
[2025-12-24 15:17:18] Scan stats => checked:1 matched:0 | skipped: read=0 sender=0 no_stq=1 processed=0
[2025-12-24 15:17:18] No matching unread STQ found. Sleeping 5s...
[2025-12-24 15:17:23] 
[Loop #122] Scanning for unread STQ mails...
[2025-12-24 15:17:23] Scan stats => checked:1 matched:0 | skipped: read=0 sender=0 no_stq=1 processed=0
[2025-12-24 15:17:23] No matching unread STQ found. Sleeping 5s...
[2025-12-24 15:17:28] 
[Loop #123] Scanning for unread STQ mails...
[2025-12-24 15:17:28] Scan stats => checked:1 matched:0 | skipped: read=0 sender=0 no_stq=1 processed=0
[2025-12-24 15:17:28] No matching unread STQ found. Sleeping 5s...
[2025-12-24 15:17:33] 
[Loop #124] Scanning for unread STQ mails...
[2025-12-24 15:17:33] Scan stats => checked:1 matched:0 | skipped: read=0 sender=0 no_stq=1 processed=0
[2025-12-24 15:17:33] No matching unread STQ found. Sleeping 5s...
[2025-12-24 15:17:38] 
[Loop #125] Scanning for unread STQ mails...
[2025-12-24 15:17:38] Scan stats => checked:1 matched:0 | skipped: read=0 sender=0 no_stq=1 processed=0
[2025-12-24 15:17:38] No matching unread STQ found. Sleeping 5s...
[2025-12-24 15:17:43] 
[Loop #126] Scanning for unread STQ mails...
[2025-12-24 15:17:43] Scan stats => checked:1 matched:0 | skipped: read=0 sender=0 no_stq=1 processed=0
[2025-12-24 15:17:43] No matching unread STQ found. Sleeping 5s...
[2025-12-24 15:17:48] 
[Loop #127] Scanning for unread STQ mails...
[2025-12-24 15:17:48] Scan stats => checked:1 matched:0 | skipped: read=0 sender=0 no_stq=1 processed=0
[2025-12-24 15:17:48] No matching unread STQ found. Sleeping 5s...
[2025-12-24 15:17:53] 
[Loop #128] Scanning for unread STQ mails...
[2025-12-24 15:17:53] Scan stats => checked:1 matched:0 | skipped: read=0 sender=0 no_stq=1 processed=0
[2025-12-24 15:17:53] No matching unread STQ found. Sleeping 5s...
[2025-12-24 15:17:58] 
[Loop #129] Scanning for unread STQ mails...
[2025-12-24 15:17:59] Scan stats => checked:1 matched:0 | skipped: read=0 sender=0 no_stq=1 processed=0
[2025-12-24 15:17:59] No matching unread STQ found. Sleeping 5s...
[2025-12-24 15:18:04] 
[Loop #130] Scanning for unread STQ mails...
[2025-12-24 15:18:04] Scan stats => checked:1 matched:0 | skipped: read=0 sender=0 no_stq=1 processed=0
[2025-12-24 15:18:04] No matching unread STQ found. Sleeping 5s...
[2025-12-24 15:18:09] 
[Loop #131] Scanning for unread STQ mails...
[2025-12-24 15:18:09] Scan stats => checked:1 matched:0 | skipped: read=0 sender=0 no_stq=1 processed=0
[2025-12-24 15:18:09] No matching unread STQ found. Sleeping 5s...
[2025-12-24 15:18:14] 
[Loop #132] Scanning for unread STQ mails...
[2025-12-24 15:18:14] Scan stats => checked:1 matched:0 | skipped: read=0 sender=0 no_stq=1 processed=0
[2025-12-24 15:18:14] No matching unread STQ found. Sleeping 5s...
[2025-12-24 15:18:19] 
[Loop #133] Scanning for unread STQ mails...
[2025-12-24 15:18:19] Scan stats => checked:1 matched:0 | skipped: read=0 sender=0 no_stq=1 processed=0
[2025-12-24 15:18:19] No matching unread STQ found. Sleeping 5s...
[2025-12-24 15:18:24] 
[Loop #134] Scanning for unread STQ mails...
[2025-12-24 15:18:24] Scan stats => checked:1 matched:0 | skipped: read=0 sender=0 no_stq=1 processed=0
[2025-12-24 15:18:24] No matching unread STQ found. Sleeping 5s...
[2025-12-24 15:18:29] 
[Loop #135] Scanning for unread STQ mails...
[2025-12-24 15:18:29] Scan stats => checked:1 matched:0 | skipped: read=0 sender=0 no_stq=1 processed=0
[2025-12-24 15:18:29] No matching unread STQ found. Sleeping 5s...
[2025-12-24 15:18:34] 
[Loop #136] Scanning for unread STQ mails...
[2025-12-24 15:18:34] Scan stats => checked:1 matched:0 | skipped: read=0 sender=0 no_stq=1 processed=0
[2025-12-24 15:18:34] No matching unread STQ found. Sleeping 5s...
[2025-12-24 15:18:39] 
[Loop #137] Scanning for unread STQ mails...
[2025-12-24 15:18:39] Scan stats => checked:1 matched:0 | skipped: read=0 sender=0 no_stq=1 processed=0
[2025-12-24 15:18:39] No matching unread STQ found. Sleeping 5s...
[2025-12-24 15:18:44] 
[Loop #138] Scanning for unread STQ mails...
[2025-12-24 15:18:44] Scan stats => checked:1 matched:0 | skipped: read=0 sender=0 no_stq=1 processed=0
[2025-12-24 15:18:44] No matching unread STQ found. Sleeping 5s...
[2025-12-24 15:18:49] 
[Loop #139] Scanning for unread STQ mails...
[2025-12-24 15:18:50] Scan stats => checked:1 matched:0 | skipped: read=0 sender=0 no_stq=1 processed=0
[2025-12-24 15:18:50] No matching unread STQ found. Sleeping 5s...
[2025-12-24 15:18:55] 
[Loop #140] Scanning for unread STQ mails...
[2025-12-24 15:18:55] Scan stats => checked:1 matched:0 | skipped: read=0 sender=0 no_stq=1 processed=0
[2025-12-24 15:18:55] No matching unread STQ found. Sleeping 5s...
[2025-12-24 15:19:00] 
[Loop #141] Scanning for unread STQ mails...
[2025-12-24 15:19:00] Scan stats => checked:1 matched:0 | skipped: read=0 sender=0 no_stq=1 processed=0
[2025-12-24 15:19:00] No matching unread STQ found. Sleeping 5s...
[2025-12-24 15:19:05] 
[Loop #142] Scanning for unread STQ mails...
[2025-12-24 15:19:05] Scan stats => checked:1 matched:0 | skipped: read=0 sender=0 no_stq=1 processed=0
[2025-12-24 15:19:05] No matching unread STQ found. Sleeping 5s...
[2025-12-24 15:19:10] 
[Loop #143] Scanning for unread STQ mails...
[2025-12-24 15:19:10] Scan stats => checked:1 matched:0 | skipped: read=0 sender=0 no_stq=1 processed=0
[2025-12-24 15:19:10] No matching unread STQ found. Sleeping 5s...
[2025-12-24 15:19:15] 
[Loop #144] Scanning for unread STQ mails...
[2025-12-24 15:19:15] Scan stats => checked:1 matched:0 | skipped: read=0 sender=0 no_stq=1 processed=0
[2025-12-24 15:19:15] No matching unread STQ found. Sleeping 5s...
[2025-12-24 15:19:20] 
[Loop #145] Scanning for unread STQ mails...
[2025-12-24 15:19:20] Scan stats => checked:1 matched:0 | skipped: read=0 sender=0 no_stq=1 processed=0
[2025-12-24 15:19:20] No matching unread STQ found. Sleeping 5s...
[2025-12-24 15:19:25] 
[Loop #146] Scanning for unread STQ mails...
[2025-12-24 15:19:25] Scan stats => checked:1 matched:0 | skipped: read=0 sender=0 no_stq=1 processed=0
[2025-12-24 15:19:25] No matching unread STQ found. Sleeping 5s...
[2025-12-24 15:19:30] 
[Loop #147] Scanning for unread STQ mails...
[2025-12-24 15:19:30] Scan stats => checked:1 matched:0 | skipped: read=0 sender=0 no_stq=1 processed=0
[2025-12-24 15:19:30] No matching unread STQ found. Sleeping 5s...
[2025-12-24 15:19:35] 
[Loop #148] Scanning for unread STQ mails...
[2025-12-24 15:19:36] Scan stats => checked:1 matched:0 | skipped: read=0 sender=0 no_stq=1 processed=0
[2025-12-24 15:19:36] No matching unread STQ found. Sleeping 5s...
[2025-12-24 15:19:41] 
[Loop #149] Scanning for unread STQ mails...
[2025-12-24 15:19:41] Scan stats => checked:1 matched:0 | skipped: read=0 sender=0 no_stq=1 processed=0
[2025-12-24 15:19:41] No matching unread STQ found. Sleeping 5s...
[2025-12-24 15:19:46] 
[Loop #150] Scanning for unread STQ mails...
[2025-12-24 15:19:46] Scan stats => checked:1 matched:0 | skipped: read=0 sender=0 no_stq=1 processed=0
[2025-12-24 15:19:46] No matching unread STQ found. Sleeping 5s...
[2025-12-24 15:19:51] 
[Loop #151] Scanning for unread STQ mails...
[2025-12-24 15:19:51] Scan stats => checked:1 matched:0 | skipped: read=0 sender=0 no_stq=1 processed=0
[2025-12-24 15:19:51] No matching unread STQ found. Sleeping 5s...
[2025-12-24 15:19:56] 
[Loop #152] Scanning for unread STQ mails...
[2025-12-24 15:19:56] Scan stats => checked:1 matched:0 | skipped: read=0 sender=0 no_stq=1 processed=0
[2025-12-24 15:19:56] No matching unread STQ found. Sleeping 5s...
[2025-12-24 15:20:01] 
[Loop #153] Scanning for unread STQ mails...
[2025-12-24 15:20:01] Scan stats => checked:1 matched:0 | skipped: read=0 sender=0 no_stq=1 processed=0
[2025-12-24 15:20:01] No matching unread STQ found. Sleeping 5s...
[2025-12-24 15:20:06] 
[Loop #154] Scanning for unread STQ mails...
[2025-12-24 15:20:06] Scan stats => checked:1 matched:0 | skipped: read=0 sender=0 no_stq=1 processed=0
[2025-12-24 15:20:06] No matching unread STQ found. Sleeping 5s...
[2025-12-24 15:20:11] 
[Loop #155] Scanning for unread STQ mails...
[2025-12-24 15:20:12] Scan stats => checked:1 matched:0 | skipped: read=0 sender=0 no_stq=1 processed=0
[2025-12-24 15:20:12] No matching unread STQ found. Sleeping 5s...
[2025-12-24 15:20:17] 
[Loop #156] Scanning for unread STQ mails...
[2025-12-24 15:20:17] Scan stats => checked:1 matched:0 | skipped: read=0 sender=0 no_stq=1 processed=0
[2025-12-24 15:20:17] No matching unread STQ found. Sleeping 5s...
[2025-12-24 15:20:22] 
[Loop #157] Scanning for unread STQ mails...
[2025-12-24 15:20:22] Scan stats => checked:1 matched:0 | skipped: read=0 sender=0 no_stq=1 processed=0
[2025-12-24 15:20:22] No matching unread STQ found. Sleeping 5s...
[2025-12-24 15:20:27] 
[Loop #158] Scanning for unread STQ mails...
[2025-12-24 15:20:27] Scan stats => checked:1 matched:0 | skipped: read=0 sender=0 no_stq=1 processed=0
[2025-12-24 15:20:27] No matching unread STQ found. Sleeping 5s...
[2025-12-24 15:20:32] 
[Loop #159] Scanning for unread STQ mails...
[2025-12-24 15:20:32] Scan stats => checked:1 matched:0 | skipped: read=0 sender=0 no_stq=1 processed=0
[2025-12-24 15:20:32] No matching unread STQ found. Sleeping 5s...
[2025-12-24 15:20:37] 
[Loop #160] Scanning for unread STQ mails...
[2025-12-24 15:20:37] Scan stats => checked:1 matched:0 | skipped: read=0 sender=0 no_stq=1 processed=0
[2025-12-24 15:20:37] No matching unread STQ found. Sleeping 5s...
[2025-12-24 15:20:42] 
[Loop #161] Scanning for unread STQ mails...
[2025-12-24 15:20:42] Scan stats => checked:1 matched:0 | skipped: read=0 sender=0 no_stq=1 processed=0
[2025-12-24 15:20:42] No matching unread STQ found. Sleeping 5s...
[2025-12-24 15:20:47] 
[Loop #162] Scanning for unread STQ mails...
[2025-12-24 15:20:47] Scan stats => checked:1 matched:0 | skipped: read=0 sender=0 no_stq=1 processed=0
[2025-12-24 15:20:47] No matching unread STQ found. Sleeping 5s...
[2025-12-24 15:20:52] 
[Loop #163] Scanning for unread STQ mails...
[2025-12-24 15:20:52] Scan stats => checked:1 matched:0 | skipped: read=0 sender=0 no_stq=1 processed=0
[2025-12-24 15:20:52] No matching unread STQ found. Sleeping 5s...
[2025-12-24 15:20:57] 
[Loop #164] Scanning for unread STQ mails...
[2025-12-24 15:20:57] Scan stats => checked:1 matched:0 | skipped: read=0 sender=0 no_stq=1 processed=0
[2025-12-24 15:20:57] No matching unread STQ found. Sleeping 5s...
[2025-12-24 15:21:02] 
[Loop #165] Scanning for unread STQ mails...
[2025-12-24 15:21:02] Scan stats => checked:1 matched:0 | skipped: read=0 sender=0 no_stq=1 processed=0
[2025-12-24 15:21:03] No matching unread STQ found. Sleeping 5s...
[2025-12-24 15:21:08] 
[Loop #166] Scanning for unread STQ mails...
[2025-12-24 15:21:08] Scan stats => checked:1 matched:0 | skipped: read=0 sender=0 no_stq=1 processed=0
[2025-12-24 15:21:08] No matching unread STQ found. Sleeping 5s...
[2025-12-24 15:21:13] 
[Loop #167] Scanning for unread STQ mails...
[2025-12-24 15:21:13] Scan stats => checked:1 matched:0 | skipped: read=0 sender=0 no_stq=1 processed=0
[2025-12-24 15:21:13] No matching unread STQ found. Sleeping 5s...
[2025-12-24 15:21:18] 
[Loop #168] Scanning for unread STQ mails...
[2025-12-24 15:21:18] Scan stats => checked:1 matched:0 | skipped: read=0 sender=0 no_stq=1 processed=0
[2025-12-24 15:21:18] No matching unread STQ found. Sleeping 5s...
[2025-12-24 15:21:23] 
[Loop #169] Scanning for unread STQ mails...
[2025-12-24 15:21:23] Scan stats => checked:1 matched:0 | skipped: read=0 sender=0 no_stq=1 processed=0
[2025-12-24 15:21:23] No matching unread STQ found. Sleeping 5s...
[2025-12-24 15:21:28] 
[Loop #170] Scanning for unread STQ mails...
[2025-12-24 15:21:28] Scan stats => checked:1 matched:0 | skipped: read=0 sender=0 no_stq=1 processed=0
[2025-12-24 15:21:28] No matching unread STQ found. Sleeping 5s...
[2025-12-24 15:21:33] 
[Loop #171] Scanning for unread STQ mails...
[2025-12-24 15:21:33] Scan stats => checked:1 matched:0 | skipped: read=0 sender=0 no_stq=1 processed=0
[2025-12-24 15:21:33] No matching unread STQ found. Sleeping 5s...
[2025-12-24 15:21:38] 
[Loop #172] Scanning for unread STQ mails...
[2025-12-24 15:21:38] Scan stats => checked:1 matched:0 | skipped: read=0 sender=0 no_stq=1 processed=0
[2025-12-24 15:21:38] No matching unread STQ found. Sleeping 5s...
[2025-12-24 15:21:43] 
[Loop #173] Scanning for unread STQ mails...
[2025-12-24 15:21:43] Scan stats => checked:1 matched:0 | skipped: read=0 sender=0 no_stq=1 processed=0
[2025-12-24 15:21:43] No matching unread STQ found. Sleeping 5s...
[2025-12-24 15:21:48] 
[Loop #174] Scanning for unread STQ mails...
[2025-12-24 15:21:48] Scan stats => checked:1 matched:0 | skipped: read=0 sender=0 no_stq=1 processed=0
[2025-12-24 15:21:48] No matching unread STQ found. Sleeping 5s...
[2025-12-24 15:21:53] 
[Loop #175] Scanning for unread STQ mails...
[2025-12-24 15:21:53] Scan stats => checked:1 matched:0 | skipped: read=0 sender=0 no_stq=1 processed=0
[2025-12-24 15:21:54] No matching unread STQ found. Sleeping 5s...
[2025-12-24 15:21:59] 
[Loop #176] Scanning for unread STQ mails...
[2025-12-24 15:21:59] Scan stats => checked:1 matched:0 | skipped: read=0 sender=0 no_stq=1 processed=0
[2025-12-24 15:21:59] No matching unread STQ found. Sleeping 5s...
[2025-12-24 15:22:04] 
[Loop #177] Scanning for unread STQ mails...
[2025-12-24 15:22:04] Scan stats => checked:1 matched:0 | skipped: read=0 sender=0 no_stq=1 processed=0
[2025-12-24 15:22:04] No matching unread STQ found. Sleeping 5s...
[2025-12-24 15:22:09] 
[Loop #178] Scanning for unread STQ mails...
[2025-12-24 15:22:09] Scan stats => checked:1 matched:0 | skipped: read=0 sender=0 no_stq=1 processed=0
[2025-12-24 15:22:09] No matching unread STQ found. Sleeping 5s...
[2025-12-24 15:22:14] 
[Loop #179] Scanning for unread STQ mails...
[2025-12-24 15:22:14] Scan stats => checked:1 matched:0 | skipped: read=0 sender=0 no_stq=1 processed=0
[2025-12-24 15:22:14] No matching unread STQ found. Sleeping 5s...
[2025-12-24 15:22:19] 
[Loop #180] Scanning for unread STQ mails...
[2025-12-24 15:22:19] Scan stats => checked:1 matched:0 | skipped: read=0 sender=0 no_stq=1 processed=0
[2025-12-24 15:22:19] No matching unread STQ found. Sleeping 5s...
[2025-12-24 15:22:24] 
[Loop #181] Scanning for unread STQ mails...
[2025-12-24 15:22:24] Scan stats => checked:1 matched:0 | skipped: read=0 sender=0 no_stq=1 processed=0
[2025-12-24 15:22:24] No matching unread STQ found. Sleeping 5s...
[2025-12-24 15:22:29] 
[Loop #182] Scanning for unread STQ mails...
[2025-12-24 15:22:29] Scan stats => checked:1 matched:0 | skipped: read=0 sender=0 no_stq=1 processed=0
[2025-12-24 15:22:29] No matching unread STQ found. Sleeping 5s...
[2025-12-24 15:22:34] 
[Loop #183] Scanning for unread STQ mails...
[2025-12-24 15:22:34] Scan stats => checked:1 matched:0 | skipped: read=0 sender=0 no_stq=1 processed=0
[2025-12-24 15:22:34] No matching unread STQ found. Sleeping 5s...
[2025-12-24 15:22:39] 
[Loop #184] Scanning for unread STQ mails...
[2025-12-24 15:22:39] Scan stats => checked:1 matched:0 | skipped: read=0 sender=0 no_stq=1 processed=0
[2025-12-24 15:22:39] No matching unread STQ found. Sleeping 5s...
[2025-12-24 15:22:44] 
[Loop #185] Scanning for unread STQ mails...
[2025-12-24 15:22:44] Scan stats => checked:1 matched:0 | skipped: read=0 sender=0 no_stq=1 processed=0
[2025-12-24 15:22:44] No matching unread STQ found. Sleeping 5s...
[2025-12-24 15:22:49] 
[Loop #186] Scanning for unread STQ mails...
[2025-12-24 15:22:50] Scan stats => checked:1 matched:0 | skipped: read=0 sender=0 no_stq=1 processed=0
[2025-12-24 15:22:50] No matching unread STQ found. Sleeping 5s...
[2025-12-24 15:22:55] 
[Loop #187] Scanning for unread STQ mails...
[2025-12-24 15:22:55] Scan stats => checked:1 matched:0 | skipped: read=0 sender=0 no_stq=1 processed=0
[2025-12-24 15:22:55] No matching unread STQ found. Sleeping 5s...
[2025-12-24 15:23:00] 
[Loop #188] Scanning for unread STQ mails...
[2025-12-24 15:23:00] Scan stats => checked:1 matched:0 | skipped: read=0 sender=0 no_stq=1 processed=0
[2025-12-24 15:23:00] No matching unread STQ found. Sleeping 5s...
[2025-12-24 15:23:05] 
[Loop #189] Scanning for unread STQ mails...
[2025-12-24 15:23:05] Scan stats => checked:1 matched:0 | skipped: read=0 sender=0 no_stq=1 processed=0
[2025-12-24 15:23:05] No matching unread STQ found. Sleeping 5s...
[2025-12-24 15:23:10] 
[Loop #190] Scanning for unread STQ mails...
[2025-12-24 15:23:10] Scan stats => checked:1 matched:0 | skipped: read=0 sender=0 no_stq=1 processed=0
[2025-12-24 15:23:10] No matching unread STQ found. Sleeping 5s...
[2025-12-24 15:23:15] 
[Loop #191] Scanning for unread STQ mails...
[2025-12-24 15:23:15] Scan stats => checked:1 matched:0 | skipped: read=0 sender=0 no_stq=1 processed=0
[2025-12-24 15:23:15] No matching unread STQ found. Sleeping 5s...
[2025-12-24 15:23:20] 
[Loop #192] Scanning for unread STQ mails...
[2025-12-24 15:23:20] Scan stats => checked:1 matched:0 | skipped: read=0 sender=0 no_stq=1 processed=0
[2025-12-24 15:23:20] No matching unread STQ found. Sleeping 5s...
[2025-12-24 15:23:25] 
[Loop #193] Scanning for unread STQ mails...
[2025-12-24 15:23:25] Scan stats => checked:1 matched:0 | skipped: read=0 sender=0 no_stq=1 processed=0
[2025-12-24 15:23:25] No matching unread STQ found. Sleeping 5s...
[2025-12-24 15:23:30] 
[Loop #194] Scanning for unread STQ mails...
[2025-12-24 15:23:30] Scan stats => checked:1 matched:0 | skipped: read=0 sender=0 no_stq=1 processed=0
[2025-12-24 15:23:30] No matching unread STQ found. Sleeping 5s...
[2025-12-24 15:23:35] 
[Loop #195] Scanning for unread STQ mails...
[2025-12-24 15:23:35] Scan stats => checked:1 matched:0 | skipped: read=0 sender=0 no_stq=1 processed=0
[2025-12-24 15:23:35] No matching unread STQ found. Sleeping 5s...
[2025-12-24 15:23:40] 
[Loop #196] Scanning for unread STQ mails...
[2025-12-24 15:23:41] Scan stats => checked:1 matched:0 | skipped: read=0 sender=0 no_stq=1 processed=0
[2025-12-24 15:23:41] No matching unread STQ found. Sleeping 5s...
[2025-12-24 15:23:46] 
[Loop #197] Scanning for unread STQ mails...
[2025-12-24 15:23:46] Scan stats => checked:1 matched:0 | skipped: read=0 sender=0 no_stq=1 processed=0
[2025-12-24 15:23:46] No matching unread STQ found. Sleeping 5s...
[2025-12-24 15:23:51] 
[Loop #198] Scanning for unread STQ mails...
[2025-12-24 15:23:51] Scan stats => checked:1 matched:0 | skipped: read=0 sender=0 no_stq=1 processed=0
[2025-12-24 15:23:51] No matching unread STQ found. Sleeping 5s...
[2025-12-24 15:23:56] 
[Loop #199] Scanning for unread STQ mails...
[2025-12-24 15:23:56] Scan stats => checked:1 matched:0 | skipped: read=0 sender=0 no_stq=1 processed=0
[2025-12-24 15:23:56] No matching unread STQ found. Sleeping 5s...
[2025-12-24 15:24:01] 
[Loop #200] Scanning for unread STQ mails...
[2025-12-24 15:24:01] Scan stats => checked:1 matched:0 | skipped: read=0 sender=0 no_stq=1 processed=0
[2025-12-24 15:24:01] No matching unread STQ found. Sleeping 5s...
[2025-12-24 15:24:06] 
[Loop #201] Scanning for unread STQ mails...
[2025-12-24 15:24:06] Scan stats => checked:1 matched:0 | skipped: read=0 sender=0 no_stq=1 processed=0
[2025-12-24 15:24:06] No matching unread STQ found. Sleeping 5s...
[2025-12-24 15:24:11] 
[Loop #202] Scanning for unread STQ mails...
[2025-12-24 15:24:11] Scan stats => checked:1 matched:0 | skipped: read=0 sender=0 no_stq=1 processed=0
[2025-12-24 15:24:11] No matching unread STQ found. Sleeping 5s...
[2025-12-24 15:24:16] 
[Loop #203] Scanning for unread STQ mails...
[2025-12-24 15:24:16] Scan stats => checked:1 matched:0 | skipped: read=0 sender=0 no_stq=1 processed=0
[2025-12-24 15:24:16] No matching unread STQ found. Sleeping 5s...
[2025-12-24 15:24:21] 
[Loop #204] Scanning for unread STQ mails...
[2025-12-24 15:24:21] Scan stats => checked:1 matched:0 | skipped: read=0 sender=0 no_stq=1 processed=0
[2025-12-24 15:24:21] No matching unread STQ found. Sleeping 5s...
[2025-12-24 15:24:26] 
[Loop #205] Scanning for unread STQ mails...
[2025-12-24 15:24:26] Scan stats => checked:1 matched:0 | skipped: read=0 sender=0 no_stq=1 processed=0
[2025-12-24 15:24:26] No matching unread STQ found. Sleeping 5s...
[2025-12-24 15:24:31] 
[Loop #206] Scanning for unread STQ mails...
[2025-12-24 15:24:32] Scan stats => checked:1 matched:0 | skipped: read=0 sender=0 no_stq=1 processed=0
[2025-12-24 15:24:32] No matching unread STQ found. Sleeping 5s...
[2025-12-24 15:24:37] 
[Loop #207] Scanning for unread STQ mails...
[2025-12-24 15:24:37] Scan stats => checked:1 matched:0 | skipped: read=0 sender=0 no_stq=1 processed=0
[2025-12-24 15:24:37] No matching unread STQ found. Sleeping 5s...
[2025-12-24 15:24:42] 
[Loop #208] Scanning for unread STQ mails...
[2025-12-24 15:24:42] Scan stats => checked:1 matched:0 | skipped: read=0 sender=0 no_stq=1 processed=0
[2025-12-24 15:24:42] No matching unread STQ found. Sleeping 5s...
[2025-12-24 15:24:47] 
[Loop #209] Scanning for unread STQ mails...
[2025-12-24 15:24:47] Scan stats => checked:1 matched:0 | skipped: read=0 sender=0 no_stq=1 processed=0
[2025-12-24 15:24:47] No matching unread STQ found. Sleeping 5s...
[2025-12-24 15:24:52] 
[Loop #210] Scanning for unread STQ mails...
[2025-12-24 15:24:52] Scan stats => checked:1 matched:0 | skipped: read=0 sender=0 no_stq=1 processed=0
[2025-12-24 15:24:52] No matching unread STQ found. Sleeping 5s...
[2025-12-24 15:24:57] 
[Loop #211] Scanning for unread STQ mails...
[2025-12-24 15:24:57] Scan stats => checked:1 matched:0 | skipped: read=0 sender=0 no_stq=1 processed=0
[2025-12-24 15:24:57] No matching unread STQ found. Sleeping 5s...
[2025-12-24 15:25:02] 
[Loop #212] Scanning for unread STQ mails...
[2025-12-24 15:25:02] Scan stats => checked:1 matched:0 | skipped: read=0 sender=0 no_stq=1 processed=0
[2025-12-24 15:25:02] No matching unread STQ found. Sleeping 5s...
[2025-12-24 15:25:07] 
[Loop #213] Scanning for unread STQ mails...
[2025-12-24 15:25:07] Scan stats => checked:1 matched:0 | skipped: read=0 sender=0 no_stq=1 processed=0
[2025-12-24 15:25:07] No matching unread STQ found. Sleeping 5s...
[2025-12-24 15:25:12] 
[Loop #214] Scanning for unread STQ mails...
[2025-12-24 15:25:12] Scan stats => checked:1 matched:0 | skipped: read=0 sender=0 no_stq=1 processed=0
[2025-12-24 15:25:12] No matching unread STQ found. Sleeping 5s...
[2025-12-24 15:25:17] 
[Loop #215] Scanning for unread STQ mails...
[2025-12-24 15:25:17] Scan stats => checked:1 matched:0 | skipped: read=0 sender=0 no_stq=1 processed=0
[2025-12-24 15:25:17] No matching unread STQ found. Sleeping 5s...
[2025-12-24 15:25:22] 
[Loop #216] Scanning for unread STQ mails...
[2025-12-24 15:25:23] Scan stats => checked:1 matched:0 | skipped: read=0 sender=0 no_stq=1 processed=0
[2025-12-24 15:25:23] No matching unread STQ found. Sleeping 5s...
[2025-12-24 15:25:28] 
[Loop #217] Scanning for unread STQ mails...
[2025-12-24 15:25:28] Scan stats => checked:1 matched:0 | skipped: read=0 sender=0 no_stq=1 processed=0
[2025-12-24 15:25:28] No matching unread STQ found. Sleeping 5s...
[2025-12-24 15:25:33] 
[Loop #218] Scanning for unread STQ mails...
[2025-12-24 15:25:33] Scan stats => checked:1 matched:0 | skipped: read=0 sender=0 no_stq=1 processed=0
[2025-12-24 15:25:33] No matching unread STQ found. Sleeping 5s...
[2025-12-24 15:25:38] 
[Loop #219] Scanning for unread STQ mails...
[2025-12-24 15:25:38] Scan stats => checked:1 matched:0 | skipped: read=0 sender=0 no_stq=1 processed=0
[2025-12-24 15:25:38] No matching unread STQ found. Sleeping 5s...
[2025-12-24 15:25:43] 
[Loop #220] Scanning for unread STQ mails...
[2025-12-24 15:25:43] Scan stats => checked:1 matched:0 | skipped: read=0 sender=0 no_stq=1 processed=0
[2025-12-24 15:25:43] No matching unread STQ found. Sleeping 5s...
[2025-12-24 15:25:48] 
[Loop #221] Scanning for unread STQ mails...
[2025-12-24 15:25:48] Scan stats => checked:1 matched:0 | skipped: read=0 sender=0 no_stq=1 processed=0
[2025-12-24 15:25:48] No matching unread STQ found. Sleeping 5s...
[2025-12-24 15:25:53] 
[Loop #222] Scanning for unread STQ mails...
[2025-12-24 15:25:53] Scan stats => checked:1 matched:0 | skipped: read=0 sender=0 no_stq=1 processed=0
[2025-12-24 15:25:53] No matching unread STQ found. Sleeping 5s...
[2025-12-24 15:25:58] 
[Loop #223] Scanning for unread STQ mails...
[2025-12-24 15:25:58] Scan stats => checked:1 matched:0 | skipped: read=0 sender=0 no_stq=1 processed=0
[2025-12-24 15:25:58] No matching unread STQ found. Sleeping 5s...
[2025-12-24 15:26:03] 
[Loop #224] Scanning for unread STQ mails...
[2025-12-24 15:26:03] Scan stats => checked:1 matched:0 | skipped: read=0 sender=0 no_stq=1 processed=0
[2025-12-24 15:26:03] No matching unread STQ found. Sleeping 5s...
[2025-12-24 15:26:08] 
[Loop #225] Scanning for unread STQ mails...
[2025-12-24 15:26:08] Scan stats => checked:1 matched:0 | skipped: read=0 sender=0 no_stq=1 processed=0
[2025-12-24 15:26:08] No matching unread STQ found. Sleeping 5s...
[2025-12-24 15:26:13] 
[Loop #226] Scanning for unread STQ mails...
[2025-12-24 15:26:14] Scan stats => checked:1 matched:0 | skipped: read=0 sender=0 no_stq=1 processed=0
[2025-12-24 15:26:14] No matching unread STQ found. Sleeping 5s...
[2025-12-24 15:26:19] 
[Loop #227] Scanning for unread STQ mails...
[2025-12-24 15:26:19] Scan stats => checked:1 matched:0 | skipped: read=0 sender=0 no_stq=1 processed=0
[2025-12-24 15:26:19] No matching unread STQ found. Sleeping 5s...
[2025-12-24 15:26:24] 
[Loop #228] Scanning for unread STQ mails...
[2025-12-24 15:26:24] Scan stats => checked:1 matched:0 | skipped: read=0 sender=0 no_stq=1 processed=0
[2025-12-24 15:26:24] No matching unread STQ found. Sleeping 5s...
[2025-12-24 15:26:29] 
[Loop #229] Scanning for unread STQ mails...
[2025-12-24 15:26:29] Scan stats => checked:1 matched:0 | skipped: read=0 sender=0 no_stq=1 processed=0
[2025-12-24 15:26:29] No matching unread STQ found. Sleeping 5s...
[2025-12-24 15:26:34] 
[Loop #230] Scanning for unread STQ mails...
[2025-12-24 15:26:34] Scan stats => checked:1 matched:0 | skipped: read=0 sender=0 no_stq=1 processed=0
[2025-12-24 15:26:34] No matching unread STQ found. Sleeping 5s...
[2025-12-24 15:26:39] 
[Loop #231] Scanning for unread STQ mails...
[2025-12-24 15:26:39] Scan stats => checked:1 matched:0 | skipped: read=0 sender=0 no_stq=1 processed=0
[2025-12-24 15:26:39] No matching unread STQ found. Sleeping 5s...
[2025-12-24 15:26:44] 
[Loop #232] Scanning for unread STQ mails...
[2025-12-24 15:26:44] Scan stats => checked:1 matched:0 | skipped: read=0 sender=0 no_stq=1 processed=0
[2025-12-24 15:26:44] No matching unread STQ found. Sleeping 5s...
[2025-12-24 15:26:49] 
[Loop #233] Scanning for unread STQ mails...
[2025-12-24 15:26:49] Scan stats => checked:1 matched:0 | skipped: read=0 sender=0 no_stq=1 processed=0
[2025-12-24 15:26:49] No matching unread STQ found. Sleeping 5s...
[2025-12-24 15:26:54] 
[Loop #234] Scanning for unread STQ mails...
[2025-12-24 15:26:54] Scan stats => checked:1 matched:0 | skipped: read=0 sender=0 no_stq=1 processed=0
[2025-12-24 15:26:54] No matching unread STQ found. Sleeping 5s...
[2025-12-24 15:26:59] 
[Loop #235] Scanning for unread STQ mails...
[2025-12-24 15:26:59] Scan stats => checked:1 matched:0 | skipped: read=0 sender=0 no_stq=1 processed=0
[2025-12-24 15:26:59] No matching unread STQ found. Sleeping 5s...
[2025-12-24 15:27:04] 
[Loop #236] Scanning for unread STQ mails...
[2025-12-24 15:27:05] Scan stats => checked:1 matched:0 | skipped: read=0 sender=0 no_stq=1 processed=0
[2025-12-24 15:27:05] No matching unread STQ found. Sleeping 5s...
[2025-12-24 15:27:10] 
[Loop #237] Scanning for unread STQ mails...
[2025-12-24 15:27:10] Scan stats => checked:1 matched:0 | skipped: read=0 sender=0 no_stq=1 processed=0
[2025-12-24 15:27:10] No matching unread STQ found. Sleeping 5s...
[2025-12-24 15:27:15] 
[Loop #238] Scanning for unread STQ mails...
[2025-12-24 15:27:15] Scan stats => checked:1 matched:0 | skipped: read=0 sender=0 no_stq=1 processed=0
[2025-12-24 15:27:15] No matching unread STQ found. Sleeping 5s...
[2025-12-24 15:27:20] 
[Loop #239] Scanning for unread STQ mails...
[2025-12-24 15:27:20] Scan stats => checked:1 matched:0 | skipped: read=0 sender=0 no_stq=1 processed=0
[2025-12-24 15:27:20] No matching unread STQ found. Sleeping 5s...
[2025-12-24 15:27:25] 
[Loop #240] Scanning for unread STQ mails...
[2025-12-24 15:27:25] Scan stats => checked:1 matched:0 | skipped: read=0 sender=0 no_stq=1 processed=0
[2025-12-24 15:27:25] No matching unread STQ found. Sleeping 5s...
[2025-12-24 15:27:30] 
[Loop #241] Scanning for unread STQ mails...
[2025-12-24 15:27:30] Scan stats => checked:1 matched:0 | skipped: read=0 sender=0 no_stq=1 processed=0
[2025-12-24 15:27:30] No matching unread STQ found. Sleeping 5s...
[2025-12-24 15:27:35] 
[Loop #242] Scanning for unread STQ mails...
[2025-12-24 15:27:35] Scan stats => checked:1 matched:0 | skipped: read=0 sender=0 no_stq=1 processed=0
[2025-12-24 15:27:35] No matching unread STQ found. Sleeping 5s...
[2025-12-24 15:27:40] 
[Loop #243] Scanning for unread STQ mails...
[2025-12-24 15:27:40] Scan stats => checked:1 matched:0 | skipped: read=0 sender=0 no_stq=1 processed=0
[2025-12-24 15:27:40] No matching unread STQ found. Sleeping 5s...
[2025-12-24 15:27:45] 
[Loop #244] Scanning for unread STQ mails...
[2025-12-24 15:27:45] Scan stats => checked:1 matched:0 | skipped: read=0 sender=0 no_stq=1 processed=0
[2025-12-24 15:27:45] No matching unread STQ found. Sleeping 5s...
[2025-12-24 15:27:50] 
[Loop #245] Scanning for unread STQ mails...
[2025-12-24 15:27:50] Scan stats => checked:1 matched:0 | skipped: read=0 sender=0 no_stq=1 processed=0
[2025-12-24 15:27:51] No matching unread STQ found. Sleeping 5s...
[2025-12-24 15:27:56] 
[Loop #246] Scanning for unread STQ mails...
[2025-12-24 15:27:56] Scan stats => checked:1 matched:0 | skipped: read=0 sender=0 no_stq=1 processed=0
[2025-12-24 15:27:56] No matching unread STQ found. Sleeping 5s...
[2025-12-24 15:28:01] 
[Loop #247] Scanning for unread STQ mails...
[2025-12-24 15:28:01] Scan stats => checked:1 matched:0 | skipped: read=0 sender=0 no_stq=1 processed=0
[2025-12-24 15:28:01] No matching unread STQ found. Sleeping 5s...
[2025-12-24 15:28:06] 
[Loop #248] Scanning for unread STQ mails...
[2025-12-24 15:28:06] Scan stats => checked:1 matched:0 | skipped: read=0 sender=0 no_stq=1 processed=0
[2025-12-24 15:28:06] No matching unread STQ found. Sleeping 5s...
[2025-12-24 15:28:11] 
[Loop #249] Scanning for unread STQ mails...
[2025-12-24 15:28:11] Scan stats => checked:1 matched:0 | skipped: read=0 sender=0 no_stq=1 processed=0
[2025-12-24 15:28:11] No matching unread STQ found. Sleeping 5s...
[2025-12-24 15:28:16] 
[Loop #250] Scanning for unread STQ mails...
[2025-12-24 15:28:16] Scan stats => checked:1 matched:0 | skipped: read=0 sender=0 no_stq=1 processed=0
[2025-12-24 15:28:16] No matching unread STQ found. Sleeping 5s...
[2025-12-24 15:28:21] 
[Loop #251] Scanning for unread STQ mails...
[2025-12-24 15:28:21] Scan stats => checked:1 matched:0 | skipped: read=0 sender=0 no_stq=1 processed=0
[2025-12-24 15:28:21] No matching unread STQ found. Sleeping 5s...
[2025-12-24 15:28:26] 
[Loop #252] Scanning for unread STQ mails...
[2025-12-24 15:28:26] Scan stats => checked:1 matched:0 | skipped: read=0 sender=0 no_stq=1 processed=0
[2025-12-24 15:28:26] No matching unread STQ found. Sleeping 5s...
[2025-12-24 15:28:31] 
[Loop #253] Scanning for unread STQ mails...
[2025-12-24 15:28:31] Scan stats => checked:1 matched:0 | skipped: read=0 sender=0 no_stq=1 processed=0
[2025-12-24 15:28:31] No matching unread STQ found. Sleeping 5s...
[2025-12-24 15:28:36] 
[Loop #254] Scanning for unread STQ mails...
[2025-12-24 15:28:36] Scan stats => checked:1 matched:0 | skipped: read=0 sender=0 no_stq=1 processed=0
[2025-12-24 15:28:36] No matching unread STQ found. Sleeping 5s...
[2025-12-24 15:28:41] 
[Loop #255] Scanning for unread STQ mails...
[2025-12-24 15:28:42] Scan stats => checked:1 matched:0 | skipped: read=0 sender=0 no_stq=1 processed=0
[2025-12-24 15:28:42] No matching unread STQ found. Sleeping 5s...
[2025-12-24 15:28:47] 
[Loop #256] Scanning for unread STQ mails...
[2025-12-24 15:28:47] Scan stats => checked:1 matched:0 | skipped: read=0 sender=0 no_stq=1 processed=0
[2025-12-24 15:28:47] No matching unread STQ found. Sleeping 5s...
[2025-12-24 15:28:52] 
[Loop #257] Scanning for unread STQ mails...
[2025-12-24 15:28:52] Scan stats => checked:1 matched:0 | skipped: read=0 sender=0 no_stq=1 processed=0
[2025-12-24 15:28:52] No matching unread STQ found. Sleeping 5s...
[2025-12-24 15:28:57] 
[Loop #258] Scanning for unread STQ mails...
[2025-12-24 15:28:57] Scan stats => checked:1 matched:0 | skipped: read=0 sender=0 no_stq=1 processed=0
[2025-12-24 15:28:57] No matching unread STQ found. Sleeping 5s...
[2025-12-24 15:29:02] 
[Loop #259] Scanning for unread STQ mails...
[2025-12-24 15:29:02] Scan stats => checked:1 matched:0 | skipped: read=0 sender=0 no_stq=1 processed=0
[2025-12-24 15:29:02] No matching unread STQ found. Sleeping 5s...
[2025-12-24 15:29:07] 
[Loop #260] Scanning for unread STQ mails...
[2025-12-24 15:29:07] Scan stats => checked:1 matched:0 | skipped: read=0 sender=0 no_stq=1 processed=0
[2025-12-24 15:29:07] No matching unread STQ found. Sleeping 5s...
[2025-12-24 15:29:12] 
[Loop #261] Scanning for unread STQ mails...
[2025-12-24 15:29:12] Scan stats => checked:1 matched:0 | skipped: read=0 sender=0 no_stq=1 processed=0
[2025-12-24 15:29:12] No matching unread STQ found. Sleeping 5s...
[2025-12-24 15:29:17] 
[Loop #262] Scanning for unread STQ mails...
[2025-12-24 15:29:17] Scan stats => checked:1 matched:0 | skipped: read=0 sender=0 no_stq=1 processed=0
[2025-12-24 15:29:17] No matching unread STQ found. Sleeping 5s...
[2025-12-24 15:29:22] 
[Loop #263] Scanning for unread STQ mails...
[2025-12-24 15:29:22] Scan stats => checked:1 matched:0 | skipped: read=0 sender=0 no_stq=1 processed=0
[2025-12-24 15:29:22] No matching unread STQ found. Sleeping 5s...
[2025-12-24 15:29:27] 
[Loop #264] Scanning for unread STQ mails...
[2025-12-24 15:29:27] Scan stats => checked:1 matched:0 | skipped: read=0 sender=0 no_stq=1 processed=0
[2025-12-24 15:29:27] No matching unread STQ found. Sleeping 5s...
[2025-12-24 15:29:32] 
[Loop #265] Scanning for unread STQ mails...
[2025-12-24 15:29:33] Scan stats => checked:1 matched:0 | skipped: read=0 sender=0 no_stq=1 processed=0
[2025-12-24 15:29:33] No matching unread STQ found. Sleeping 5s...
[2025-12-24 15:29:38] 
[Loop #266] Scanning for unread STQ mails...
[2025-12-24 15:29:38] Scan stats => checked:1 matched:0 | skipped: read=0 sender=0 no_stq=1 processed=0
[2025-12-24 15:29:38] No matching unread STQ found. Sleeping 5s...
[2025-12-24 15:29:43] 
[Loop #267] Scanning for unread STQ mails...
[2025-12-24 15:29:43] Scan stats => checked:1 matched:0 | skipped: read=0 sender=0 no_stq=1 processed=0
[2025-12-24 15:29:43] No matching unread STQ found. Sleeping 5s...
[2025-12-24 15:29:48] 
[Loop #268] Scanning for unread STQ mails...
[2025-12-24 15:29:48] Scan stats => checked:1 matched:0 | skipped: read=0 sender=0 no_stq=1 processed=0
[2025-12-24 15:29:48] No matching unread STQ found. Sleeping 5s...
[2025-12-24 15:29:53] 
[Loop #269] Scanning for unread STQ mails...
[2025-12-24 15:29:53] Scan stats => checked:1 matched:0 | skipped: read=0 sender=0 no_stq=1 processed=0
[2025-12-24 15:29:53] No matching unread STQ found. Sleeping 5s...
[2025-12-24 15:29:58] 
[Loop #270] Scanning for unread STQ mails...
[2025-12-24 15:29:58] Scan stats => checked:1 matched:0 | skipped: read=0 sender=0 no_stq=1 processed=0
[2025-12-24 15:29:58] No matching unread STQ found. Sleeping 5s...
[2025-12-24 15:30:03] 
[Loop #271] Scanning for unread STQ mails...
[2025-12-24 15:30:03] Scan stats => checked:1 matched:0 | skipped: read=0 sender=0 no_stq=1 processed=0
[2025-12-24 15:30:03] No matching unread STQ found. Sleeping 5s...
[2025-12-24 15:30:08] 
[Loop #272] Scanning for unread STQ mails...
[2025-12-24 15:30:08] Scan stats => checked:1 matched:0 | skipped: read=0 sender=0 no_stq=1 processed=0
[2025-12-24 15:30:08] No matching unread STQ found. Sleeping 5s...
[2025-12-24 15:30:13] 
[Loop #273] Scanning for unread STQ mails...
[2025-12-24 15:30:13] Scan stats => checked:1 matched:0 | skipped: read=0 sender=0 no_stq=1 processed=0
[2025-12-24 15:30:13] No matching unread STQ found. Sleeping 5s...
[2025-12-24 15:30:18] 
[Loop #274] Scanning for unread STQ mails...
[2025-12-24 15:30:19] Scan stats => checked:1 matched:0 | skipped: read=0 sender=0 no_stq=1 processed=0
[2025-12-24 15:30:19] No matching unread STQ found. Sleeping 5s...
[2025-12-24 15:30:24] 
[Loop #275] Scanning for unread STQ mails...
[2025-12-24 15:30:24] Scan stats => checked:1 matched:0 | skipped: read=0 sender=0 no_stq=1 processed=0
[2025-12-24 15:30:24] No matching unread STQ found. Sleeping 5s...
[2025-12-24 15:30:29] 
[Loop #276] Scanning for unread STQ mails...
[2025-12-24 15:30:29] Scan stats => checked:1 matched:0 | skipped: read=0 sender=0 no_stq=1 processed=0
[2025-12-24 15:30:29] No matching unread STQ found. Sleeping 5s...
[2025-12-24 15:30:34] 
[Loop #277] Scanning for unread STQ mails...
[2025-12-24 15:30:34] Scan stats => checked:1 matched:0 | skipped: read=0 sender=0 no_stq=1 processed=0
[2025-12-24 15:30:34] No matching unread STQ found. Sleeping 5s...
[2025-12-24 15:30:39] 
[Loop #278] Scanning for unread STQ mails...
[2025-12-24 15:30:39] Scan stats => checked:1 matched:0 | skipped: read=0 sender=0 no_stq=1 processed=0
[2025-12-24 15:30:39] No matching unread STQ found. Sleeping 5s...
[2025-12-24 15:30:44] 
[Loop #279] Scanning for unread STQ mails...
[2025-12-24 15:30:44] Scan stats => checked:1 matched:0 | skipped: read=0 sender=0 no_stq=1 processed=0
[2025-12-24 15:30:44] No matching unread STQ found. Sleeping 5s...
[2025-12-24 15:30:49] 
[Loop #280] Scanning for unread STQ mails...
[2025-12-24 15:30:49] Scan stats => checked:1 matched:0 | skipped: read=0 sender=0 no_stq=1 processed=0
[2025-12-24 15:30:49] No matching unread STQ found. Sleeping 5s...
[2025-12-24 15:30:54] 
[Loop #281] Scanning for unread STQ mails...
[2025-12-24 15:30:54] Scan stats => checked:1 matched:0 | skipped: read=0 sender=0 no_stq=1 processed=0
[2025-12-24 15:30:54] No matching unread STQ found. Sleeping 5s...
[2025-12-24 15:30:59] 
[Loop #282] Scanning for unread STQ mails...
[2025-12-24 15:30:59] Scan stats => checked:1 matched:0 | skipped: read=0 sender=0 no_stq=1 processed=0
[2025-12-24 15:30:59] No matching unread STQ found. Sleeping 5s...
[2025-12-24 15:31:04] 
[Loop #283] Scanning for unread STQ mails...
[2025-12-24 15:31:04] Scan stats => checked:1 matched:0 | skipped: read=0 sender=0 no_stq=1 processed=0
[2025-12-24 15:31:04] No matching unread STQ found. Sleeping 5s...
[2025-12-24 15:31:09] 
[Loop #284] Scanning for unread STQ mails...
[2025-12-24 15:31:10] Scan stats => checked:1 matched:0 | skipped: read=0 sender=0 no_stq=1 processed=0
[2025-12-24 15:31:10] No matching unread STQ found. Sleeping 5s...
[2025-12-24 15:31:15] 
[Loop #285] Scanning for unread STQ mails...
[2025-12-24 15:31:15] Scan stats => checked:1 matched:0 | skipped: read=0 sender=0 no_stq=1 processed=0
[2025-12-24 15:31:15] No matching unread STQ found. Sleeping 5s...
[2025-12-24 15:31:20] 
[Loop #286] Scanning for unread STQ mails...
[2025-12-24 15:31:20] Scan stats => checked:1 matched:0 | skipped: read=0 sender=0 no_stq=1 processed=0
[2025-12-24 15:31:20] No matching unread STQ found. Sleeping 5s...
[2025-12-24 15:31:25] 
[Loop #287] Scanning for unread STQ mails...
[2025-12-24 15:31:25] Scan stats => checked:1 matched:0 | skipped: read=0 sender=0 no_stq=1 processed=0
[2025-12-24 15:31:25] No matching unread STQ found. Sleeping 5s...
[2025-12-24 15:31:30] 
[Loop #288] Scanning for unread STQ mails...
[2025-12-24 15:31:30] Scan stats => checked:1 matched:0 | skipped: read=0 sender=0 no_stq=1 processed=0
[2025-12-24 15:31:30] No matching unread STQ found. Sleeping 5s...
[2025-12-24 15:31:35] 
[Loop #289] Scanning for unread STQ mails...
[2025-12-24 15:31:35] Scan stats => checked:1 matched:0 | skipped: read=0 sender=0 no_stq=1 processed=0
[2025-12-24 15:31:35] No matching unread STQ found. Sleeping 5s...
[2025-12-24 15:31:40] 
[Loop #290] Scanning for unread STQ mails...
[2025-12-24 15:31:40] Scan stats => checked:1 matched:0 | skipped: read=0 sender=0 no_stq=1 processed=0
[2025-12-24 15:31:40] No matching unread STQ found. Sleeping 5s...
[2025-12-24 15:31:45] 
[Loop #291] Scanning for unread STQ mails...
[2025-12-24 15:31:45] Scan stats => checked:1 matched:0 | skipped: read=0 sender=0 no_stq=1 processed=0
[2025-12-24 15:31:45] No matching unread STQ found. Sleeping 5s...
[2025-12-24 15:31:50] 
[Loop #292] Scanning for unread STQ mails...
[2025-12-24 15:31:50] Scan stats => checked:1 matched:0 | skipped: read=0 sender=0 no_stq=1 processed=0
[2025-12-24 15:31:50] No matching unread STQ found. Sleeping 5s...
[2025-12-24 15:31:55] 
[Loop #293] Scanning for unread STQ mails...
[2025-12-24 15:31:55] Scan stats => checked:1 matched:0 | skipped: read=0 sender=0 no_stq=1 processed=0
[2025-12-24 15:31:55] No matching unread STQ found. Sleeping 5s...
[2025-12-24 15:32:00] 
[Loop #294] Scanning for unread STQ mails...
[2025-12-24 15:32:00] Scan stats => checked:1 matched:0 | skipped: read=0 sender=0 no_stq=1 processed=0
[2025-12-24 15:32:00] No matching unread STQ found. Sleeping 5s...
[2025-12-24 15:32:05] 
[Loop #295] Scanning for unread STQ mails...
[2025-12-24 15:32:06] Scan stats => checked:1 matched:0 | skipped: read=0 sender=0 no_stq=1 processed=0
[2025-12-24 15:32:06] No matching unread STQ found. Sleeping 5s...
[2025-12-24 15:32:11] 
[Loop #296] Scanning for unread STQ mails...
[2025-12-24 15:32:11] Scan stats => checked:1 matched:0 | skipped: read=0 sender=0 no_stq=1 processed=0
[2025-12-24 15:32:11] No matching unread STQ found. Sleeping 5s...
[2025-12-24 15:32:16] 
[Loop #297] Scanning for unread STQ mails...
[2025-12-24 15:32:16] Scan stats => checked:1 matched:0 | skipped: read=0 sender=0 no_stq=1 processed=0
[2025-12-24 15:32:16] No matching unread STQ found. Sleeping 5s...
[2025-12-24 15:32:21] 
[Loop #298] Scanning for unread STQ mails...
[2025-12-24 15:32:21] Scan stats => checked:1 matched:0 | skipped: read=0 sender=0 no_stq=1 processed=0
[2025-12-24 15:32:21] No matching unread STQ found. Sleeping 5s...
[2025-12-24 15:32:26] 
[Loop #299] Scanning for unread STQ mails...
[2025-12-24 15:32:26] Scan stats => checked:1 matched:0 | skipped: read=0 sender=0 no_stq=1 processed=0
[2025-12-24 15:32:26] No matching unread STQ found. Sleeping 5s...
[2025-12-24 15:32:31] 
[Loop #300] Scanning for unread STQ mails...
[2025-12-24 15:32:31] Scan stats => checked:0 matched:0 | skipped: read=0 sender=0 no_stq=0 processed=0
[2025-12-24 15:32:31] No matching unread STQ found. Sleeping 5s...
[2025-12-24 15:32:36] 
[Loop #301] Scanning for unread STQ mails...
[2025-12-24 15:32:36] Scan stats => checked:0 matched:0 | skipped: read=0 sender=0 no_stq=0 processed=0
[2025-12-24 15:32:36] No matching unread STQ found. Sleeping 5s...
[2025-12-24 15:32:41] 
[Loop #302] Scanning for unread STQ mails...
[2025-12-24 15:32:41] Scan stats => checked:0 matched:0 | skipped: read=0 sender=0 no_stq=0 processed=0
[2025-12-24 15:32:41] No matching unread STQ found. Sleeping 5s...
[2025-12-24 15:32:46] 
[Loop #303] Scanning for unread STQ mails...
[2025-12-24 15:32:46] Scan stats => checked:0 matched:0 | skipped: read=0 sender=0 no_stq=0 processed=0
[2025-12-24 15:32:46] No matching unread STQ found. Sleeping 5s...
