[2025-12-12 11:57:11] === Proyapi TRN Internal Distributor started ===
[2025-12-12 11:57:11] Watching: spp2dcc@kolin.com.tr / Inbox\From Proyapi | Sender filter: dccspp2@proyapimusavirlik.com
[2025-12-12 11:57:11] Mode: display | Poll: 10s | Lookback: 3d
[2025-12-12 11:57:11] Dynamic OFT dir: C:\Users\husey\OneDrive\Desktop\SPP2-OFT | Signature: AUTO (newest)
[2025-12-12 11:57:11] Filter: ONLY UNREAD mails. Processed mail will be marked as READ.
[2025-12-12 11:57:22] DEBUG => UnRead=True | Sender=dccspp2@proyapimusavirlik.com | Subject=SPP2-PRO-KLN-TRN-0524
[2025-12-12 11:57:22] Scan stats => checked:1 matched:1 (Unread-only)
[2025-12-12 11:57:22] FOUND => SPP2-PRO-KLN-TRN-0524 | PDFs=1
[2025-12-12 11:57:37] 👀 Displayed for SPP2-PRO-KLN-TRN-0524 | PDFs=1
[2025-12-12 11:57:37] ✅ DONE => SPP2-PRO-KLN-TRN-0524 (incoming marked READ)
[2025-12-12 11:57:47] Scan stats => checked:0 matched:0 (Unread-only)
[2025-12-12 11:57:47] No matching unread TRN found. Sleeping 10s...
[2025-12-12 11:57:57] Scan stats => checked:0 matched:0 (Unread-only)
[2025-12-12 11:57:57] No matching unread TRN found. Sleeping 10s...
[2025-12-12 11:58:07] Scan stats => checked:0 matched:0 (Unread-only)
[2025-12-12 11:58:07] No matching unread TRN found. Sleeping 10s...
[2025-12-12 11:58:17] Scan stats => checked:0 matched:0 (Unread-only)
[2025-12-12 11:58:17] No matching unread TRN found. Sleeping 10s...
[2025-12-12 11:58:27] Scan stats => checked:0 matched:0 (Unread-only)
[2025-12-12 11:58:27] No matching unread TRN found. Sleeping 10s...
[2025-12-12 11:58:37] Scan stats => checked:0 matched:0 (Unread-only)
[2025-12-12 11:58:37] No matching unread TRN found. Sleeping 10s...
[2025-12-12 11:58:47] Scan stats => checked:0 matched:0 (Unread-only)
[2025-12-12 11:58:47] No matching unread TRN found. Sleeping 10s...
[2025-12-12 11:58:57] Scan stats => checked:0 matched:0 (Unread-only)
[2025-12-12 11:58:57] No matching unread TRN found. Sleeping 10s...
[2025-12-12 11:59:07] Scan stats => checked:0 matched:0 (Unread-only)
[2025-12-12 11:59:07] No matching unread TRN found. Sleeping 10s...
[2025-12-12 11:59:17] Scan stats => checked:0 matched:0 (Unread-only)
[2025-12-12 11:59:17] No matching unread TRN found. Sleeping 10s...
[2025-12-12 11:59:27] Scan stats => checked:0 matched:0 (Unread-only)
[2025-12-12 11:59:27] No matching unread TRN found. Sleeping 10s...
[2025-12-12 11:59:37] Scan stats => checked:0 matched:0 (Unread-only)
[2025-12-12 11:59:37] No matching unread TRN found. Sleeping 10s...
[2025-12-12 11:59:47] Scan stats => checked:0 matched:0 (Unread-only)
[2025-12-12 11:59:47] No matching unread TRN found. Sleeping 10s...
[2025-12-12 11:59:58] Scan stats => checked:0 matched:0 (Unread-only)
[2025-12-12 11:59:58] No matching unread TRN found. Sleeping 10s...
[2025-12-12 12:00:08] Scan stats => checked:0 matched:0 (Unread-only)
[2025-12-12 12:00:08] No matching unread TRN found. Sleeping 10s...
[2025-12-12 12:00:18] Scan stats => checked:0 matched:0 (Unread-only)
[2025-12-12 12:00:18] No matching unread TRN found. Sleeping 10s...
[2025-12-12 12:00:28] Scan stats => checked:0 matched:0 (Unread-only)
[2025-12-12 12:00:28] No matching unread TRN found. Sleeping 10s...
[2025-12-12 12:00:38] Scan stats => checked:0 matched:0 (Unread-only)
[2025-12-12 12:00:38] No matching unread TRN found. Sleeping 10s...
[2025-12-12 12:00:48] Scan stats => checked:0 matched:0 (Unread-only)
[2025-12-12 12:00:48] No matching unread TRN found. Sleeping 10s...
[2025-12-12 12:00:58] Scan stats => checked:0 matched:0 (Unread-only)
[2025-12-12 12:00:58] No matching unread TRN found. Sleeping 10s...
[2025-12-12 12:01:08] Scan stats => checked:0 matched:0 (Unread-only)
[2025-12-12 12:01:08] No matching unread TRN found. Sleeping 10s...
[2025-12-12 12:01:18] Scan stats => checked:0 matched:0 (Unread-only)
[2025-12-12 12:01:18] No matching unread TRN found. Sleeping 10s...
[2025-12-12 12:01:28] Scan stats => checked:0 matched:0 (Unread-only)
[2025-12-12 12:01:28] No matching unread TRN found. Sleeping 10s...
[2025-12-12 12:01:38] Scan stats => checked:0 matched:0 (Unread-only)
[2025-12-12 12:01:38] No matching unread TRN found. Sleeping 10s...
[2025-12-12 12:01:48] Scan stats => checked:0 matched:0 (Unread-only)
[2025-12-12 12:01:48] No matching unread TRN found. Sleeping 10s...
[2025-12-12 12:01:58] Scan stats => checked:0 matched:0 (Unread-only)
[2025-12-12 12:01:58] No matching unread TRN found. Sleeping 10s...
[2025-12-12 12:02:08] Scan stats => checked:0 matched:0 (Unread-only)
[2025-12-12 12:02:08] No matching unread TRN found. Sleeping 10s...
[2025-12-12 12:02:18] Scan stats => checked:0 matched:0 (Unread-only)
[2025-12-12 12:02:18] No matching unread TRN found. Sleeping 10s...
[2025-12-12 12:02:28] Scan stats => checked:0 matched:0 (Unread-only)
[2025-12-12 12:02:28] No matching unread TRN found. Sleeping 10s...
[2025-12-12 12:02:38] Scan stats => checked:0 matched:0 (Unread-only)
[2025-12-12 12:02:38] No matching unread TRN found. Sleeping 10s...
[2025-12-12 12:02:48] Scan stats => checked:0 matched:0 (Unread-only)
[2025-12-12 12:02:48] No matching unread TRN found. Sleeping 10s...
[2025-12-12 12:02:58] Scan stats => checked:0 matched:0 (Unread-only)
[2025-12-12 12:02:58] No matching unread TRN found. Sleeping 10s...
[2025-12-12 12:03:08] Scan stats => checked:0 matched:0 (Unread-only)
[2025-12-12 12:03:08] No matching unread TRN found. Sleeping 10s...
[2025-12-12 12:03:18] Scan stats => checked:0 matched:0 (Unread-only)
[2025-12-12 12:03:18] No matching unread TRN found. Sleeping 10s...
[2025-12-12 12:03:28] Scan stats => checked:0 matched:0 (Unread-only)
[2025-12-12 12:03:28] No matching unread TRN found. Sleeping 10s...
[2025-12-12 12:03:38] Scan stats => checked:0 matched:0 (Unread-only)
[2025-12-12 12:03:38] No matching unread TRN found. Sleeping 10s...
[2025-12-12 12:03:48] Scan stats => checked:0 matched:0 (Unread-only)
[2025-12-12 12:03:48] No matching unread TRN found. Sleeping 10s...
[2025-12-12 12:03:57] === Proyapi TRN Internal Distributor started ===
[2025-12-12 12:03:57] Watching: spp2dcc@kolin.com.tr / Inbox\From Proyapi
[2025-12-12 12:03:57] Sender filter: dccspp2@proyapimusavirlik.com
[2025-12-12 12:03:57] Mode: display | Poll: 10s | Lookback: 7d | MaxScan:200
[2025-12-12 12:03:57] Signature mode: oft | OFT exists: True | Display modal: False
[2025-12-12 12:03:57] Filter: ONLY UNREAD mails. Processed mail will be marked READ.
[2025-12-12 12:03:57] Scan stats => checked:0 matched:0 (Unread-only)
[2025-12-12 12:03:57] No matching unread TRN found. Sleeping 10s...
[2025-12-12 12:04:07] Scan stats => checked:1 matched:0 (Unread-only)
[2025-12-12 12:04:07] No matching unread TRN found. Sleeping 10s...
[2025-12-12 12:04:17] Scan stats => checked:1 matched:0 (Unread-only)
[2025-12-12 12:04:17] No matching unread TRN found. Sleeping 10s...
[2025-12-12 12:04:22] === Proyapi TRN Internal Distributor started ===
[2025-12-12 12:04:22] Watching: spp2dcc@kolin.com.tr / Inbox\From Proyapi
[2025-12-12 12:04:22] Sender filter: dccspp2@proyapimusavirlik.com
[2025-12-12 12:04:22] Mode: display | Poll: 10s | Lookback: 7d | MaxScan:200
[2025-12-12 12:04:22] Signature mode: oft | OFT exists: True | Display modal: False
[2025-12-12 12:04:22] Filter: ONLY UNREAD mails. Processed mail will be marked READ.
[2025-12-12 12:04:22] Scan stats => checked:1 matched:0 (Unread-only)
[2025-12-12 12:04:22] No matching unread TRN found. Sleeping 10s...
[2025-12-12 12:04:32] Scan stats => checked:1 matched:0 (Unread-only)
[2025-12-12 12:04:32] No matching unread TRN found. Sleeping 10s...
[2025-12-12 12:04:42] Loop error: (-2147023174, 'The RPC server is unavailable.', None, None)
[2025-12-12 12:04:42] Traceback (most recent call last):
  File "C:\Users\husey\OneDrive\Desktop\Development\Work_Automation\test_1.py", line 519, in main
    payloads = scan_unread_trn_mails(folder, processed_ids)
  File "C:\Users\husey\OneDrive\Desktop\Development\Work_Automation\test_1.py", line 415, in scan_unread_trn_mails
    items = folder.Items
            ^^^^^^^^^^^^
  File "C:\Users\husey\OneDrive\Desktop\Development\Work_Automation\.venv\Lib\site-packages\win32com\client\dynamic.py", line 620, in __getattr__
    ret = self._oleobj_.Invoke(retEntry.dispid, 0, invoke_type, 1)
pywintypes.com_error: (-2147023174, 'The RPC server is unavailable.', None, None)

[2025-12-12 12:04:52] Loop error: (-2147023174, 'The RPC server is unavailable.', None, None)
[2025-12-12 12:04:52] Traceback (most recent call last):
  File "C:\Users\husey\OneDrive\Desktop\Development\Work_Automation\test_1.py", line 519, in main
    payloads = scan_unread_trn_mails(folder, processed_ids)
  File "C:\Users\husey\OneDrive\Desktop\Development\Work_Automation\test_1.py", line 415, in scan_unread_trn_mails
    items = folder.Items
            ^^^^^^^^^^^^
  File "C:\Users\husey\OneDrive\Desktop\Development\Work_Automation\.venv\Lib\site-packages\win32com\client\dynamic.py", line 620, in __getattr__
    ret = self._oleobj_.Invoke(retEntry.dispid, 0, invoke_type, 1)
pywintypes.com_error: (-2147023174, 'The RPC server is unavailable.', None, None)

[2025-12-12 12:05:00] === Proyapi TRN Internal Distributor started ===
[2025-12-12 12:05:00] Watching: spp2dcc@kolin.com.tr / Inbox\From Proyapi
[2025-12-12 12:05:00] Sender filter: dccspp2@proyapimusavirlik.com
[2025-12-12 12:05:00] Mode: display | Poll: 10s | Lookback: 7d | MaxScan:200
[2025-12-12 12:05:00] Signature mode: oft | OFT exists: True | Display modal: False
[2025-12-12 12:05:00] Filter: ONLY UNREAD mails. Processed mail will be marked READ.
[2025-12-12 12:05:00] Scan stats => checked:1 matched:0 (Unread-only)
[2025-12-12 12:05:00] No matching unread TRN found. Sleeping 10s...
[2025-12-12 12:05:10] Scan stats => checked:1 matched:0 (Unread-only)
[2025-12-12 12:05:10] No matching unread TRN found. Sleeping 10s...
[2025-12-12 12:05:20] Scan stats => checked:1 matched:0 (Unread-only)
[2025-12-12 12:05:20] No matching unread TRN found. Sleeping 10s...
[2025-12-12 12:05:30] Scan stats => checked:1 matched:0 (Unread-only)
[2025-12-12 12:05:30] No matching unread TRN found. Sleeping 10s...
[2025-12-12 12:05:40] Scan stats => checked:1 matched:0 (Unread-only)
[2025-12-12 12:05:40] No matching unread TRN found. Sleeping 10s...
[2025-12-12 12:05:50] Scan stats => checked:1 matched:0 (Unread-only)
[2025-12-12 12:05:50] No matching unread TRN found. Sleeping 10s...
[2025-12-12 12:06:00] Scan stats => checked:1 matched:0 (Unread-only)
[2025-12-12 12:06:00] No matching unread TRN found. Sleeping 10s...
[2025-12-12 12:06:10] Scan stats => checked:1 matched:0 (Unread-only)
[2025-12-12 12:06:10] No matching unread TRN found. Sleeping 10s...
[2025-12-12 12:06:20] Scan stats => checked:1 matched:0 (Unread-only)
[2025-12-12 12:06:20] No matching unread TRN found. Sleeping 10s...
[2025-12-12 12:06:30] Scan stats => checked:1 matched:0 (Unread-only)
[2025-12-12 12:06:30] No matching unread TRN found. Sleeping 10s...
[2025-12-12 12:06:40] Scan stats => checked:1 matched:0 (Unread-only)
[2025-12-12 12:06:40] No matching unread TRN found. Sleeping 10s...
[2025-12-12 12:06:50] Scan stats => checked:1 matched:0 (Unread-only)
[2025-12-12 12:06:50] No matching unread TRN found. Sleeping 10s...
[2025-12-12 12:07:00] Scan stats => checked:1 matched:0 (Unread-only)
[2025-12-12 12:07:00] No matching unread TRN found. Sleeping 10s...
[2025-12-12 12:07:10] Scan stats => checked:1 matched:0 (Unread-only)
[2025-12-12 12:07:10] No matching unread TRN found. Sleeping 10s...
[2025-12-12 12:07:20] Scan stats => checked:1 matched:0 (Unread-only)
[2025-12-12 12:07:20] No matching unread TRN found. Sleeping 10s...
[2025-12-12 12:07:30] Scan stats => checked:1 matched:0 (Unread-only)
[2025-12-12 12:07:30] No matching unread TRN found. Sleeping 10s...
[2025-12-12 12:07:40] Scan stats => checked:1 matched:0 (Unread-only)
[2025-12-12 12:07:40] No matching unread TRN found. Sleeping 10s...
[2025-12-12 12:07:50] Scan stats => checked:1 matched:0 (Unread-only)
[2025-12-12 12:07:50] No matching unread TRN found. Sleeping 10s...
[2025-12-12 12:08:00] Scan stats => checked:1 matched:0 (Unread-only)
[2025-12-12 12:08:00] No matching unread TRN found. Sleeping 10s...
[2025-12-12 12:08:10] Scan stats => checked:1 matched:0 (Unread-only)
[2025-12-12 12:08:10] No matching unread TRN found. Sleeping 10s...
[2025-12-12 12:08:21] Scan stats => checked:1 matched:0 (Unread-only)
[2025-12-12 12:08:21] No matching unread TRN found. Sleeping 10s...
[2025-12-12 12:08:31] Scan stats => checked:1 matched:0 (Unread-only)
[2025-12-12 12:08:31] No matching unread TRN found. Sleeping 10s...
[2025-12-12 12:08:41] Scan stats => checked:1 matched:0 (Unread-only)
[2025-12-12 12:08:41] No matching unread TRN found. Sleeping 10s...
[2025-12-12 12:08:51] Scan stats => checked:1 matched:0 (Unread-only)
[2025-12-12 12:08:51] No matching unread TRN found. Sleeping 10s...
[2025-12-12 12:09:01] Scan stats => checked:1 matched:0 (Unread-only)
[2025-12-12 12:09:01] No matching unread TRN found. Sleeping 10s...
[2025-12-12 12:09:11] Scan stats => checked:1 matched:0 (Unread-only)
[2025-12-12 12:09:11] No matching unread TRN found. Sleeping 10s...
[2025-12-12 12:09:21] Scan stats => checked:1 matched:0 (Unread-only)
[2025-12-12 12:09:21] No matching unread TRN found. Sleeping 10s...
[2025-12-12 12:09:31] Scan stats => checked:1 matched:0 (Unread-only)
[2025-12-12 12:09:31] No matching unread TRN found. Sleeping 10s...
[2025-12-12 12:09:41] Scan stats => checked:1 matched:0 (Unread-only)
[2025-12-12 12:09:41] No matching unread TRN found. Sleeping 10s...
[2025-12-12 12:09:51] Scan stats => checked:1 matched:0 (Unread-only)
[2025-12-12 12:09:51] No matching unread TRN found. Sleeping 10s...
[2025-12-12 12:10:01] Scan stats => checked:1 matched:0 (Unread-only)
[2025-12-12 12:10:01] No matching unread TRN found. Sleeping 10s...
[2025-12-12 12:10:11] Scan stats => checked:1 matched:0 (Unread-only)
[2025-12-12 12:10:11] No matching unread TRN found. Sleeping 10s...
[2025-12-12 12:10:21] Scan stats => checked:1 matched:0 (Unread-only)
[2025-12-12 12:10:21] No matching unread TRN found. Sleeping 10s...
[2025-12-12 12:10:31] Scan stats => checked:1 matched:0 (Unread-only)
[2025-12-12 12:10:31] No matching unread TRN found. Sleeping 10s...
[2025-12-12 12:10:41] Scan stats => checked:1 matched:0 (Unread-only)
[2025-12-12 12:10:41] No matching unread TRN found. Sleeping 10s...
[2025-12-12 12:10:51] Scan stats => checked:1 matched:0 (Unread-only)
[2025-12-12 12:10:51] No matching unread TRN found. Sleeping 10s...
[2025-12-12 12:11:01] Scan stats => checked:1 matched:0 (Unread-only)
[2025-12-12 12:11:01] No matching unread TRN found. Sleeping 10s...
[2025-12-12 12:11:37] === Proyapi TRN Internal Distributor started ===
[2025-12-12 12:11:37] Watching: spp2dcc@kolin.com.tr / Inbox\From Proyapi
[2025-12-12 12:11:37] Sender filter: chuseyn@kolin.com.tr
[2025-12-12 12:11:37] Mode: display | Poll: 10s | Lookback: 7d | MaxScan:200
[2025-12-12 12:11:37] Signature mode: oft | OFT exists: True | Display modal: False
[2025-12-12 12:11:37] Filter: ONLY UNREAD mails. Processed mail will be marked READ.
[2025-12-12 12:11:37] Scan stats => checked:1 matched:0 (Unread-only)
[2025-12-12 12:11:37] No matching unread TRN found. Sleeping 10s...
[2025-12-12 12:11:47] Scan stats => checked:1 matched:0 (Unread-only)
[2025-12-12 12:11:47] No matching unread TRN found. Sleeping 10s...
[2025-12-12 12:11:57] Scan stats => checked:1 matched:0 (Unread-only)
[2025-12-12 12:11:57] No matching unread TRN found. Sleeping 10s...
[2025-12-12 12:12:07] Scan stats => checked:1 matched:0 (Unread-only)
[2025-12-12 12:12:07] No matching unread TRN found. Sleeping 10s...
[2025-12-12 12:12:17] Scan stats => checked:1 matched:0 (Unread-only)
[2025-12-12 12:12:17] No matching unread TRN found. Sleeping 10s...
[2025-12-12 12:12:27] Scan stats => checked:1 matched:0 (Unread-only)
[2025-12-12 12:12:27] No matching unread TRN found. Sleeping 10s...
[2025-12-12 12:12:37] Scan stats => checked:1 matched:0 (Unread-only)
[2025-12-12 12:12:37] No matching unread TRN found. Sleeping 10s...
[2025-12-12 12:12:47] Scan stats => checked:1 matched:0 (Unread-only)
[2025-12-12 12:12:47] No matching unread TRN found. Sleeping 10s...
[2025-12-12 12:13:00] DEBUG => UnRead=True | Sender=chuseyn@kolin.com.tr | Subject=SPP2-PRO-KLN-TRN-0525
[2025-12-12 12:13:00] Scan stats => checked:1 matched:1 (Unread-only)
[2025-12-12 12:13:00] FOUND => SPP2-PRO-KLN-TRN-0525 | PDFs=1
[2025-12-12 12:13:00] 👀 Displayed: SPP2-PRO-KLN-TRN-0525 | PDFs=1 (modal=False)
[2025-12-12 12:13:00] ✅ DONE => SPP2-PRO-KLN-TRN-0525 (incoming marked READ)
[2025-12-12 12:13:10] Scan stats => checked:0 matched:0 (Unread-only)
[2025-12-12 12:13:10] No matching unread TRN found. Sleeping 10s...
[2025-12-12 12:13:20] Scan stats => checked:0 matched:0 (Unread-only)
[2025-12-12 12:13:20] No matching unread TRN found. Sleeping 10s...
[2025-12-12 12:13:30] Scan stats => checked:0 matched:0 (Unread-only)
[2025-12-12 12:13:30] No matching unread TRN found. Sleeping 10s...
[2025-12-12 12:13:40] Scan stats => checked:0 matched:0 (Unread-only)
[2025-12-12 12:13:40] No matching unread TRN found. Sleeping 10s...
[2025-12-12 12:13:50] Scan stats => checked:0 matched:0 (Unread-only)
[2025-12-12 12:13:50] No matching unread TRN found. Sleeping 10s...
[2025-12-12 12:14:00] Scan stats => checked:0 matched:0 (Unread-only)
[2025-12-12 12:14:00] No matching unread TRN found. Sleeping 10s...
[2025-12-12 12:14:10] Scan stats => checked:0 matched:0 (Unread-only)
[2025-12-12 12:14:10] No matching unread TRN found. Sleeping 10s...
[2025-12-12 12:14:23] DEBUG => UnRead=True | Sender=chuseyn@kolin.com.tr | Subject=SPP2-PRO-KLN-TRN-0525
[2025-12-12 12:14:23] Scan stats => checked:1 matched:1 (Unread-only)
[2025-12-12 12:14:23] FOUND => SPP2-PRO-KLN-TRN-0525 | PDFs=1
[2025-12-12 12:14:23] 👀 Displayed: SPP2-PRO-KLN-TRN-0525 | PDFs=1 (modal=False)
[2025-12-12 12:14:23] ✅ DONE => SPP2-PRO-KLN-TRN-0525 (incoming marked READ)
[2025-12-12 12:14:32] === Proyapi TRN Internal Distributor started ===
[2025-12-12 12:14:32] Watching: spp2dcc@kolin.com.tr / Inbox\From Proyapi
[2025-12-12 12:14:32] Sender filter: chuseyn@kolin.com.tr
[2025-12-12 12:14:32] Mode: send | Poll: 10s | Lookback: 7d | MaxScan:200
[2025-12-12 12:14:32] Signature mode: oft | OFT exists: True | Display modal: False
[2025-12-12 12:14:32] Filter: ONLY UNREAD mails. Processed mail will be marked READ.
[2025-12-12 12:14:32] Scan stats => checked:0 matched:0 (Unread-only)
[2025-12-12 12:14:32] No matching unread TRN found. Sleeping 10s...
[2025-12-12 12:14:42] Scan stats => checked:0 matched:0 (Unread-only)
[2025-12-12 12:14:42] No matching unread TRN found. Sleeping 10s...
[2025-12-12 12:14:52] Scan stats => checked:0 matched:0 (Unread-only)
[2025-12-12 12:14:52] No matching unread TRN found. Sleeping 10s...
[2025-12-12 12:15:02] Scan stats => checked:0 matched:0 (Unread-only)
[2025-12-12 12:15:02] No matching unread TRN found. Sleeping 10s...
[2025-12-12 12:15:12] DEBUG => UnRead=True | Sender=chuseyn@kolin.com.tr | Subject=SPP2-PRO-KLN-TRN-0525
[2025-12-12 12:15:12] Scan stats => checked:1 matched:1 (Unread-only)
[2025-12-12 12:15:12] FOUND => SPP2-PRO-KLN-TRN-0525 | PDFs=1
[2025-12-12 12:15:19] ✅ Sent internal mail: SPP2-PRO-KLN-TRN-0525 | PDFs=1
[2025-12-12 12:15:19] ✅ DONE => SPP2-PRO-KLN-TRN-0525 (incoming marked READ)
[2025-12-12 12:15:29] Scan stats => checked:0 matched:0 (Unread-only)
[2025-12-12 12:15:29] No matching unread TRN found. Sleeping 10s...
[2025-12-12 12:15:39] Scan stats => checked:0 matched:0 (Unread-only)
[2025-12-12 12:15:39] No matching unread TRN found. Sleeping 10s...
[2025-12-12 12:15:49] Scan stats => checked:0 matched:0 (Unread-only)
[2025-12-12 12:15:49] No matching unread TRN found. Sleeping 10s...
[2025-12-12 12:15:59] Scan stats => checked:0 matched:0 (Unread-only)
[2025-12-12 12:15:59] No matching unread TRN found. Sleeping 10s...
[2025-12-12 12:16:09] Scan stats => checked:0 matched:0 (Unread-only)
[2025-12-12 12:16:09] No matching unread TRN found. Sleeping 10s...
[2025-12-12 12:16:15] === Proyapi TRN Internal Distributor started ===
[2025-12-12 12:16:15] Watching: spp2dcc@kolin.com.tr / Inbox\From Proyapi
[2025-12-12 12:16:15] Sender filter: chuseyn@kolin.com.tr
[2025-12-12 12:16:15] Mode: display | Poll: 10s | Lookback: 7d | MaxScan:200
[2025-12-12 12:16:15] Signature mode: oft | OFT exists: True | Display modal: False
[2025-12-12 12:16:15] Filter: ONLY UNREAD mails. Processed mail will be marked READ.
[2025-12-12 12:16:15] Scan stats => checked:0 matched:0 (Unread-only)
[2025-12-12 12:16:15] No matching unread TRN found. Sleeping 10s...
[2025-12-12 12:16:25] Scan stats => checked:0 matched:0 (Unread-only)
[2025-12-12 12:16:25] No matching unread TRN found. Sleeping 10s...
[2025-12-12 12:16:35] Scan stats => checked:0 matched:0 (Unread-only)
[2025-12-12 12:16:35] No matching unread TRN found. Sleeping 10s...
[2025-12-12 12:16:45] Scan stats => checked:0 matched:0 (Unread-only)
[2025-12-12 12:16:45] No matching unread TRN found. Sleeping 10s...
[2025-12-12 12:16:55] Scan stats => checked:0 matched:0 (Unread-only)
[2025-12-12 12:16:55] No matching unread TRN found. Sleeping 10s...
[2025-12-12 12:17:05] Scan stats => checked:0 matched:0 (Unread-only)
[2025-12-12 12:17:05] No matching unread TRN found. Sleeping 10s...
[2025-12-12 12:17:15] Scan stats => checked:0 matched:0 (Unread-only)
[2025-12-12 12:17:15] No matching unread TRN found. Sleeping 10s...
[2025-12-12 12:17:25] Scan stats => checked:0 matched:0 (Unread-only)
[2025-12-12 12:17:25] No matching unread TRN found. Sleeping 10s...
[2025-12-12 12:17:35] Scan stats => checked:0 matched:0 (Unread-only)
[2025-12-12 12:17:35] No matching unread TRN found. Sleeping 10s...
[2025-12-12 12:17:45] Scan stats => checked:0 matched:0 (Unread-only)
[2025-12-12 12:17:45] No matching unread TRN found. Sleeping 10s...
[2025-12-12 12:17:55] Scan stats => checked:0 matched:0 (Unread-only)
[2025-12-12 12:17:55] No matching unread TRN found. Sleeping 10s...
[2025-12-12 12:18:05] Scan stats => checked:0 matched:0 (Unread-only)
[2025-12-12 12:18:05] No matching unread TRN found. Sleeping 10s...
[2025-12-12 12:18:15] Scan stats => checked:0 matched:0 (Unread-only)
[2025-12-12 12:18:15] No matching unread TRN found. Sleeping 10s...
[2025-12-12 12:18:25] Scan stats => checked:0 matched:0 (Unread-only)
[2025-12-12 12:18:25] No matching unread TRN found. Sleeping 10s...
[2025-12-12 12:18:35] Scan stats => checked:0 matched:0 (Unread-only)
[2025-12-12 12:18:35] No matching unread TRN found. Sleeping 10s...
[2025-12-12 12:18:45] Scan stats => checked:0 matched:0 (Unread-only)
[2025-12-12 12:18:45] No matching unread TRN found. Sleeping 10s...
[2025-12-12 12:18:55] Scan stats => checked:0 matched:0 (Unread-only)
[2025-12-12 12:18:55] No matching unread TRN found. Sleeping 10s...
[2025-12-12 12:19:05] Scan stats => checked:0 matched:0 (Unread-only)
[2025-12-12 12:19:05] No matching unread TRN found. Sleeping 10s...
[2025-12-12 12:19:15] Scan stats => checked:0 matched:0 (Unread-only)
[2025-12-12 12:19:15] No matching unread TRN found. Sleeping 10s...
[2025-12-12 12:19:28] DEBUG => UnRead=True | Sender=spp2dcc@kolin.com.tr | Subject=SPP2-PRO-KLN-TRN-0525
[2025-12-12 12:19:28] Scan stats => checked:1 matched:0 (Unread-only)
[2025-12-12 12:19:28] No matching unread TRN found. Sleeping 10s...
[2025-12-12 12:19:38] DEBUG => UnRead=True | Sender=spp2dcc@kolin.com.tr | Subject=SPP2-PRO-KLN-TRN-0525
[2025-12-12 12:19:38] Scan stats => checked:1 matched:0 (Unread-only)
[2025-12-12 12:19:38] No matching unread TRN found. Sleeping 10s...
[2025-12-12 12:19:48] DEBUG => UnRead=True | Sender=spp2dcc@kolin.com.tr | Subject=SPP2-PRO-KLN-TRN-0525
[2025-12-12 12:19:48] Scan stats => checked:1 matched:0 (Unread-only)
[2025-12-12 12:19:48] No matching unread TRN found. Sleeping 10s...
[2025-12-12 12:19:58] Scan stats => checked:0 matched:0 (Unread-only)
[2025-12-12 12:19:58] No matching unread TRN found. Sleeping 10s...
[2025-12-12 12:20:08] Scan stats => checked:0 matched:0 (Unread-only)
[2025-12-12 12:20:08] No matching unread TRN found. Sleeping 10s...
[2025-12-12 12:20:18] Scan stats => checked:0 matched:0 (Unread-only)
[2025-12-12 12:20:18] No matching unread TRN found. Sleeping 10s...
[2025-12-12 12:20:28] Scan stats => checked:0 matched:0 (Unread-only)
[2025-12-12 12:20:28] No matching unread TRN found. Sleeping 10s...
[2025-12-12 12:20:38] Scan stats => checked:0 matched:0 (Unread-only)
[2025-12-12 12:20:38] No matching unread TRN found. Sleeping 10s...
[2025-12-12 12:20:48] Scan stats => checked:0 matched:0 (Unread-only)
[2025-12-12 12:20:48] No matching unread TRN found. Sleeping 10s...
[2025-12-12 12:20:58] Scan stats => checked:0 matched:0 (Unread-only)
[2025-12-12 12:20:58] No matching unread TRN found. Sleeping 10s...
[2025-12-12 12:21:08] Scan stats => checked:0 matched:0 (Unread-only)
[2025-12-12 12:21:08] No matching unread TRN found. Sleeping 10s...
[2025-12-12 12:21:18] Scan stats => checked:0 matched:0 (Unread-only)
[2025-12-12 12:21:18] No matching unread TRN found. Sleeping 10s...
[2025-12-12 12:21:28] Scan stats => checked:0 matched:0 (Unread-only)
[2025-12-12 12:21:28] No matching unread TRN found. Sleeping 10s...
[2025-12-12 12:21:38] Scan stats => checked:0 matched:0 (Unread-only)
[2025-12-12 12:21:38] No matching unread TRN found. Sleeping 10s...
[2025-12-12 12:21:51] DEBUG => UnRead=True | Sender=chuseyn@kolin.com.tr | Subject=SPP2-PRO-KLN-TRN-0525
[2025-12-12 12:21:51] Scan stats => checked:1 matched:1 (Unread-only)
[2025-12-12 12:21:51] FOUND => SPP2-PRO-KLN-TRN-0525 | PDFs=1
[2025-12-12 12:21:51] 👀 Displayed: SPP2-PRO-KLN-TRN-0525 | PDFs=1 (modal=False)
[2025-12-12 12:21:51] ✅ DONE => SPP2-PRO-KLN-TRN-0525 (incoming marked READ)
[2025-12-12 12:22:01] Scan stats => checked:0 matched:0 (Unread-only)
[2025-12-12 12:22:01] No matching unread TRN found. Sleeping 10s...
[2025-12-12 12:22:11] Scan stats => checked:0 matched:0 (Unread-only)
[2025-12-12 12:22:11] No matching unread TRN found. Sleeping 10s...
[2025-12-12 12:22:21] Scan stats => checked:0 matched:0 (Unread-only)
[2025-12-12 12:22:21] No matching unread TRN found. Sleeping 10s...
[2025-12-12 12:22:31] Scan stats => checked:0 matched:0 (Unread-only)
[2025-12-12 12:22:31] No matching unread TRN found. Sleeping 10s...
[2025-12-12 12:22:41] Scan stats => checked:0 matched:0 (Unread-only)
[2025-12-12 12:22:41] No matching unread TRN found. Sleeping 10s...
[2025-12-12 12:22:51] Scan stats => checked:0 matched:0 (Unread-only)
[2025-12-12 12:22:51] No matching unread TRN found. Sleeping 10s...
[2025-12-12 12:23:01] Scan stats => checked:0 matched:0 (Unread-only)
[2025-12-12 12:23:01] No matching unread TRN found. Sleeping 10s...
[2025-12-12 12:23:11] Scan stats => checked:0 matched:0 (Unread-only)
[2025-12-12 12:23:11] No matching unread TRN found. Sleeping 10s...
[2025-12-12 12:23:21] Scan stats => checked:0 matched:0 (Unread-only)
[2025-12-12 12:23:21] No matching unread TRN found. Sleeping 10s...
[2025-12-12 12:23:32] Scan stats => checked:0 matched:0 (Unread-only)
[2025-12-12 12:23:32] No matching unread TRN found. Sleeping 10s...
[2025-12-12 12:23:42] Scan stats => checked:0 matched:0 (Unread-only)
[2025-12-12 12:23:42] No matching unread TRN found. Sleeping 10s...
[2025-12-12 12:23:52] Scan stats => checked:0 matched:0 (Unread-only)
[2025-12-12 12:23:52] No matching unread TRN found. Sleeping 10s...
[2025-12-12 12:24:02] Scan stats => checked:0 matched:0 (Unread-only)
[2025-12-12 12:24:02] No matching unread TRN found. Sleeping 10s...
[2025-12-12 12:24:12] Scan stats => checked:0 matched:0 (Unread-only)
[2025-12-12 12:24:12] No matching unread TRN found. Sleeping 10s...
[2025-12-12 12:24:22] Scan stats => checked:0 matched:0 (Unread-only)
[2025-12-12 12:24:22] No matching unread TRN found. Sleeping 10s...
[2025-12-12 12:24:32] Scan stats => checked:0 matched:0 (Unread-only)
[2025-12-12 12:24:32] No matching unread TRN found. Sleeping 10s...
[2025-12-12 12:24:42] Loop error: (-2147023174, 'The RPC server is unavailable.', None, None)
[2025-12-12 12:24:42] Traceback (most recent call last):
  File "C:\Users\husey\OneDrive\Desktop\Development\Work_Automation\test_1.py", line 519, in main
    payloads = scan_unread_trn_mails(folder, processed_ids)
  File "C:\Users\husey\OneDrive\Desktop\Development\Work_Automation\test_1.py", line 415, in scan_unread_trn_mails
    items = folder.Items
            ^^^^^^^^^^^^
  File "C:\Users\husey\OneDrive\Desktop\Development\Work_Automation\.venv\Lib\site-packages\win32com\client\dynamic.py", line 620, in __getattr__
    ret = self._oleobj_.Invoke(retEntry.dispid, 0, invoke_type, 1)
pywintypes.com_error: (-2147023174, 'The RPC server is unavailable.', None, None)

[2025-12-12 12:24:52] Loop error: (-2147023174, 'The RPC server is unavailable.', None, None)
[2025-12-12 12:24:52] Traceback (most recent call last):
  File "C:\Users\husey\OneDrive\Desktop\Development\Work_Automation\test_1.py", line 519, in main
    payloads = scan_unread_trn_mails(folder, processed_ids)
  File "C:\Users\husey\OneDrive\Desktop\Development\Work_Automation\test_1.py", line 415, in scan_unread_trn_mails
    items = folder.Items
            ^^^^^^^^^^^^
  File "C:\Users\husey\OneDrive\Desktop\Development\Work_Automation\.venv\Lib\site-packages\win32com\client\dynamic.py", line 620, in __getattr__
    ret = self._oleobj_.Invoke(retEntry.dispid, 0, invoke_type, 1)
pywintypes.com_error: (-2147023174, 'The RPC server is unavailable.', None, None)

[2025-12-12 12:25:02] Loop error: (-2147023174, 'The RPC server is unavailable.', None, None)
[2025-12-12 12:25:02] Traceback (most recent call last):
  File "C:\Users\husey\OneDrive\Desktop\Development\Work_Automation\test_1.py", line 519, in main
    payloads = scan_unread_trn_mails(folder, processed_ids)
  File "C:\Users\husey\OneDrive\Desktop\Development\Work_Automation\test_1.py", line 415, in scan_unread_trn_mails
    items = folder.Items
            ^^^^^^^^^^^^
  File "C:\Users\husey\OneDrive\Desktop\Development\Work_Automation\.venv\Lib\site-packages\win32com\client\dynamic.py", line 620, in __getattr__
    ret = self._oleobj_.Invoke(retEntry.dispid, 0, invoke_type, 1)
pywintypes.com_error: (-2147023174, 'The RPC server is unavailable.', None, None)

[2025-12-12 12:25:12] Loop error: (-2147023174, 'The RPC server is unavailable.', None, None)
[2025-12-12 12:25:12] Traceback (most recent call last):
  File "C:\Users\husey\OneDrive\Desktop\Development\Work_Automation\test_1.py", line 519, in main
    payloads = scan_unread_trn_mails(folder, processed_ids)
  File "C:\Users\husey\OneDrive\Desktop\Development\Work_Automation\test_1.py", line 415, in scan_unread_trn_mails
    items = folder.Items
            ^^^^^^^^^^^^
  File "C:\Users\husey\OneDrive\Desktop\Development\Work_Automation\.venv\Lib\site-packages\win32com\client\dynamic.py", line 620, in __getattr__
    ret = self._oleobj_.Invoke(retEntry.dispid, 0, invoke_type, 1)
pywintypes.com_error: (-2147023174, 'The RPC server is unavailable.', None, None)

[2025-12-12 12:25:22] Loop error: (-2147023174, 'The RPC server is unavailable.', None, None)
[2025-12-12 12:25:22] Traceback (most recent call last):
  File "C:\Users\husey\OneDrive\Desktop\Development\Work_Automation\test_1.py", line 519, in main
    payloads = scan_unread_trn_mails(folder, processed_ids)
  File "C:\Users\husey\OneDrive\Desktop\Development\Work_Automation\test_1.py", line 415, in scan_unread_trn_mails
    items = folder.Items
            ^^^^^^^^^^^^
  File "C:\Users\husey\OneDrive\Desktop\Development\Work_Automation\.venv\Lib\site-packages\win32com\client\dynamic.py", line 620, in __getattr__
    ret = self._oleobj_.Invoke(retEntry.dispid, 0, invoke_type, 1)
pywintypes.com_error: (-2147023174, 'The RPC server is unavailable.', None, None)

[2025-12-12 12:25:32] Loop error: (-2147023174, 'The RPC server is unavailable.', None, None)
[2025-12-12 12:25:32] Traceback (most recent call last):
  File "C:\Users\husey\OneDrive\Desktop\Development\Work_Automation\test_1.py", line 519, in main
    payloads = scan_unread_trn_mails(folder, processed_ids)
  File "C:\Users\husey\OneDrive\Desktop\Development\Work_Automation\test_1.py", line 415, in scan_unread_trn_mails
    items = folder.Items
            ^^^^^^^^^^^^
  File "C:\Users\husey\OneDrive\Desktop\Development\Work_Automation\.venv\Lib\site-packages\win32com\client\dynamic.py", line 620, in __getattr__
    ret = self._oleobj_.Invoke(retEntry.dispid, 0, invoke_type, 1)
pywintypes.com_error: (-2147023174, 'The RPC server is unavailable.', None, None)

[2025-12-12 12:25:42] Loop error: (-2147023174, 'The RPC server is unavailable.', None, None)
[2025-12-12 12:25:42] Traceback (most recent call last):
  File "C:\Users\husey\OneDrive\Desktop\Development\Work_Automation\test_1.py", line 519, in main
    payloads = scan_unread_trn_mails(folder, processed_ids)
  File "C:\Users\husey\OneDrive\Desktop\Development\Work_Automation\test_1.py", line 415, in scan_unread_trn_mails
    items = folder.Items
            ^^^^^^^^^^^^
  File "C:\Users\husey\OneDrive\Desktop\Development\Work_Automation\.venv\Lib\site-packages\win32com\client\dynamic.py", line 620, in __getattr__
    ret = self._oleobj_.Invoke(retEntry.dispid, 0, invoke_type, 1)
pywintypes.com_error: (-2147023174, 'The RPC server is unavailable.', None, None)

[2025-12-12 12:25:52] Loop error: (-2147023174, 'The RPC server is unavailable.', None, None)
[2025-12-12 12:25:52] Traceback (most recent call last):
  File "C:\Users\husey\OneDrive\Desktop\Development\Work_Automation\test_1.py", line 519, in main
    payloads = scan_unread_trn_mails(folder, processed_ids)
  File "C:\Users\husey\OneDrive\Desktop\Development\Work_Automation\test_1.py", line 415, in scan_unread_trn_mails
    items = folder.Items
            ^^^^^^^^^^^^
  File "C:\Users\husey\OneDrive\Desktop\Development\Work_Automation\.venv\Lib\site-packages\win32com\client\dynamic.py", line 620, in __getattr__
    ret = self._oleobj_.Invoke(retEntry.dispid, 0, invoke_type, 1)
pywintypes.com_error: (-2147023174, 'The RPC server is unavailable.', None, None)

[2025-12-12 12:26:02] Loop error: (-2147023174, 'The RPC server is unavailable.', None, None)
[2025-12-12 12:26:02] Traceback (most recent call last):
  File "C:\Users\husey\OneDrive\Desktop\Development\Work_Automation\test_1.py", line 519, in main
    payloads = scan_unread_trn_mails(folder, processed_ids)
  File "C:\Users\husey\OneDrive\Desktop\Development\Work_Automation\test_1.py", line 415, in scan_unread_trn_mails
    items = folder.Items
            ^^^^^^^^^^^^
  File "C:\Users\husey\OneDrive\Desktop\Development\Work_Automation\.venv\Lib\site-packages\win32com\client\dynamic.py", line 620, in __getattr__
    ret = self._oleobj_.Invoke(retEntry.dispid, 0, invoke_type, 1)
pywintypes.com_error: (-2147023174, 'The RPC server is unavailable.', None, None)

[2025-12-12 12:26:12] Loop error: (-2147023174, 'The RPC server is unavailable.', None, None)
[2025-12-12 12:26:12] Traceback (most recent call last):
  File "C:\Users\husey\OneDrive\Desktop\Development\Work_Automation\test_1.py", line 519, in main
    payloads = scan_unread_trn_mails(folder, processed_ids)
  File "C:\Users\husey\OneDrive\Desktop\Development\Work_Automation\test_1.py", line 415, in scan_unread_trn_mails
    items = folder.Items
            ^^^^^^^^^^^^
  File "C:\Users\husey\OneDrive\Desktop\Development\Work_Automation\.venv\Lib\site-packages\win32com\client\dynamic.py", line 620, in __getattr__
    ret = self._oleobj_.Invoke(retEntry.dispid, 0, invoke_type, 1)
pywintypes.com_error: (-2147023174, 'The RPC server is unavailable.', None, None)

[2025-12-12 12:26:22] Loop error: (-2147023174, 'The RPC server is unavailable.', None, None)
[2025-12-12 12:26:22] Traceback (most recent call last):
  File "C:\Users\husey\OneDrive\Desktop\Development\Work_Automation\test_1.py", line 519, in main
    payloads = scan_unread_trn_mails(folder, processed_ids)
  File "C:\Users\husey\OneDrive\Desktop\Development\Work_Automation\test_1.py", line 415, in scan_unread_trn_mails
    items = folder.Items
            ^^^^^^^^^^^^
  File "C:\Users\husey\OneDrive\Desktop\Development\Work_Automation\.venv\Lib\site-packages\win32com\client\dynamic.py", line 620, in __getattr__
    ret = self._oleobj_.Invoke(retEntry.dispid, 0, invoke_type, 1)
pywintypes.com_error: (-2147023174, 'The RPC server is unavailable.', None, None)

[2025-12-12 12:26:32] Loop error: (-2147023174, 'The RPC server is unavailable.', None, None)
[2025-12-12 12:26:32] Traceback (most recent call last):
  File "C:\Users\husey\OneDrive\Desktop\Development\Work_Automation\test_1.py", line 519, in main
    payloads = scan_unread_trn_mails(folder, processed_ids)
  File "C:\Users\husey\OneDrive\Desktop\Development\Work_Automation\test_1.py", line 415, in scan_unread_trn_mails
    items = folder.Items
            ^^^^^^^^^^^^
  File "C:\Users\husey\OneDrive\Desktop\Development\Work_Automation\.venv\Lib\site-packages\win32com\client\dynamic.py", line 620, in __getattr__
    ret = self._oleobj_.Invoke(retEntry.dispid, 0, invoke_type, 1)
pywintypes.com_error: (-2147023174, 'The RPC server is unavailable.', None, None)

[2025-12-12 12:26:36] === Proyapi TRN Internal Distributor started ===
[2025-12-12 12:26:36] Watching: spp2dcc@kolin.com.tr / Inbox\From Proyapi
[2025-12-12 12:26:36] Sender filter: chuseyn@kolin.com.tr
[2025-12-12 12:26:36] Mode: display | Poll: 10s | Lookback: 7d | MaxScan:200
[2025-12-12 12:26:36] Signature mode: oft | OFT exists: True | Display modal: False
[2025-12-12 12:26:36] Filter: ONLY UNREAD mails. Processed mail will be marked READ.
[2025-12-12 12:26:38] DEBUG => UnRead=True | Sender=chuseyn@kolin.com.tr | Subject=SPP2-PRO-KLN-TRN-0525
[2025-12-12 12:26:38] Scan stats => checked:1 matched:1 (Unread-only)
[2025-12-12 12:26:38] FOUND => SPP2-PRO-KLN-TRN-0525 | PDFs=1
[2025-12-12 12:26:38] 👀 Displayed: SPP2-PRO-KLN-TRN-0525 | PDFs=1 (modal=False)
[2025-12-12 12:26:38] ✅ DONE => SPP2-PRO-KLN-TRN-0525 (incoming marked READ)
[2025-12-12 12:26:48] Scan stats => checked:0 matched:0 (Unread-only)
[2025-12-12 12:26:48] No matching unread TRN found. Sleeping 10s...
[2025-12-12 12:26:58] Scan stats => checked:0 matched:0 (Unread-only)
[2025-12-12 12:26:58] No matching unread TRN found. Sleeping 10s...
[2025-12-12 12:27:08] Scan stats => checked:0 matched:0 (Unread-only)
[2025-12-12 12:27:08] No matching unread TRN found. Sleeping 10s...
[2025-12-12 12:27:19] Scan stats => checked:0 matched:0 (Unread-only)
[2025-12-12 12:27:19] No matching unread TRN found. Sleeping 10s...
[2025-12-12 12:27:29] Scan stats => checked:0 matched:0 (Unread-only)
[2025-12-12 12:27:29] No matching unread TRN found. Sleeping 10s...
[2025-12-12 12:27:39] Scan stats => checked:0 matched:0 (Unread-only)
[2025-12-12 12:27:39] No matching unread TRN found. Sleeping 10s...
[2025-12-12 12:27:49] Scan stats => checked:0 matched:0 (Unread-only)
[2025-12-12 12:27:49] No matching unread TRN found. Sleeping 10s...
[2025-12-12 12:27:59] Scan stats => checked:0 matched:0 (Unread-only)
[2025-12-12 12:27:59] No matching unread TRN found. Sleeping 10s...
[2025-12-12 12:28:09] Scan stats => checked:0 matched:0 (Unread-only)
[2025-12-12 12:28:09] No matching unread TRN found. Sleeping 10s...
[2025-12-12 12:28:19] Scan stats => checked:0 matched:0 (Unread-only)
[2025-12-12 12:28:19] No matching unread TRN found. Sleeping 10s...
[2025-12-12 12:28:29] Scan stats => checked:0 matched:0 (Unread-only)
[2025-12-12 12:28:29] No matching unread TRN found. Sleeping 10s...
[2025-12-12 12:28:39] Scan stats => checked:0 matched:0 (Unread-only)
[2025-12-12 12:28:39] No matching unread TRN found. Sleeping 10s...
[2025-12-12 12:28:49] Scan stats => checked:0 matched:0 (Unread-only)
[2025-12-12 12:28:49] No matching unread TRN found. Sleeping 10s...
[2025-12-12 12:28:59] Scan stats => checked:0 matched:0 (Unread-only)
[2025-12-12 12:28:59] No matching unread TRN found. Sleeping 10s...
[2025-12-12 12:29:09] Scan stats => checked:0 matched:0 (Unread-only)
[2025-12-12 12:29:09] No matching unread TRN found. Sleeping 10s...
[2025-12-12 12:29:19] Scan stats => checked:0 matched:0 (Unread-only)
[2025-12-12 12:29:19] No matching unread TRN found. Sleeping 10s...
[2025-12-12 12:29:29] Scan stats => checked:0 matched:0 (Unread-only)
[2025-12-12 12:29:29] No matching unread TRN found. Sleeping 10s...
[2025-12-12 12:29:39] Scan stats => checked:0 matched:0 (Unread-only)
[2025-12-12 12:29:39] No matching unread TRN found. Sleeping 10s...
[2025-12-12 12:29:49] Scan stats => checked:0 matched:0 (Unread-only)
[2025-12-12 12:29:49] No matching unread TRN found. Sleeping 10s...
[2025-12-12 12:29:59] Scan stats => checked:0 matched:0 (Unread-only)
[2025-12-12 12:29:59] No matching unread TRN found. Sleeping 10s...
[2025-12-12 12:30:09] Scan stats => checked:0 matched:0 (Unread-only)
[2025-12-12 12:30:09] No matching unread TRN found. Sleeping 10s...
[2025-12-12 12:30:19] Scan stats => checked:0 matched:0 (Unread-only)
[2025-12-12 12:30:19] No matching unread TRN found. Sleeping 10s...
[2025-12-12 12:30:29] Scan stats => checked:0 matched:0 (Unread-only)
[2025-12-12 12:30:29] No matching unread TRN found. Sleeping 10s...
[2025-12-12 12:30:39] Scan stats => checked:0 matched:0 (Unread-only)
[2025-12-12 12:30:39] No matching unread TRN found. Sleeping 10s...
[2025-12-12 12:30:49] Scan stats => checked:0 matched:0 (Unread-only)
[2025-12-12 12:30:49] No matching unread TRN found. Sleeping 10s...
[2025-12-12 12:30:59] Scan stats => checked:0 matched:0 (Unread-only)
[2025-12-12 12:30:59] No matching unread TRN found. Sleeping 10s...
[2025-12-12 12:31:09] Scan stats => checked:0 matched:0 (Unread-only)
[2025-12-12 12:31:09] No matching unread TRN found. Sleeping 10s...
[2025-12-12 12:31:19] Scan stats => checked:0 matched:0 (Unread-only)
[2025-12-12 12:31:19] No matching unread TRN found. Sleeping 10s...
[2025-12-12 12:31:29] Scan stats => checked:0 matched:0 (Unread-only)
[2025-12-12 12:31:29] No matching unread TRN found. Sleeping 10s...
[2025-12-12 12:31:39] Scan stats => checked:0 matched:0 (Unread-only)
[2025-12-12 12:31:39] No matching unread TRN found. Sleeping 10s...
[2025-12-12 12:31:49] Scan stats => checked:0 matched:0 (Unread-only)
[2025-12-12 12:31:49] No matching unread TRN found. Sleeping 10s...
[2025-12-12 12:31:59] Scan stats => checked:0 matched:0 (Unread-only)
[2025-12-12 12:31:59] No matching unread TRN found. Sleeping 10s...
[2025-12-12 12:32:09] Scan stats => checked:0 matched:0 (Unread-only)
[2025-12-12 12:32:09] No matching unread TRN found. Sleeping 10s...
[2025-12-12 12:32:19] Scan stats => checked:0 matched:0 (Unread-only)
[2025-12-12 12:32:19] No matching unread TRN found. Sleeping 10s...
[2025-12-12 12:32:29] Scan stats => checked:0 matched:0 (Unread-only)
[2025-12-12 12:32:29] No matching unread TRN found. Sleeping 10s...
[2025-12-12 12:32:39] Scan stats => checked:0 matched:0 (Unread-only)
[2025-12-12 12:32:39] No matching unread TRN found. Sleeping 10s...
[2025-12-12 12:32:49] Scan stats => checked:0 matched:0 (Unread-only)
[2025-12-12 12:32:49] No matching unread TRN found. Sleeping 10s...
[2025-12-12 12:32:59] Scan stats => checked:0 matched:0 (Unread-only)
[2025-12-12 12:32:59] No matching unread TRN found. Sleeping 10s...
[2025-12-12 12:33:09] Scan stats => checked:0 matched:0 (Unread-only)
[2025-12-12 12:33:09] No matching unread TRN found. Sleeping 10s...
[2025-12-12 12:33:19] Scan stats => checked:0 matched:0 (Unread-only)
[2025-12-12 12:33:19] No matching unread TRN found. Sleeping 10s...
[2025-12-12 12:33:29] Scan stats => checked:0 matched:0 (Unread-only)
[2025-12-12 12:33:29] No matching unread TRN found. Sleeping 10s...
[2025-12-12 12:33:39] Scan stats => checked:0 matched:0 (Unread-only)
[2025-12-12 12:33:39] No matching unread TRN found. Sleeping 10s...
[2025-12-12 12:33:49] Scan stats => checked:0 matched:0 (Unread-only)
[2025-12-12 12:33:49] No matching unread TRN found. Sleeping 10s...
[2025-12-12 12:33:59] Scan stats => checked:0 matched:0 (Unread-only)
[2025-12-12 12:33:59] No matching unread TRN found. Sleeping 10s...
[2025-12-12 12:34:09] Scan stats => checked:0 matched:0 (Unread-only)
[2025-12-12 12:34:09] No matching unread TRN found. Sleeping 10s...
[2025-12-12 12:34:19] Scan stats => checked:0 matched:0 (Unread-only)
[2025-12-12 12:34:19] No matching unread TRN found. Sleeping 10s...
[2025-12-12 12:34:29] Scan stats => checked:0 matched:0 (Unread-only)
[2025-12-12 12:34:29] No matching unread TRN found. Sleeping 10s...
[2025-12-12 12:34:39] Scan stats => checked:0 matched:0 (Unread-only)
[2025-12-12 12:34:39] No matching unread TRN found. Sleeping 10s...
[2025-12-12 13:20:06] Scan stats => checked:0 matched:0 (Unread-only)
[2025-12-12 13:20:06] No matching unread TRN found. Sleeping 10s...
[2025-12-12 13:28:55] DEBUG => UnRead=True | Sender=dccspp2@proyapimusavirlik.com | Subject=KLN-SPP2-STQ-AR-GN00-355_R00_Prokon_Reply
[2025-12-12 13:28:55] Scan stats => checked:1 matched:0 (Unread-only)
[2025-12-12 13:28:55] No matching unread TRN found. Sleeping 10s...
[2025-12-12 13:29:13] DEBUG => UnRead=True | Sender=dccspp2@proyapimusavirlik.com | Subject=KLN-SPP2-STQ-AR-GN00-355_R00_Prokon_Reply
[2025-12-12 13:29:13] Scan stats => checked:1 matched:0 (Unread-only)
[2025-12-12 13:29:13] No matching unread TRN found. Sleeping 10s...
[2025-12-12 13:29:27] DEBUG => UnRead=True | Sender=dccspp2@proyapimusavirlik.com | Subject=KLN-SPP2-STQ-AR-GN00-355_R00_Prokon_Reply
[2025-12-12 13:29:27] Scan stats => checked:1 matched:0 (Unread-only)
[2025-12-12 13:29:27] No matching unread TRN found. Sleeping 10s...
[2025-12-12 14:08:50] === Proyapi TRN Internal Distributor started ===
[2025-12-12 14:08:50] Watching: spp2dcc@kolin.com.tr / Inbox\From Proyapi
[2025-12-12 14:08:50] Sender filter: chuseyn@kolin.com.tr
[2025-12-12 14:08:50] Mode: display | Poll: 10s | Lookback: 7d | MaxScan:200
[2025-12-12 14:08:50] Signature mode: oft | OFT exists: True | Display modal: False
[2025-12-12 14:08:50] Filter: ONLY UNREAD mails. Processed mail will be marked READ.
[2025-12-12 14:20:36] DEBUG => UnRead=True | Sender= | Subject=KLN-SPP2-STQ-AR-GN00-355_R00_Prokon_Reply
[2025-12-12 14:20:36] Scan stats => checked:1 matched:0 (Unread-only)
[2025-12-12 14:20:36] No matching unread TRN found. Sleeping 10s...
[2025-12-12 15:31:56] === Proyapi TRN Internal Distributor started ===
[2025-12-12 15:31:56] Watching: spp2dcc@kolin.com.tr / Inbox\From Proyapi
[2025-12-12 15:31:56] Sender filter: chuseyn@kolin.com.tr
[2025-12-12 15:31:56] Mode: display | Poll: 10s | Lookback: 7d | MaxScan:200
[2025-12-12 15:31:56] Signature mode: oft | OFT exists: True | Display modal: False
[2025-12-12 15:31:56] Filter: ONLY UNREAD mails. Processed mail will be marked READ.
[2025-12-12 15:32:20] DEBUG => UnRead=True | Sender=dccspp2@proyapimusavirlik.com | Subject=SPP2-PRO-KLN-TRN-0526
[2025-12-12 15:32:20] Scan stats => checked:1 matched:0 (Unread-only)
[2025-12-12 15:32:20] No matching unread TRN found. Sleeping 10s...
[2025-12-12 15:32:30] DEBUG => UnRead=True | Sender=dccspp2@proyapimusavirlik.com | Subject=SPP2-PRO-KLN-TRN-0526
[2025-12-12 15:32:30] Scan stats => checked:1 matched:0 (Unread-only)
[2025-12-12 15:32:30] No matching unread TRN found. Sleeping 10s...
[2025-12-12 15:32:40] DEBUG => UnRead=True | Sender=dccspp2@proyapimusavirlik.com | Subject=SPP2-PRO-KLN-TRN-0526
[2025-12-12 15:32:40] Scan stats => checked:1 matched:0 (Unread-only)
[2025-12-12 15:32:40] No matching unread TRN found. Sleeping 10s...
[2025-12-12 15:32:50] DEBUG => UnRead=True | Sender=dccspp2@proyapimusavirlik.com | Subject=SPP2-PRO-KLN-TRN-0526
[2025-12-12 15:32:50] Scan stats => checked:1 matched:0 (Unread-only)
[2025-12-12 15:32:50] No matching unread TRN found. Sleeping 10s...
[2025-12-12 15:33:00] === Proyapi TRN Internal Distributor started ===
[2025-12-12 15:33:00] Watching: spp2dcc@kolin.com.tr / Inbox\From Proyapi
[2025-12-12 15:33:00] Sender filter: dccspp2@proyapimusavirlik.com
[2025-12-12 15:33:00] Mode: display | Poll: 10s | Lookback: 7d | MaxScan:200
[2025-12-12 15:33:00] Signature mode: oft | OFT exists: True | Display modal: False
[2025-12-12 15:33:00] Filter: ONLY UNREAD mails. Processed mail will be marked READ.
[2025-12-12 15:33:00] DEBUG => UnRead=True | Sender=dccspp2@proyapimusavirlik.com | Subject=SPP2-PRO-KLN-TRN-0526
[2025-12-12 15:33:00] Scan stats => checked:1 matched:1 (Unread-only)
[2025-12-12 15:33:00] FOUND => SPP2-PRO-KLN-TRN-0526 | PDFs=1
[2025-12-12 15:33:00] 👀 Displayed: SPP2-PRO-KLN-TRN-0526 | PDFs=1 (modal=False)
[2025-12-12 15:33:00] ✅ DONE => SPP2-PRO-KLN-TRN-0526 (incoming marked READ)
[2025-12-12 15:33:10] Scan stats => checked:0 matched:0 (Unread-only)
[2025-12-12 15:33:10] No matching unread TRN found. Sleeping 10s...
[2025-12-12 15:33:20] Scan stats => checked:0 matched:0 (Unread-only)
[2025-12-12 15:33:20] No matching unread TRN found. Sleeping 10s...
[2025-12-12 15:33:30] Scan stats => checked:0 matched:0 (Unread-only)
[2025-12-12 15:33:30] No matching unread TRN found. Sleeping 10s...
[2025-12-12 15:33:40] Scan stats => checked:0 matched:0 (Unread-only)
[2025-12-12 15:33:40] No matching unread TRN found. Sleeping 10s...
[2025-12-12 15:33:50] Scan stats => checked:0 matched:0 (Unread-only)
[2025-12-12 15:33:50] No matching unread TRN found. Sleeping 10s...
[2025-12-12 15:34:00] Scan stats => checked:0 matched:0 (Unread-only)
[2025-12-12 15:34:00] No matching unread TRN found. Sleeping 10s...
[2025-12-12 15:34:10] Scan stats => checked:0 matched:0 (Unread-only)
[2025-12-12 15:34:10] No matching unread TRN found. Sleeping 10s...
[2025-12-12 15:34:20] Scan stats => checked:0 matched:0 (Unread-only)
[2025-12-12 15:34:20] No matching unread TRN found. Sleeping 10s...
[2025-12-12 15:34:30] Scan stats => checked:0 matched:0 (Unread-only)
[2025-12-12 15:34:30] No matching unread TRN found. Sleeping 10s...
[2025-12-12 15:34:40] Scan stats => checked:0 matched:0 (Unread-only)
[2025-12-12 15:34:40] No matching unread TRN found. Sleeping 10s...
[2025-12-12 15:34:50] Scan stats => checked:0 matched:0 (Unread-only)
[2025-12-12 15:34:50] No matching unread TRN found. Sleeping 10s...
[2025-12-12 15:35:00] Scan stats => checked:0 matched:0 (Unread-only)
[2025-12-12 15:35:00] No matching unread TRN found. Sleeping 10s...
[2025-12-12 15:35:10] Scan stats => checked:0 matched:0 (Unread-only)
[2025-12-12 15:35:10] No matching unread TRN found. Sleeping 10s...
[2025-12-12 15:35:20] Scan stats => checked:0 matched:0 (Unread-only)
[2025-12-12 15:35:20] No matching unread TRN found. Sleeping 10s...
[2025-12-12 15:35:30] Scan stats => checked:0 matched:0 (Unread-only)
[2025-12-12 15:35:30] No matching unread TRN found. Sleeping 10s...
[2025-12-12 15:35:40] Scan stats => checked:0 matched:0 (Unread-only)
[2025-12-12 15:35:40] No matching unread TRN found. Sleeping 10s...
[2025-12-12 15:35:50] Scan stats => checked:0 matched:0 (Unread-only)
[2025-12-12 15:35:50] No matching unread TRN found. Sleeping 10s...
[2025-12-12 15:36:00] Scan stats => checked:0 matched:0 (Unread-only)
[2025-12-12 15:36:00] No matching unread TRN found. Sleeping 10s...
[2025-12-12 17:13:00] === Proyapi TRN Internal Distributor started ===
[2025-12-12 17:13:00] Watching: spp2dcc@kolin.com.tr / Inbox\From Proyapi
[2025-12-12 17:13:00] Sender filter: dccspp2@proyapimusavirlik.com
[2025-12-12 17:13:00] Mode: display | Poll: 10s | Lookback: 7d | MaxScan:200
[2025-12-12 17:13:00] Signature mode: oft | OFT exists: True | Display modal: False
[2025-12-12 17:13:00] Filter: ONLY UNREAD mails. Processed mail will be marked READ.
[2025-12-12 17:13:00] Scan stats => checked:0 matched:0 (Unread-only)
[2025-12-12 17:13:00] No matching unread TRN found. Sleeping 10s...
[2025-12-12 17:13:10] Scan stats => checked:0 matched:0 (Unread-only)
[2025-12-12 17:13:10] No matching unread TRN found. Sleeping 10s...
[2025-12-12 17:13:20] Scan stats => checked:0 matched:0 (Unread-only)
[2025-12-12 17:13:20] No matching unread TRN found. Sleeping 10s...
[2025-12-12 17:13:30] Scan stats => checked:0 matched:0 (Unread-only)
[2025-12-12 17:13:30] No matching unread TRN found. Sleeping 10s...
[2025-12-12 17:13:40] Scan stats => checked:0 matched:0 (Unread-only)
[2025-12-12 17:13:40] No matching unread TRN found. Sleeping 10s...
[2025-12-12 17:13:50] Scan stats => checked:0 matched:0 (Unread-only)
[2025-12-12 17:13:50] No matching unread TRN found. Sleeping 10s...
[2025-12-12 17:14:00] Scan stats => checked:0 matched:0 (Unread-only)
[2025-12-12 17:14:00] No matching unread TRN found. Sleeping 10s...
[2025-12-12 17:14:10] Scan stats => checked:0 matched:0 (Unread-only)
[2025-12-12 17:14:10] No matching unread TRN found. Sleeping 10s...
[2025-12-12 17:14:20] Scan stats => checked:0 matched:0 (Unread-only)
[2025-12-12 17:14:20] No matching unread TRN found. Sleeping 10s...
[2025-12-12 17:14:30] Scan stats => checked:0 matched:0 (Unread-only)
[2025-12-12 17:14:30] No matching unread TRN found. Sleeping 10s...
[2025-12-12 17:14:40] Scan stats => checked:0 matched:0 (Unread-only)
[2025-12-12 17:14:40] No matching unread TRN found. Sleeping 10s...
[2025-12-12 17:14:50] Scan stats => checked:0 matched:0 (Unread-only)
[2025-12-12 17:14:50] No matching unread TRN found. Sleeping 10s...
[2025-12-12 17:15:00] Scan stats => checked:0 matched:0 (Unread-only)
[2025-12-12 17:15:00] No matching unread TRN found. Sleeping 10s...
[2025-12-12 17:15:10] Scan stats => checked:0 matched:0 (Unread-only)
[2025-12-12 17:15:10] No matching unread TRN found. Sleeping 10s...
[2025-12-12 17:22:29] === Proyapi TRN Internal Distributor started ===
[2025-12-12 17:22:29] Watching: spp2dcc@kolin.com.tr / Inbox\From Proyapi
[2025-12-12 17:22:29] Sender filter: chuseyn@kolin.com.tr
[2025-12-12 17:22:29] Mode: display | Poll: 10s | Lookback: 7d | MaxScan:200
[2025-12-12 17:22:29] Signature mode: oft | OFT exists: True | Display modal: False
[2025-12-12 17:22:29] Filter: ONLY UNREAD mails. Processed mail will be marked READ.
[2025-12-12 17:22:29] Scan stats => checked:0 matched:0 (Unread-only)
[2025-12-12 17:22:29] No matching unread TRN found. Sleeping 10s...
[2025-12-12 17:22:39] Scan stats => checked:0 matched:0 (Unread-only)
[2025-12-12 17:22:39] No matching unread TRN found. Sleeping 10s...
[2025-12-12 17:22:49] Scan stats => checked:0 matched:0 (Unread-only)
[2025-12-12 17:22:49] No matching unread TRN found. Sleeping 10s...
[2025-12-12 17:22:59] Scan stats => checked:0 matched:0 (Unread-only)
[2025-12-12 17:22:59] No matching unread TRN found. Sleeping 10s...
[2025-12-12 17:23:09] Scan stats => checked:0 matched:0 (Unread-only)
[2025-12-12 17:23:09] No matching unread TRN found. Sleeping 10s...
[2025-12-12 17:23:19] Scan stats => checked:0 matched:0 (Unread-only)
[2025-12-12 17:23:19] No matching unread TRN found. Sleeping 10s...
[2025-12-12 17:23:29] Scan stats => checked:0 matched:0 (Unread-only)
[2025-12-12 17:23:29] No matching unread TRN found. Sleeping 10s...
[2025-12-12 17:23:42] DEBUG => UnRead=True | Sender=chuseyn@kolin.com.tr | Subject=SPP2-PRO-KLN-TRN-0526
[2025-12-12 17:23:42] Scan stats => checked:1 matched:1 (Unread-only)
[2025-12-12 17:23:42] FOUND => SPP2-PRO-KLN-TRN-0526 | PDFs=1 | Date=12 Dec 2025
[2025-12-12 17:23:42] 👀 Displayed: SPP2-PRO-KLN-TRN-0526 | PDFs=1 (modal=False)
[2025-12-12 17:23:42] ✅ DONE => SPP2-PRO-KLN-TRN-0526 (incoming marked READ)
[2025-12-12 17:23:52] Scan stats => checked:0 matched:0 (Unread-only)
[2025-12-12 17:23:52] No matching unread TRN found. Sleeping 10s...
[2025-12-12 17:24:02] Scan stats => checked:0 matched:0 (Unread-only)
[2025-12-12 17:24:02] No matching unread TRN found. Sleeping 10s...
[2025-12-12 17:24:12] Scan stats => checked:0 matched:0 (Unread-only)
[2025-12-12 17:24:12] No matching unread TRN found. Sleeping 10s...
[2025-12-12 17:24:22] Scan stats => checked:0 matched:0 (Unread-only)
[2025-12-12 17:24:22] No matching unread TRN found. Sleeping 10s...
[2025-12-12 17:24:32] Scan stats => checked:0 matched:0 (Unread-only)
[2025-12-12 17:24:32] No matching unread TRN found. Sleeping 10s...
[2025-12-12 17:24:42] Scan stats => checked:0 matched:0 (Unread-only)
[2025-12-12 17:24:42] No matching unread TRN found. Sleeping 10s...
[2025-12-12 17:24:53] Scan stats => checked:0 matched:0 (Unread-only)
[2025-12-12 17:24:53] No matching unread TRN found. Sleeping 10s...
[2025-12-12 17:25:03] Scan stats => checked:0 matched:0 (Unread-only)
[2025-12-12 17:25:03] No matching unread TRN found. Sleeping 10s...
[2025-12-12 17:25:13] Scan stats => checked:0 matched:0 (Unread-only)
[2025-12-12 17:25:13] No matching unread TRN found. Sleeping 10s...
[2025-12-12 17:25:23] Scan stats => checked:0 matched:0 (Unread-only)
[2025-12-12 17:25:23] No matching unread TRN found. Sleeping 10s...
[2025-12-12 17:25:33] Scan stats => checked:0 matched:0 (Unread-only)
[2025-12-12 17:25:33] No matching unread TRN found. Sleeping 10s...
[2025-12-12 17:25:43] Scan stats => checked:0 matched:0 (Unread-only)
[2025-12-12 17:25:43] No matching unread TRN found. Sleeping 10s...
[2025-12-12 17:25:53] Scan stats => checked:0 matched:0 (Unread-only)
[2025-12-12 17:25:53] No matching unread TRN found. Sleeping 10s...
[2025-12-12 17:26:03] Scan stats => checked:0 matched:0 (Unread-only)
[2025-12-12 17:26:03] No matching unread TRN found. Sleeping 10s...
[2025-12-12 17:26:13] Scan stats => checked:0 matched:0 (Unread-only)
[2025-12-12 17:26:13] No matching unread TRN found. Sleeping 10s...
[2025-12-12 17:26:17] === Proyapi TRN Internal Distributor started ===
[2025-12-12 17:26:17] Watching: spp2dcc@kolin.com.tr / Inbox\From Proyapi
[2025-12-12 17:26:17] Sender filter: chuseyn@kolin.com.tr
[2025-12-12 17:26:17] Mode: display | Poll: 10s | Lookback: 7d | MaxScan:200
[2025-12-12 17:26:17] Signature mode: oft | OFT exists: True | Display modal: False
[2025-12-12 17:26:17] Filter: ONLY UNREAD mails. Processed mail will be marked READ.
[2025-12-12 17:26:17] Scan stats => checked:0 matched:0 (Unread-only)
[2025-12-12 17:26:17] No matching unread TRN found. Sleeping 10s...
[2025-12-12 17:26:44] === Proyapi TRN Internal Distributor started ===
[2025-12-12 17:26:44] Watching: spp2dcc@kolin.com.tr / Inbox\From Proyapi
[2025-12-12 17:26:44] Sender filter: chuseyn@kolin.com.tr
[2025-12-12 17:26:44] Mode: display | Poll: 10s | Lookback: 7d | MaxScan:200
[2025-12-12 17:26:44] Signature mode: oft | OFT exists: True | Display modal: False
[2025-12-12 17:26:44] Filter: ONLY UNREAD mails. Processed mail will be marked READ.
[2025-12-12 17:26:44] Scan stats => checked:0 matched:0 (Unread-only)
[2025-12-12 17:26:44] No matching unread TRN found. Sleeping 10s...
[2025-12-12 17:26:54] Scan stats => checked:0 matched:0 (Unread-only)
[2025-12-12 17:26:54] No matching unread TRN found. Sleeping 10s...
[2025-12-12 17:27:04] Scan stats => checked:0 matched:0 (Unread-only)
[2025-12-12 17:27:04] No matching unread TRN found. Sleeping 10s...
[2025-12-12 17:27:14] Scan stats => checked:0 matched:0 (Unread-only)
[2025-12-12 17:27:14] No matching unread TRN found. Sleeping 10s...
[2025-12-12 17:27:24] Scan stats => checked:0 matched:0 (Unread-only)
[2025-12-12 17:27:24] No matching unread TRN found. Sleeping 10s...
[2025-12-12 17:27:34] Scan stats => checked:0 matched:0 (Unread-only)
[2025-12-12 17:27:34] No matching unread TRN found. Sleeping 10s...
[2025-12-12 17:27:44] Scan stats => checked:0 matched:0 (Unread-only)
[2025-12-12 17:27:44] No matching unread TRN found. Sleeping 10s...
[2025-12-12 17:27:56] DEBUG => UnRead=True | Sender=chuseyn@kolin.com.tr | Subject=SPP2-PRO-KLN-TRN-0526
[2025-12-12 17:27:56] Scan stats => checked:1 matched:1 (Unread-only)
[2025-12-12 17:27:56] FOUND => SPP2-PRO-KLN-TRN-0526 | PDFs=1 | Date=12 Dec 2025
[2025-12-12 17:27:56] 👀 Displayed: SPP2-PRO-KLN-TRN-0526 | PDFs=1 (modal=False)
[2025-12-12 17:27:56] ✅ DONE => SPP2-PRO-KLN-TRN-0526 (incoming marked READ)
[2025-12-12 17:28:06] Scan stats => checked:0 matched:0 (Unread-only)
[2025-12-12 17:28:06] No matching unread TRN found. Sleeping 10s...
[2025-12-12 17:28:16] Scan stats => checked:0 matched:0 (Unread-only)
[2025-12-12 17:28:16] No matching unread TRN found. Sleeping 10s...
[2025-12-12 17:28:26] Scan stats => checked:0 matched:0 (Unread-only)
[2025-12-12 17:28:26] No matching unread TRN found. Sleeping 10s...
[2025-12-12 17:28:36] Scan stats => checked:0 matched:0 (Unread-only)
[2025-12-12 17:28:36] No matching unread TRN found. Sleeping 10s...
[2025-12-12 17:28:46] Scan stats => checked:0 matched:0 (Unread-only)
[2025-12-12 17:28:46] No matching unread TRN found. Sleeping 10s...
[2025-12-12 17:28:56] Scan stats => checked:0 matched:0 (Unread-only)
[2025-12-12 17:28:56] No matching unread TRN found. Sleeping 10s...
[2025-12-12 17:29:06] Scan stats => checked:0 matched:0 (Unread-only)
[2025-12-12 17:29:06] No matching unread TRN found. Sleeping 10s...
[2025-12-12 17:29:16] Scan stats => checked:0 matched:0 (Unread-only)
[2025-12-12 17:29:16] No matching unread TRN found. Sleeping 10s...
[2025-12-12 17:29:26] Scan stats => checked:0 matched:0 (Unread-only)
[2025-12-12 17:29:26] No matching unread TRN found. Sleeping 10s...
[2025-12-12 17:29:36] Scan stats => checked:0 matched:0 (Unread-only)
[2025-12-12 17:29:36] No matching unread TRN found. Sleeping 10s...
[2025-12-12 17:29:46] Scan stats => checked:0 matched:0 (Unread-only)
[2025-12-12 17:29:46] No matching unread TRN found. Sleeping 10s...
[2025-12-12 17:29:50] === Proyapi TRN Internal Distributor started ===
[2025-12-12 17:29:50] Watching: spp2dcc@kolin.com.tr / Inbox\From Proyapi
[2025-12-12 17:29:50] Sender filter: chuseyn@kolin.com.tr
[2025-12-12 17:29:50] Mode: send | Poll: 10s | Lookback: 7d | MaxScan:200
[2025-12-12 17:29:50] Signature mode: oft | OFT exists: True | Display modal: False
[2025-12-12 17:29:50] Filter: ONLY UNREAD mails. Processed mail will be marked READ.
[2025-12-12 17:29:50] Scan stats => checked:0 matched:0 (Unread-only)
[2025-12-12 17:29:50] No matching unread TRN found. Sleeping 10s...
[2025-12-12 17:30:00] Scan stats => checked:0 matched:0 (Unread-only)
[2025-12-12 17:30:00] No matching unread TRN found. Sleeping 10s...
[2025-12-12 17:30:10] Scan stats => checked:0 matched:0 (Unread-only)
[2025-12-12 17:30:10] No matching unread TRN found. Sleeping 10s...
[2025-12-12 17:30:20] Scan stats => checked:0 matched:0 (Unread-only)
[2025-12-12 17:30:20] No matching unread TRN found. Sleeping 10s...
[2025-12-12 17:30:30] Scan stats => checked:0 matched:0 (Unread-only)
[2025-12-12 17:30:30] No matching unread TRN found. Sleeping 10s...
[2025-12-12 17:30:40] Scan stats => checked:0 matched:0 (Unread-only)
[2025-12-12 17:30:40] No matching unread TRN found. Sleeping 10s...
[2025-12-12 17:30:50] Scan stats => checked:0 matched:0 (Unread-only)
[2025-12-12 17:30:50] No matching unread TRN found. Sleeping 10s...
[2025-12-12 17:31:00] Scan stats => checked:0 matched:0 (Unread-only)
[2025-12-12 17:31:00] No matching unread TRN found. Sleeping 10s...
[2025-12-12 17:31:11] Scan stats => checked:0 matched:0 (Unread-only)
[2025-12-12 17:31:11] No matching unread TRN found. Sleeping 10s...
[2025-12-12 17:31:22] DEBUG => UnRead=True | Sender=chuseyn@kolin.com.tr | Subject=SPP2-PRO-KLN-TRN-0526
[2025-12-12 17:31:23] Scan stats => checked:1 matched:1 (Unread-only)
[2025-12-12 17:31:23] FOUND => SPP2-PRO-KLN-TRN-0526 | PDFs=1 | Date=12 Dec 2025
[2025-12-12 17:31:29] ✅ Sent internal mail: SPP2-PRO-KLN-TRN-0526 | PDFs=1
[2025-12-12 17:31:30] ✅ DONE => SPP2-PRO-KLN-TRN-0526 (incoming marked READ)
[2025-12-12 17:31:40] Scan stats => checked:0 matched:0 (Unread-only)
[2025-12-12 17:31:40] No matching unread TRN found. Sleeping 10s...
[2025-12-12 17:31:50] Scan stats => checked:0 matched:0 (Unread-only)
[2025-12-12 17:31:50] No matching unread TRN found. Sleeping 10s...
[2025-12-12 17:32:00] Scan stats => checked:0 matched:0 (Unread-only)
[2025-12-12 17:32:00] No matching unread TRN found. Sleeping 10s...
[2025-12-12 17:32:10] Scan stats => checked:0 matched:0 (Unread-only)
[2025-12-12 17:32:10] No matching unread TRN found. Sleeping 10s...
[2025-12-12 17:32:20] Scan stats => checked:0 matched:0 (Unread-only)
[2025-12-12 17:32:20] No matching unread TRN found. Sleeping 10s...
[2025-12-12 17:32:30] Scan stats => checked:0 matched:0 (Unread-only)
[2025-12-12 17:32:30] No matching unread TRN found. Sleeping 10s...
[2025-12-12 17:32:40] Scan stats => checked:0 matched:0 (Unread-only)
[2025-12-12 17:32:40] No matching unread TRN found. Sleeping 10s...
[2025-12-12 17:32:50] Scan stats => checked:0 matched:0 (Unread-only)
[2025-12-12 17:32:50] No matching unread TRN found. Sleeping 10s...
[2025-12-12 17:33:00] Scan stats => checked:0 matched:0 (Unread-only)
[2025-12-12 17:33:00] No matching unread TRN found. Sleeping 10s...
[2025-12-12 17:33:10] Scan stats => checked:0 matched:0 (Unread-only)
[2025-12-12 17:33:10] No matching unread TRN found. Sleeping 10s...
[2025-12-12 17:33:20] Scan stats => checked:0 matched:0 (Unread-only)
[2025-12-12 17:33:20] No matching unread TRN found. Sleeping 10s...
[2025-12-12 17:33:30] Scan stats => checked:0 matched:0 (Unread-only)
[2025-12-12 17:33:30] No matching unread TRN found. Sleeping 10s...
[2025-12-12 17:33:40] Scan stats => checked:0 matched:0 (Unread-only)
[2025-12-12 17:33:40] No matching unread TRN found. Sleeping 10s...
[2025-12-12 17:33:50] Scan stats => checked:0 matched:0 (Unread-only)
[2025-12-12 17:33:50] No matching unread TRN found. Sleeping 10s...
[2025-12-12 17:34:00] Scan stats => checked:0 matched:0 (Unread-only)
[2025-12-12 17:34:00] No matching unread TRN found. Sleeping 10s...
[2025-12-12 17:34:10] Scan stats => checked:0 matched:0 (Unread-only)
[2025-12-12 17:34:10] No matching unread TRN found. Sleeping 10s...
[2025-12-12 17:34:20] Scan stats => checked:0 matched:0 (Unread-only)
[2025-12-12 17:34:20] No matching unread TRN found. Sleeping 10s...
[2025-12-12 17:34:30] Scan stats => checked:0 matched:0 (Unread-only)
[2025-12-12 17:34:30] No matching unread TRN found. Sleeping 10s...
[2025-12-12 17:34:40] Scan stats => checked:0 matched:0 (Unread-only)
[2025-12-12 17:34:40] No matching unread TRN found. Sleeping 10s...
[2025-12-12 17:34:50] Scan stats => checked:0 matched:0 (Unread-only)
[2025-12-12 17:34:50] No matching unread TRN found. Sleeping 10s...
[2025-12-12 17:35:00] Scan stats => checked:0 matched:0 (Unread-only)
[2025-12-12 17:35:00] No matching unread TRN found. Sleeping 10s...
[2025-12-12 17:35:10] Scan stats => checked:0 matched:0 (Unread-only)
[2025-12-12 17:35:10] No matching unread TRN found. Sleeping 10s...
[2025-12-12 17:35:20] Scan stats => checked:0 matched:0 (Unread-only)
[2025-12-12 17:35:20] No matching unread TRN found. Sleeping 10s...
[2025-12-12 17:35:30] Scan stats => checked:0 matched:0 (Unread-only)
[2025-12-12 17:35:30] No matching unread TRN found. Sleeping 10s...
[2025-12-12 17:35:40] Scan stats => checked:0 matched:0 (Unread-only)
[2025-12-12 17:35:40] No matching unread TRN found. Sleeping 10s...
[2025-12-12 17:35:50] Scan stats => checked:0 matched:0 (Unread-only)
[2025-12-12 17:35:50] No matching unread TRN found. Sleeping 10s...
[2025-12-12 17:36:00] Scan stats => checked:0 matched:0 (Unread-only)
[2025-12-12 17:36:00] No matching unread TRN found. Sleeping 10s...
[2025-12-12 17:36:10] Scan stats => checked:0 matched:0 (Unread-only)
[2025-12-12 17:36:10] No matching unread TRN found. Sleeping 10s...
[2025-12-12 17:36:20] Scan stats => checked:0 matched:0 (Unread-only)
[2025-12-12 17:36:20] No matching unread TRN found. Sleeping 10s...
[2025-12-12 17:36:30] Scan stats => checked:0 matched:0 (Unread-only)
[2025-12-12 17:36:30] No matching unread TRN found. Sleeping 10s...
[2025-12-12 17:36:40] Scan stats => checked:0 matched:0 (Unread-only)
[2025-12-12 17:36:40] No matching unread TRN found. Sleeping 10s...
[2025-12-12 17:36:50] Scan stats => checked:0 matched:0 (Unread-only)
[2025-12-12 17:36:50] No matching unread TRN found. Sleeping 10s...
[2025-12-12 17:37:00] Scan stats => checked:0 matched:0 (Unread-only)
[2025-12-12 17:37:00] No matching unread TRN found. Sleeping 10s...
[2025-12-12 17:37:10] Scan stats => checked:0 matched:0 (Unread-only)
[2025-12-12 17:37:10] No matching unread TRN found. Sleeping 10s...
[2025-12-12 17:37:20] Scan stats => checked:0 matched:0 (Unread-only)
[2025-12-12 17:37:20] No matching unread TRN found. Sleeping 10s...
[2025-12-12 17:37:30] Scan stats => checked:0 matched:0 (Unread-only)
[2025-12-12 17:37:30] No matching unread TRN found. Sleeping 10s...
[2025-12-12 17:37:40] Scan stats => checked:0 matched:0 (Unread-only)
[2025-12-12 17:37:40] No matching unread TRN found. Sleeping 10s...
[2025-12-12 17:37:50] Scan stats => checked:0 matched:0 (Unread-only)
[2025-12-12 17:37:50] No matching unread TRN found. Sleeping 10s...
[2025-12-12 17:38:00] Scan stats => checked:0 matched:0 (Unread-only)
[2025-12-12 17:38:00] No matching unread TRN found. Sleeping 10s...
[2025-12-12 17:38:10] Scan stats => checked:0 matched:0 (Unread-only)
[2025-12-12 17:38:10] No matching unread TRN found. Sleeping 10s...
[2025-12-12 17:38:20] Scan stats => checked:0 matched:0 (Unread-only)
[2025-12-12 17:38:20] No matching unread TRN found. Sleeping 10s...
[2025-12-12 17:38:30] Scan stats => checked:0 matched:0 (Unread-only)
[2025-12-12 17:38:30] No matching unread TRN found. Sleeping 10s...
[2025-12-12 17:38:40] Scan stats => checked:0 matched:0 (Unread-only)
[2025-12-12 17:38:40] No matching unread TRN found. Sleeping 10s...
[2025-12-12 17:38:50] Scan stats => checked:0 matched:0 (Unread-only)
[2025-12-12 17:38:50] No matching unread TRN found. Sleeping 10s...
[2025-12-12 17:39:00] Scan stats => checked:0 matched:0 (Unread-only)
[2025-12-12 17:39:00] No matching unread TRN found. Sleeping 10s...
[2025-12-12 17:39:10] Scan stats => checked:0 matched:0 (Unread-only)
[2025-12-12 17:39:10] No matching unread TRN found. Sleeping 10s...
[2025-12-12 17:39:20] Scan stats => checked:0 matched:0 (Unread-only)
[2025-12-12 17:39:20] No matching unread TRN found. Sleeping 10s...
[2025-12-12 17:39:30] Scan stats => checked:0 matched:0 (Unread-only)
[2025-12-12 17:39:30] No matching unread TRN found. Sleeping 10s...
[2025-12-12 17:39:40] Scan stats => checked:0 matched:0 (Unread-only)
[2025-12-12 17:39:40] No matching unread TRN found. Sleeping 10s...
[2025-12-12 17:39:50] Scan stats => checked:0 matched:0 (Unread-only)
[2025-12-12 17:39:50] No matching unread TRN found. Sleeping 10s...
[2025-12-12 17:40:00] Scan stats => checked:0 matched:0 (Unread-only)
[2025-12-12 17:40:00] No matching unread TRN found. Sleeping 10s...
[2025-12-12 17:40:10] Scan stats => checked:0 matched:0 (Unread-only)
[2025-12-12 17:40:10] No matching unread TRN found. Sleeping 10s...
[2025-12-12 17:40:20] Scan stats => checked:0 matched:0 (Unread-only)
[2025-12-12 17:40:20] No matching unread TRN found. Sleeping 10s...
[2025-12-12 17:40:30] Scan stats => checked:0 matched:0 (Unread-only)
[2025-12-12 17:40:30] No matching unread TRN found. Sleeping 10s...
[2025-12-12 17:40:40] Scan stats => checked:0 matched:0 (Unread-only)
[2025-12-12 17:40:40] No matching unread TRN found. Sleeping 10s...
[2025-12-12 17:40:50] Scan stats => checked:0 matched:0 (Unread-only)
[2025-12-12 17:40:50] No matching unread TRN found. Sleeping 10s...
[2025-12-12 17:41:00] Scan stats => checked:0 matched:0 (Unread-only)
[2025-12-12 17:41:00] No matching unread TRN found. Sleeping 10s...
[2025-12-12 17:41:10] Scan stats => checked:0 matched:0 (Unread-only)
[2025-12-12 17:41:10] No matching unread TRN found. Sleeping 10s...
[2025-12-12 17:41:20] Scan stats => checked:0 matched:0 (Unread-only)
[2025-12-12 17:41:20] No matching unread TRN found. Sleeping 10s...
[2025-12-12 17:41:30] Scan stats => checked:0 matched:0 (Unread-only)
[2025-12-12 17:41:30] No matching unread TRN found. Sleeping 10s...
[2025-12-12 17:41:40] Scan stats => checked:0 matched:0 (Unread-only)
[2025-12-12 17:41:40] No matching unread TRN found. Sleeping 10s...
[2025-12-12 17:41:50] Scan stats => checked:0 matched:0 (Unread-only)
[2025-12-12 17:41:50] No matching unread TRN found. Sleeping 10s...
[2025-12-12 17:42:00] Scan stats => checked:0 matched:0 (Unread-only)
[2025-12-12 17:42:00] No matching unread TRN found. Sleeping 10s...
[2025-12-12 17:42:10] Scan stats => checked:0 matched:0 (Unread-only)
[2025-12-12 17:42:10] No matching unread TRN found. Sleeping 10s...
[2025-12-12 17:42:20] Scan stats => checked:0 matched:0 (Unread-only)
[2025-12-12 17:42:20] No matching unread TRN found. Sleeping 10s...
[2025-12-12 17:42:30] Scan stats => checked:0 matched:0 (Unread-only)
[2025-12-12 17:42:30] No matching unread TRN found. Sleeping 10s...
[2025-12-12 17:42:40] Scan stats => checked:0 matched:0 (Unread-only)
[2025-12-12 17:42:40] No matching unread TRN found. Sleeping 10s...
[2025-12-12 17:42:50] Scan stats => checked:0 matched:0 (Unread-only)
[2025-12-12 17:42:50] No matching unread TRN found. Sleeping 10s...
[2025-12-12 17:43:00] Scan stats => checked:0 matched:0 (Unread-only)
[2025-12-12 17:43:00] No matching unread TRN found. Sleeping 10s...
[2025-12-12 17:43:10] Scan stats => checked:0 matched:0 (Unread-only)
[2025-12-12 17:43:10] No matching unread TRN found. Sleeping 10s...
[2025-12-12 17:43:20] Scan stats => checked:0 matched:0 (Unread-only)
[2025-12-12 17:43:20] No matching unread TRN found. Sleeping 10s...
[2025-12-12 17:43:30] Scan stats => checked:0 matched:0 (Unread-only)
[2025-12-12 17:43:30] No matching unread TRN found. Sleeping 10s...
[2025-12-12 17:43:40] Scan stats => checked:0 matched:0 (Unread-only)
[2025-12-12 17:43:40] No matching unread TRN found. Sleeping 10s...
[2025-12-12 17:43:50] Scan stats => checked:0 matched:0 (Unread-only)
[2025-12-12 17:43:50] No matching unread TRN found. Sleeping 10s...
[2025-12-12 17:44:00] Scan stats => checked:0 matched:0 (Unread-only)
[2025-12-12 17:44:00] No matching unread TRN found. Sleeping 10s...
[2025-12-12 17:44:10] Scan stats => checked:0 matched:0 (Unread-only)
[2025-12-12 17:44:10] No matching unread TRN found. Sleeping 10s...
[2025-12-12 17:44:20] Scan stats => checked:0 matched:0 (Unread-only)
[2025-12-12 17:44:20] No matching unread TRN found. Sleeping 10s...
[2025-12-12 17:44:30] Scan stats => checked:0 matched:0 (Unread-only)
[2025-12-12 17:44:30] No matching unread TRN found. Sleeping 10s...
[2025-12-12 17:44:40] Scan stats => checked:0 matched:0 (Unread-only)
[2025-12-12 17:44:40] No matching unread TRN found. Sleeping 10s...
[2025-12-12 17:44:50] Scan stats => checked:0 matched:0 (Unread-only)
[2025-12-12 17:44:50] No matching unread TRN found. Sleeping 10s...
[2025-12-12 17:45:00] Scan stats => checked:0 matched:0 (Unread-only)
[2025-12-12 17:45:00] No matching unread TRN found. Sleeping 10s...
[2025-12-12 17:45:10] Scan stats => checked:0 matched:0 (Unread-only)
[2025-12-12 17:45:10] No matching unread TRN found. Sleeping 10s...
[2025-12-12 17:45:20] Scan stats => checked:0 matched:0 (Unread-only)
[2025-12-12 17:45:20] No matching unread TRN found. Sleeping 10s...
[2025-12-12 17:45:30] Scan stats => checked:0 matched:0 (Unread-only)
[2025-12-12 17:45:30] No matching unread TRN found. Sleeping 10s...
[2025-12-12 17:45:40] Scan stats => checked:0 matched:0 (Unread-only)
[2025-12-12 17:45:40] No matching unread TRN found. Sleeping 10s...
[2025-12-12 17:45:50] Scan stats => checked:0 matched:0 (Unread-only)
[2025-12-12 17:45:50] No matching unread TRN found. Sleeping 10s...
[2025-12-12 17:46:00] Scan stats => checked:0 matched:0 (Unread-only)
[2025-12-12 17:46:00] No matching unread TRN found. Sleeping 10s...
[2025-12-12 17:46:10] Scan stats => checked:0 matched:0 (Unread-only)
[2025-12-12 17:46:10] No matching unread TRN found. Sleeping 10s...
[2025-12-12 17:46:20] Scan stats => checked:0 matched:0 (Unread-only)
[2025-12-12 17:46:20] No matching unread TRN found. Sleeping 10s...
[2025-12-12 17:46:30] Scan stats => checked:0 matched:0 (Unread-only)
[2025-12-12 17:46:30] No matching unread TRN found. Sleeping 10s...
[2025-12-12 17:46:40] Scan stats => checked:0 matched:0 (Unread-only)
[2025-12-12 17:46:40] No matching unread TRN found. Sleeping 10s...
[2025-12-12 17:46:50] Scan stats => checked:0 matched:0 (Unread-only)
[2025-12-12 17:46:50] No matching unread TRN found. Sleeping 10s...
[2025-12-12 17:47:00] Scan stats => checked:0 matched:0 (Unread-only)
[2025-12-12 17:47:00] No matching unread TRN found. Sleeping 10s...
[2025-12-12 17:47:10] Scan stats => checked:0 matched:0 (Unread-only)
[2025-12-12 17:47:10] No matching unread TRN found. Sleeping 10s...
[2025-12-12 17:47:20] Scan stats => checked:0 matched:0 (Unread-only)
[2025-12-12 17:47:20] No matching unread TRN found. Sleeping 10s...
[2025-12-12 17:47:30] Scan stats => checked:0 matched:0 (Unread-only)
[2025-12-12 17:47:30] No matching unread TRN found. Sleeping 10s...
[2025-12-12 17:47:40] Scan stats => checked:0 matched:0 (Unread-only)
[2025-12-12 17:47:40] No matching unread TRN found. Sleeping 10s...
[2025-12-12 17:47:50] Scan stats => checked:0 matched:0 (Unread-only)
[2025-12-12 17:47:50] No matching unread TRN found. Sleeping 10s...
[2025-12-12 17:48:00] Scan stats => checked:0 matched:0 (Unread-only)
[2025-12-12 17:48:00] No matching unread TRN found. Sleeping 10s...
[2025-12-12 17:48:10] Scan stats => checked:0 matched:0 (Unread-only)
[2025-12-12 17:48:10] No matching unread TRN found. Sleeping 10s...
[2025-12-12 17:48:20] Scan stats => checked:0 matched:0 (Unread-only)
[2025-12-12 17:48:20] No matching unread TRN found. Sleeping 10s...
[2025-12-12 17:48:30] Scan stats => checked:0 matched:0 (Unread-only)
[2025-12-12 17:48:30] No matching unread TRN found. Sleeping 10s...
[2025-12-12 17:48:40] Scan stats => checked:0 matched:0 (Unread-only)
[2025-12-12 17:48:40] No matching unread TRN found. Sleeping 10s...
[2025-12-12 17:48:50] Scan stats => checked:0 matched:0 (Unread-only)
[2025-12-12 17:48:50] No matching unread TRN found. Sleeping 10s...
[2025-12-12 17:49:01] Scan stats => checked:0 matched:0 (Unread-only)
[2025-12-12 17:49:01] No matching unread TRN found. Sleeping 10s...
[2025-12-12 17:49:11] Scan stats => checked:0 matched:0 (Unread-only)
[2025-12-12 17:49:11] No matching unread TRN found. Sleeping 10s...
[2025-12-12 17:49:21] Scan stats => checked:0 matched:0 (Unread-only)
[2025-12-12 17:49:21] No matching unread TRN found. Sleeping 10s...
[2025-12-12 17:49:31] Scan stats => checked:0 matched:0 (Unread-only)
[2025-12-12 17:49:31] No matching unread TRN found. Sleeping 10s...
[2025-12-12 17:49:41] Scan stats => checked:0 matched:0 (Unread-only)
[2025-12-12 17:49:41] No matching unread TRN found. Sleeping 10s...
[2025-12-12 17:49:51] Scan stats => checked:0 matched:0 (Unread-only)
[2025-12-12 17:49:51] No matching unread TRN found. Sleeping 10s...
[2025-12-12 17:50:01] Scan stats => checked:0 matched:0 (Unread-only)
[2025-12-12 17:50:01] No matching unread TRN found. Sleeping 10s...
[2025-12-12 17:50:11] Scan stats => checked:0 matched:0 (Unread-only)
[2025-12-12 17:50:11] No matching unread TRN found. Sleeping 10s...
[2025-12-12 17:50:21] Scan stats => checked:0 matched:0 (Unread-only)
[2025-12-12 17:50:21] No matching unread TRN found. Sleeping 10s...
[2025-12-12 17:50:31] Scan stats => checked:0 matched:0 (Unread-only)
[2025-12-12 17:50:31] No matching unread TRN found. Sleeping 10s...
[2025-12-12 17:50:41] Scan stats => checked:0 matched:0 (Unread-only)
[2025-12-12 17:50:41] No matching unread TRN found. Sleeping 10s...
[2025-12-12 17:50:51] Scan stats => checked:0 matched:0 (Unread-only)
[2025-12-12 17:50:51] No matching unread TRN found. Sleeping 10s...
[2025-12-12 17:51:01] Scan stats => checked:0 matched:0 (Unread-only)
[2025-12-12 17:51:01] No matching unread TRN found. Sleeping 10s...
[2025-12-12 17:51:11] Scan stats => checked:0 matched:0 (Unread-only)
[2025-12-12 17:51:11] No matching unread TRN found. Sleeping 10s...
[2025-12-12 17:51:21] Scan stats => checked:0 matched:0 (Unread-only)
[2025-12-12 17:51:21] No matching unread TRN found. Sleeping 10s...
[2025-12-12 17:51:31] Scan stats => checked:0 matched:0 (Unread-only)
[2025-12-12 17:51:31] No matching unread TRN found. Sleeping 10s...
[2025-12-12 17:51:41] Scan stats => checked:0 matched:0 (Unread-only)
[2025-12-12 17:51:41] No matching unread TRN found. Sleeping 10s...
[2025-12-12 17:51:51] Scan stats => checked:0 matched:0 (Unread-only)
[2025-12-12 17:51:51] No matching unread TRN found. Sleeping 10s...
[2025-12-12 17:52:01] Scan stats => checked:0 matched:0 (Unread-only)
[2025-12-12 17:52:01] No matching unread TRN found. Sleeping 10s...
[2025-12-12 17:52:11] Scan stats => checked:0 matched:0 (Unread-only)
[2025-12-12 17:52:11] No matching unread TRN found. Sleeping 10s...
[2025-12-12 17:56:09] Scan stats => checked:0 matched:0 (Unread-only)
[2025-12-12 17:56:09] No matching unread TRN found. Sleeping 10s...
[2025-12-12 17:56:19] Scan stats => checked:0 matched:0 (Unread-only)
[2025-12-12 17:56:19] No matching unread TRN found. Sleeping 10s...
[2025-12-12 17:56:30] Scan stats => checked:0 matched:0 (Unread-only)
[2025-12-12 17:56:30] No matching unread TRN found. Sleeping 10s...
[2025-12-12 17:56:40] Scan stats => checked:0 matched:0 (Unread-only)
[2025-12-12 17:56:40] No matching unread TRN found. Sleeping 10s...
[2025-12-12 17:56:50] Scan stats => checked:0 matched:0 (Unread-only)
[2025-12-12 17:56:50] No matching unread TRN found. Sleeping 10s...
[2025-12-12 17:57:00] Scan stats => checked:0 matched:0 (Unread-only)
[2025-12-12 17:57:00] No matching unread TRN found. Sleeping 10s...
[2025-12-12 17:57:10] Scan stats => checked:0 matched:0 (Unread-only)
[2025-12-12 17:57:10] No matching unread TRN found. Sleeping 10s...
[2025-12-12 17:57:20] Scan stats => checked:0 matched:0 (Unread-only)
[2025-12-12 17:57:20] No matching unread TRN found. Sleeping 10s...
[2025-12-12 17:57:30] Scan stats => checked:0 matched:0 (Unread-only)
[2025-12-12 17:57:30] No matching unread TRN found. Sleeping 10s...
[2025-12-12 17:57:40] Scan stats => checked:0 matched:0 (Unread-only)
[2025-12-12 17:57:40] No matching unread TRN found. Sleeping 10s...
[2025-12-12 17:57:50] Scan stats => checked:0 matched:0 (Unread-only)
[2025-12-12 17:57:50] No matching unread TRN found. Sleeping 10s...
[2025-12-12 17:58:00] Scan stats => checked:0 matched:0 (Unread-only)
[2025-12-12 17:58:00] No matching unread TRN found. Sleeping 10s...
[2025-12-12 17:58:10] Scan stats => checked:0 matched:0 (Unread-only)
[2025-12-12 17:58:10] No matching unread TRN found. Sleeping 10s...
[2025-12-12 17:58:20] Scan stats => checked:0 matched:0 (Unread-only)
[2025-12-12 17:58:20] No matching unread TRN found. Sleeping 10s...
[2025-12-12 17:58:30] Scan stats => checked:0 matched:0 (Unread-only)
[2025-12-12 17:58:30] No matching unread TRN found. Sleeping 10s...
[2025-12-12 17:58:40] Scan stats => checked:0 matched:0 (Unread-only)
[2025-12-12 17:58:40] No matching unread TRN found. Sleeping 10s...
[2025-12-12 17:58:50] Scan stats => checked:0 matched:0 (Unread-only)
[2025-12-12 17:58:50] No matching unread TRN found. Sleeping 10s...
[2025-12-12 17:59:00] Scan stats => checked:0 matched:0 (Unread-only)
[2025-12-12 17:59:00] No matching unread TRN found. Sleeping 10s...
[2025-12-12 17:59:10] Scan stats => checked:0 matched:0 (Unread-only)
[2025-12-12 17:59:10] No matching unread TRN found. Sleeping 10s...
[2025-12-12 17:59:20] Scan stats => checked:0 matched:0 (Unread-only)
[2025-12-12 17:59:20] No matching unread TRN found. Sleeping 10s...
[2025-12-12 17:59:30] Scan stats => checked:0 matched:0 (Unread-only)
[2025-12-12 17:59:30] No matching unread TRN found. Sleeping 10s...
[2025-12-12 17:59:40] Scan stats => checked:0 matched:0 (Unread-only)
[2025-12-12 17:59:40] No matching unread TRN found. Sleeping 10s...
[2025-12-12 17:59:50] Scan stats => checked:0 matched:0 (Unread-only)
[2025-12-12 17:59:50] No matching unread TRN found. Sleeping 10s...
[2025-12-12 18:00:00] Scan stats => checked:0 matched:0 (Unread-only)
[2025-12-12 18:00:00] No matching unread TRN found. Sleeping 10s...
[2025-12-12 18:00:10] Loop error: (-2147023174, 'The RPC server is unavailable.', None, None)
[2025-12-12 18:00:10] Traceback (most recent call last):
  File "C:\Users\husey\OneDrive\Desktop\Development\Work_Automation\test2.py", line 515, in main
    payloads = scan_unread_trn_mails(folder, processed_ids)
  File "C:\Users\husey\OneDrive\Desktop\Development\Work_Automation\test2.py", line 412, in scan_unread_trn_mails
    items = folder.Items
            ^^^^^^^^^^^^
  File "C:\Users\husey\AppData\Local\Programs\Python\Python314\Lib\site-packages\win32com\client\dynamic.py", line 620, in __getattr__
    ret = self._oleobj_.Invoke(retEntry.dispid, 0, invoke_type, 1)
pywintypes.com_error: (-2147023174, 'The RPC server is unavailable.', None, None)

[2025-12-12 18:00:20] Loop error: (-2147023174, 'The RPC server is unavailable.', None, None)
[2025-12-12 18:00:20] Traceback (most recent call last):
  File "C:\Users\husey\OneDrive\Desktop\Development\Work_Automation\test2.py", line 515, in main
    payloads = scan_unread_trn_mails(folder, processed_ids)
  File "C:\Users\husey\OneDrive\Desktop\Development\Work_Automation\test2.py", line 412, in scan_unread_trn_mails
    items = folder.Items
            ^^^^^^^^^^^^
  File "C:\Users\husey\AppData\Local\Programs\Python\Python314\Lib\site-packages\win32com\client\dynamic.py", line 620, in __getattr__
    ret = self._oleobj_.Invoke(retEntry.dispid, 0, invoke_type, 1)
pywintypes.com_error: (-2147023174, 'The RPC server is unavailable.', None, None)

[2025-12-12 18:00:30] Loop error: (-2147023174, 'The RPC server is unavailable.', None, None)
[2025-12-12 18:00:30] Traceback (most recent call last):
  File "C:\Users\husey\OneDrive\Desktop\Development\Work_Automation\test2.py", line 515, in main
    payloads = scan_unread_trn_mails(folder, processed_ids)
  File "C:\Users\husey\OneDrive\Desktop\Development\Work_Automation\test2.py", line 412, in scan_unread_trn_mails
    items = folder.Items
            ^^^^^^^^^^^^
  File "C:\Users\husey\AppData\Local\Programs\Python\Python314\Lib\site-packages\win32com\client\dynamic.py", line 620, in __getattr__
    ret = self._oleobj_.Invoke(retEntry.dispid, 0, invoke_type, 1)
pywintypes.com_error: (-2147023174, 'The RPC server is unavailable.', None, None)

[2025-12-12 18:00:40] Loop error: (-2147023174, 'The RPC server is unavailable.', None, None)
[2025-12-12 18:00:40] Traceback (most recent call last):
  File "C:\Users\husey\OneDrive\Desktop\Development\Work_Automation\test2.py", line 515, in main
    payloads = scan_unread_trn_mails(folder, processed_ids)
  File "C:\Users\husey\OneDrive\Desktop\Development\Work_Automation\test2.py", line 412, in scan_unread_trn_mails
    items = folder.Items
            ^^^^^^^^^^^^
  File "C:\Users\husey\AppData\Local\Programs\Python\Python314\Lib\site-packages\win32com\client\dynamic.py", line 620, in __getattr__
    ret = self._oleobj_.Invoke(retEntry.dispid, 0, invoke_type, 1)
pywintypes.com_error: (-2147023174, 'The RPC server is unavailable.', None, None)

[2025-12-12 18:00:50] Loop error: (-2147023174, 'The RPC server is unavailable.', None, None)
[2025-12-12 18:00:50] Traceback (most recent call last):
  File "C:\Users\husey\OneDrive\Desktop\Development\Work_Automation\test2.py", line 515, in main
    payloads = scan_unread_trn_mails(folder, processed_ids)
  File "C:\Users\husey\OneDrive\Desktop\Development\Work_Automation\test2.py", line 412, in scan_unread_trn_mails
    items = folder.Items
            ^^^^^^^^^^^^
  File "C:\Users\husey\AppData\Local\Programs\Python\Python314\Lib\site-packages\win32com\client\dynamic.py", line 620, in __getattr__
    ret = self._oleobj_.Invoke(retEntry.dispid, 0, invoke_type, 1)
pywintypes.com_error: (-2147023174, 'The RPC server is unavailable.', None, None)

[2025-12-12 18:01:00] Loop error: (-2147023174, 'The RPC server is unavailable.', None, None)
[2025-12-12 18:01:00] Traceback (most recent call last):
  File "C:\Users\husey\OneDrive\Desktop\Development\Work_Automation\test2.py", line 515, in main
    payloads = scan_unread_trn_mails(folder, processed_ids)
  File "C:\Users\husey\OneDrive\Desktop\Development\Work_Automation\test2.py", line 412, in scan_unread_trn_mails
    items = folder.Items
            ^^^^^^^^^^^^
  File "C:\Users\husey\AppData\Local\Programs\Python\Python314\Lib\site-packages\win32com\client\dynamic.py", line 620, in __getattr__
    ret = self._oleobj_.Invoke(retEntry.dispid, 0, invoke_type, 1)
pywintypes.com_error: (-2147023174, 'The RPC server is unavailable.', None, None)

[2025-12-12 18:01:10] Loop error: (-2147023174, 'The RPC server is unavailable.', None, None)
[2025-12-12 18:01:10] Traceback (most recent call last):
  File "C:\Users\husey\OneDrive\Desktop\Development\Work_Automation\test2.py", line 515, in main
    payloads = scan_unread_trn_mails(folder, processed_ids)
  File "C:\Users\husey\OneDrive\Desktop\Development\Work_Automation\test2.py", line 412, in scan_unread_trn_mails
    items = folder.Items
            ^^^^^^^^^^^^
  File "C:\Users\husey\AppData\Local\Programs\Python\Python314\Lib\site-packages\win32com\client\dynamic.py", line 620, in __getattr__
    ret = self._oleobj_.Invoke(retEntry.dispid, 0, invoke_type, 1)
pywintypes.com_error: (-2147023174, 'The RPC server is unavailable.', None, None)

[2025-12-12 18:01:20] Loop error: (-2147023174, 'The RPC server is unavailable.', None, None)
[2025-12-12 18:01:20] Traceback (most recent call last):
  File "C:\Users\husey\OneDrive\Desktop\Development\Work_Automation\test2.py", line 515, in main
    payloads = scan_unread_trn_mails(folder, processed_ids)
  File "C:\Users\husey\OneDrive\Desktop\Development\Work_Automation\test2.py", line 412, in scan_unread_trn_mails
    items = folder.Items
            ^^^^^^^^^^^^
  File "C:\Users\husey\AppData\Local\Programs\Python\Python314\Lib\site-packages\win32com\client\dynamic.py", line 620, in __getattr__
    ret = self._oleobj_.Invoke(retEntry.dispid, 0, invoke_type, 1)
pywintypes.com_error: (-2147023174, 'The RPC server is unavailable.', None, None)

[2025-12-12 18:01:30] Loop error: (-2147023174, 'The RPC server is unavailable.', None, None)
[2025-12-12 18:01:30] Traceback (most recent call last):
  File "C:\Users\husey\OneDrive\Desktop\Development\Work_Automation\test2.py", line 515, in main
    payloads = scan_unread_trn_mails(folder, processed_ids)
  File "C:\Users\husey\OneDrive\Desktop\Development\Work_Automation\test2.py", line 412, in scan_unread_trn_mails
    items = folder.Items
            ^^^^^^^^^^^^
  File "C:\Users\husey\AppData\Local\Programs\Python\Python314\Lib\site-packages\win32com\client\dynamic.py", line 620, in __getattr__
    ret = self._oleobj_.Invoke(retEntry.dispid, 0, invoke_type, 1)
pywintypes.com_error: (-2147023174, 'The RPC server is unavailable.', None, None)

[2025-12-12 18:01:40] Loop error: (-2147023174, 'The RPC server is unavailable.', None, None)
[2025-12-12 18:01:40] Traceback (most recent call last):
  File "C:\Users\husey\OneDrive\Desktop\Development\Work_Automation\test2.py", line 515, in main
    payloads = scan_unread_trn_mails(folder, processed_ids)
  File "C:\Users\husey\OneDrive\Desktop\Development\Work_Automation\test2.py", line 412, in scan_unread_trn_mails
    items = folder.Items
            ^^^^^^^^^^^^
  File "C:\Users\husey\AppData\Local\Programs\Python\Python314\Lib\site-packages\win32com\client\dynamic.py", line 620, in __getattr__
    ret = self._oleobj_.Invoke(retEntry.dispid, 0, invoke_type, 1)
pywintypes.com_error: (-2147023174, 'The RPC server is unavailable.', None, None)

[2025-12-12 18:01:50] Loop error: (-2147023174, 'The RPC server is unavailable.', None, None)
[2025-12-12 18:01:50] Traceback (most recent call last):
  File "C:\Users\husey\OneDrive\Desktop\Development\Work_Automation\test2.py", line 515, in main
    payloads = scan_unread_trn_mails(folder, processed_ids)
  File "C:\Users\husey\OneDrive\Desktop\Development\Work_Automation\test2.py", line 412, in scan_unread_trn_mails
    items = folder.Items
            ^^^^^^^^^^^^
  File "C:\Users\husey\AppData\Local\Programs\Python\Python314\Lib\site-packages\win32com\client\dynamic.py", line 620, in __getattr__
    ret = self._oleobj_.Invoke(retEntry.dispid, 0, invoke_type, 1)
pywintypes.com_error: (-2147023174, 'The RPC server is unavailable.', None, None)

[2025-12-12 18:02:00] Loop error: (-2147023174, 'The RPC server is unavailable.', None, None)
[2025-12-12 18:02:00] Traceback (most recent call last):
  File "C:\Users\husey\OneDrive\Desktop\Development\Work_Automation\test2.py", line 515, in main
    payloads = scan_unread_trn_mails(folder, processed_ids)
  File "C:\Users\husey\OneDrive\Desktop\Development\Work_Automation\test2.py", line 412, in scan_unread_trn_mails
    items = folder.Items
            ^^^^^^^^^^^^
  File "C:\Users\husey\AppData\Local\Programs\Python\Python314\Lib\site-packages\win32com\client\dynamic.py", line 620, in __getattr__
    ret = self._oleobj_.Invoke(retEntry.dispid, 0, invoke_type, 1)
pywintypes.com_error: (-2147023174, 'The RPC server is unavailable.', None, None)

[2025-12-12 18:02:10] Loop error: (-2147023174, 'The RPC server is unavailable.', None, None)
[2025-12-12 18:02:10] Traceback (most recent call last):
  File "C:\Users\husey\OneDrive\Desktop\Development\Work_Automation\test2.py", line 515, in main
    payloads = scan_unread_trn_mails(folder, processed_ids)
  File "C:\Users\husey\OneDrive\Desktop\Development\Work_Automation\test2.py", line 412, in scan_unread_trn_mails
    items = folder.Items
            ^^^^^^^^^^^^
  File "C:\Users\husey\AppData\Local\Programs\Python\Python314\Lib\site-packages\win32com\client\dynamic.py", line 620, in __getattr__
    ret = self._oleobj_.Invoke(retEntry.dispid, 0, invoke_type, 1)
pywintypes.com_error: (-2147023174, 'The RPC server is unavailable.', None, None)

[2025-12-12 18:02:20] Loop error: (-2147023174, 'The RPC server is unavailable.', None, None)
[2025-12-12 18:02:20] Traceback (most recent call last):
  File "C:\Users\husey\OneDrive\Desktop\Development\Work_Automation\test2.py", line 515, in main
    payloads = scan_unread_trn_mails(folder, processed_ids)
  File "C:\Users\husey\OneDrive\Desktop\Development\Work_Automation\test2.py", line 412, in scan_unread_trn_mails
    items = folder.Items
            ^^^^^^^^^^^^
  File "C:\Users\husey\AppData\Local\Programs\Python\Python314\Lib\site-packages\win32com\client\dynamic.py", line 620, in __getattr__
    ret = self._oleobj_.Invoke(retEntry.dispid, 0, invoke_type, 1)
pywintypes.com_error: (-2147023174, 'The RPC server is unavailable.', None, None)

[2025-12-12 18:02:30] Loop error: (-2147023174, 'The RPC server is unavailable.', None, None)
[2025-12-12 18:02:30] Traceback (most recent call last):
  File "C:\Users\husey\OneDrive\Desktop\Development\Work_Automation\test2.py", line 515, in main
    payloads = scan_unread_trn_mails(folder, processed_ids)
  File "C:\Users\husey\OneDrive\Desktop\Development\Work_Automation\test2.py", line 412, in scan_unread_trn_mails
    items = folder.Items
            ^^^^^^^^^^^^
  File "C:\Users\husey\AppData\Local\Programs\Python\Python314\Lib\site-packages\win32com\client\dynamic.py", line 620, in __getattr__
    ret = self._oleobj_.Invoke(retEntry.dispid, 0, invoke_type, 1)
pywintypes.com_error: (-2147023174, 'The RPC server is unavailable.', None, None)

[2025-12-12 18:02:40] Loop error: (-2147023174, 'The RPC server is unavailable.', None, None)
[2025-12-12 18:02:40] Traceback (most recent call last):
  File "C:\Users\husey\OneDrive\Desktop\Development\Work_Automation\test2.py", line 515, in main
    payloads = scan_unread_trn_mails(folder, processed_ids)
  File "C:\Users\husey\OneDrive\Desktop\Development\Work_Automation\test2.py", line 412, in scan_unread_trn_mails
    items = folder.Items
            ^^^^^^^^^^^^
  File "C:\Users\husey\AppData\Local\Programs\Python\Python314\Lib\site-packages\win32com\client\dynamic.py", line 620, in __getattr__
    ret = self._oleobj_.Invoke(retEntry.dispid, 0, invoke_type, 1)
pywintypes.com_error: (-2147023174, 'The RPC server is unavailable.', None, None)

[2025-12-12 18:02:50] Loop error: (-2147023174, 'The RPC server is unavailable.', None, None)
[2025-12-12 18:02:50] Traceback (most recent call last):
  File "C:\Users\husey\OneDrive\Desktop\Development\Work_Automation\test2.py", line 515, in main
    payloads = scan_unread_trn_mails(folder, processed_ids)
  File "C:\Users\husey\OneDrive\Desktop\Development\Work_Automation\test2.py", line 412, in scan_unread_trn_mails
    items = folder.Items
            ^^^^^^^^^^^^
  File "C:\Users\husey\AppData\Local\Programs\Python\Python314\Lib\site-packages\win32com\client\dynamic.py", line 620, in __getattr__
    ret = self._oleobj_.Invoke(retEntry.dispid, 0, invoke_type, 1)
pywintypes.com_error: (-2147023174, 'The RPC server is unavailable.', None, None)

[2025-12-12 18:03:00] Loop error: (-2147023174, 'The RPC server is unavailable.', None, None)
[2025-12-12 18:03:00] Traceback (most recent call last):
  File "C:\Users\husey\OneDrive\Desktop\Development\Work_Automation\test2.py", line 515, in main
    payloads = scan_unread_trn_mails(folder, processed_ids)
  File "C:\Users\husey\OneDrive\Desktop\Development\Work_Automation\test2.py", line 412, in scan_unread_trn_mails
    items = folder.Items
            ^^^^^^^^^^^^
  File "C:\Users\husey\AppData\Local\Programs\Python\Python314\Lib\site-packages\win32com\client\dynamic.py", line 620, in __getattr__
    ret = self._oleobj_.Invoke(retEntry.dispid, 0, invoke_type, 1)
pywintypes.com_error: (-2147023174, 'The RPC server is unavailable.', None, None)

[2025-12-12 18:03:10] Loop error: (-2147023174, 'The RPC server is unavailable.', None, None)
[2025-12-12 18:03:10] Traceback (most recent call last):
  File "C:\Users\husey\OneDrive\Desktop\Development\Work_Automation\test2.py", line 515, in main
    payloads = scan_unread_trn_mails(folder, processed_ids)
  File "C:\Users\husey\OneDrive\Desktop\Development\Work_Automation\test2.py", line 412, in scan_unread_trn_mails
    items = folder.Items
            ^^^^^^^^^^^^
  File "C:\Users\husey\AppData\Local\Programs\Python\Python314\Lib\site-packages\win32com\client\dynamic.py", line 620, in __getattr__
    ret = self._oleobj_.Invoke(retEntry.dispid, 0, invoke_type, 1)
pywintypes.com_error: (-2147023174, 'The RPC server is unavailable.', None, None)

[2025-12-12 18:03:20] Loop error: (-2147023174, 'The RPC server is unavailable.', None, None)
[2025-12-12 18:03:20] Traceback (most recent call last):
  File "C:\Users\husey\OneDrive\Desktop\Development\Work_Automation\test2.py", line 515, in main
    payloads = scan_unread_trn_mails(folder, processed_ids)
  File "C:\Users\husey\OneDrive\Desktop\Development\Work_Automation\test2.py", line 412, in scan_unread_trn_mails
    items = folder.Items
            ^^^^^^^^^^^^
  File "C:\Users\husey\AppData\Local\Programs\Python\Python314\Lib\site-packages\win32com\client\dynamic.py", line 620, in __getattr__
    ret = self._oleobj_.Invoke(retEntry.dispid, 0, invoke_type, 1)
pywintypes.com_error: (-2147023174, 'The RPC server is unavailable.', None, None)

[2025-12-12 18:03:30] Loop error: (-2147023174, 'The RPC server is unavailable.', None, None)
[2025-12-12 18:03:30] Traceback (most recent call last):
  File "C:\Users\husey\OneDrive\Desktop\Development\Work_Automation\test2.py", line 515, in main
    payloads = scan_unread_trn_mails(folder, processed_ids)
  File "C:\Users\husey\OneDrive\Desktop\Development\Work_Automation\test2.py", line 412, in scan_unread_trn_mails
    items = folder.Items
            ^^^^^^^^^^^^
  File "C:\Users\husey\AppData\Local\Programs\Python\Python314\Lib\site-packages\win32com\client\dynamic.py", line 620, in __getattr__
    ret = self._oleobj_.Invoke(retEntry.dispid, 0, invoke_type, 1)
pywintypes.com_error: (-2147023174, 'The RPC server is unavailable.', None, None)

[2025-12-12 18:03:40] Loop error: (-2147023174, 'The RPC server is unavailable.', None, None)
[2025-12-12 18:03:40] Traceback (most recent call last):
  File "C:\Users\husey\OneDrive\Desktop\Development\Work_Automation\test2.py", line 515, in main
    payloads = scan_unread_trn_mails(folder, processed_ids)
  File "C:\Users\husey\OneDrive\Desktop\Development\Work_Automation\test2.py", line 412, in scan_unread_trn_mails
    items = folder.Items
            ^^^^^^^^^^^^
  File "C:\Users\husey\AppData\Local\Programs\Python\Python314\Lib\site-packages\win32com\client\dynamic.py", line 620, in __getattr__
    ret = self._oleobj_.Invoke(retEntry.dispid, 0, invoke_type, 1)
pywintypes.com_error: (-2147023174, 'The RPC server is unavailable.', None, None)

[2025-12-12 18:03:50] Loop error: (-2147023174, 'The RPC server is unavailable.', None, None)
[2025-12-12 18:03:50] Traceback (most recent call last):
  File "C:\Users\husey\OneDrive\Desktop\Development\Work_Automation\test2.py", line 515, in main
    payloads = scan_unread_trn_mails(folder, processed_ids)
  File "C:\Users\husey\OneDrive\Desktop\Development\Work_Automation\test2.py", line 412, in scan_unread_trn_mails
    items = folder.Items
            ^^^^^^^^^^^^
  File "C:\Users\husey\AppData\Local\Programs\Python\Python314\Lib\site-packages\win32com\client\dynamic.py", line 620, in __getattr__
    ret = self._oleobj_.Invoke(retEntry.dispid, 0, invoke_type, 1)
pywintypes.com_error: (-2147023174, 'The RPC server is unavailable.', None, None)

[2025-12-12 18:04:00] Loop error: (-2147023174, 'The RPC server is unavailable.', None, None)
[2025-12-12 18:04:00] Traceback (most recent call last):
  File "C:\Users\husey\OneDrive\Desktop\Development\Work_Automation\test2.py", line 515, in main
    payloads = scan_unread_trn_mails(folder, processed_ids)
  File "C:\Users\husey\OneDrive\Desktop\Development\Work_Automation\test2.py", line 412, in scan_unread_trn_mails
    items = folder.Items
            ^^^^^^^^^^^^
  File "C:\Users\husey\AppData\Local\Programs\Python\Python314\Lib\site-packages\win32com\client\dynamic.py", line 620, in __getattr__
    ret = self._oleobj_.Invoke(retEntry.dispid, 0, invoke_type, 1)
pywintypes.com_error: (-2147023174, 'The RPC server is unavailable.', None, None)

[2025-12-12 18:04:10] Loop error: (-2147023174, 'The RPC server is unavailable.', None, None)
[2025-12-12 18:04:10] Traceback (most recent call last):
  File "C:\Users\husey\OneDrive\Desktop\Development\Work_Automation\test2.py", line 515, in main
    payloads = scan_unread_trn_mails(folder, processed_ids)
  File "C:\Users\husey\OneDrive\Desktop\Development\Work_Automation\test2.py", line 412, in scan_unread_trn_mails
    items = folder.Items
            ^^^^^^^^^^^^
  File "C:\Users\husey\AppData\Local\Programs\Python\Python314\Lib\site-packages\win32com\client\dynamic.py", line 620, in __getattr__
    ret = self._oleobj_.Invoke(retEntry.dispid, 0, invoke_type, 1)
pywintypes.com_error: (-2147023174, 'The RPC server is unavailable.', None, None)

[2025-12-12 18:04:20] Loop error: (-2147023174, 'The RPC server is unavailable.', None, None)
[2025-12-12 18:04:20] Traceback (most recent call last):
  File "C:\Users\husey\OneDrive\Desktop\Development\Work_Automation\test2.py", line 515, in main
    payloads = scan_unread_trn_mails(folder, processed_ids)
  File "C:\Users\husey\OneDrive\Desktop\Development\Work_Automation\test2.py", line 412, in scan_unread_trn_mails
    items = folder.Items
            ^^^^^^^^^^^^
  File "C:\Users\husey\AppData\Local\Programs\Python\Python314\Lib\site-packages\win32com\client\dynamic.py", line 620, in __getattr__
    ret = self._oleobj_.Invoke(retEntry.dispid, 0, invoke_type, 1)
pywintypes.com_error: (-2147023174, 'The RPC server is unavailable.', None, None)

[2025-12-12 18:04:30] Loop error: (-2147023174, 'The RPC server is unavailable.', None, None)
[2025-12-12 18:04:30] Traceback (most recent call last):
  File "C:\Users\husey\OneDrive\Desktop\Development\Work_Automation\test2.py", line 515, in main
    payloads = scan_unread_trn_mails(folder, processed_ids)
  File "C:\Users\husey\OneDrive\Desktop\Development\Work_Automation\test2.py", line 412, in scan_unread_trn_mails
    items = folder.Items
            ^^^^^^^^^^^^
  File "C:\Users\husey\AppData\Local\Programs\Python\Python314\Lib\site-packages\win32com\client\dynamic.py", line 620, in __getattr__
    ret = self._oleobj_.Invoke(retEntry.dispid, 0, invoke_type, 1)
pywintypes.com_error: (-2147023174, 'The RPC server is unavailable.', None, None)

[2025-12-12 18:04:40] Loop error: (-2147023174, 'The RPC server is unavailable.', None, None)
[2025-12-12 18:04:40] Traceback (most recent call last):
  File "C:\Users\husey\OneDrive\Desktop\Development\Work_Automation\test2.py", line 515, in main
    payloads = scan_unread_trn_mails(folder, processed_ids)
  File "C:\Users\husey\OneDrive\Desktop\Development\Work_Automation\test2.py", line 412, in scan_unread_trn_mails
    items = folder.Items
            ^^^^^^^^^^^^
  File "C:\Users\husey\AppData\Local\Programs\Python\Python314\Lib\site-packages\win32com\client\dynamic.py", line 620, in __getattr__
    ret = self._oleobj_.Invoke(retEntry.dispid, 0, invoke_type, 1)
pywintypes.com_error: (-2147023174, 'The RPC server is unavailable.', None, None)

[2025-12-12 18:04:50] Loop error: (-2147023174, 'The RPC server is unavailable.', None, None)
[2025-12-12 18:04:50] Traceback (most recent call last):
  File "C:\Users\husey\OneDrive\Desktop\Development\Work_Automation\test2.py", line 515, in main
    payloads = scan_unread_trn_mails(folder, processed_ids)
  File "C:\Users\husey\OneDrive\Desktop\Development\Work_Automation\test2.py", line 412, in scan_unread_trn_mails
    items = folder.Items
            ^^^^^^^^^^^^
  File "C:\Users\husey\AppData\Local\Programs\Python\Python314\Lib\site-packages\win32com\client\dynamic.py", line 620, in __getattr__
    ret = self._oleobj_.Invoke(retEntry.dispid, 0, invoke_type, 1)
pywintypes.com_error: (-2147023174, 'The RPC server is unavailable.', None, None)

[2025-12-12 18:05:00] Loop error: (-2147023174, 'The RPC server is unavailable.', None, None)
[2025-12-12 18:05:00] Traceback (most recent call last):
  File "C:\Users\husey\OneDrive\Desktop\Development\Work_Automation\test2.py", line 515, in main
    payloads = scan_unread_trn_mails(folder, processed_ids)
  File "C:\Users\husey\OneDrive\Desktop\Development\Work_Automation\test2.py", line 412, in scan_unread_trn_mails
    items = folder.Items
            ^^^^^^^^^^^^
  File "C:\Users\husey\AppData\Local\Programs\Python\Python314\Lib\site-packages\win32com\client\dynamic.py", line 620, in __getattr__
    ret = self._oleobj_.Invoke(retEntry.dispid, 0, invoke_type, 1)
pywintypes.com_error: (-2147023174, 'The RPC server is unavailable.', None, None)

[2025-12-12 18:05:10] Loop error: (-2147023174, 'The RPC server is unavailable.', None, None)
[2025-12-12 18:05:10] Traceback (most recent call last):
  File "C:\Users\husey\OneDrive\Desktop\Development\Work_Automation\test2.py", line 515, in main
    payloads = scan_unread_trn_mails(folder, processed_ids)
  File "C:\Users\husey\OneDrive\Desktop\Development\Work_Automation\test2.py", line 412, in scan_unread_trn_mails
    items = folder.Items
            ^^^^^^^^^^^^
  File "C:\Users\husey\AppData\Local\Programs\Python\Python314\Lib\site-packages\win32com\client\dynamic.py", line 620, in __getattr__
    ret = self._oleobj_.Invoke(retEntry.dispid, 0, invoke_type, 1)
pywintypes.com_error: (-2147023174, 'The RPC server is unavailable.', None, None)

[2025-12-12 18:05:20] Loop error: (-2147023174, 'The RPC server is unavailable.', None, None)
[2025-12-12 18:05:20] Traceback (most recent call last):
  File "C:\Users\husey\OneDrive\Desktop\Development\Work_Automation\test2.py", line 515, in main
    payloads = scan_unread_trn_mails(folder, processed_ids)
  File "C:\Users\husey\OneDrive\Desktop\Development\Work_Automation\test2.py", line 412, in scan_unread_trn_mails
    items = folder.Items
            ^^^^^^^^^^^^
  File "C:\Users\husey\AppData\Local\Programs\Python\Python314\Lib\site-packages\win32com\client\dynamic.py", line 620, in __getattr__
    ret = self._oleobj_.Invoke(retEntry.dispid, 0, invoke_type, 1)
pywintypes.com_error: (-2147023174, 'The RPC server is unavailable.', None, None)

[2025-12-12 18:05:30] Loop error: (-2147023174, 'The RPC server is unavailable.', None, None)
[2025-12-12 18:05:30] Traceback (most recent call last):
  File "C:\Users\husey\OneDrive\Desktop\Development\Work_Automation\test2.py", line 515, in main
    payloads = scan_unread_trn_mails(folder, processed_ids)
  File "C:\Users\husey\OneDrive\Desktop\Development\Work_Automation\test2.py", line 412, in scan_unread_trn_mails
    items = folder.Items
            ^^^^^^^^^^^^
  File "C:\Users\husey\AppData\Local\Programs\Python\Python314\Lib\site-packages\win32com\client\dynamic.py", line 620, in __getattr__
    ret = self._oleobj_.Invoke(retEntry.dispid, 0, invoke_type, 1)
pywintypes.com_error: (-2147023174, 'The RPC server is unavailable.', None, None)

[2025-12-12 18:05:40] Loop error: (-2147023174, 'The RPC server is unavailable.', None, None)
[2025-12-12 18:05:40] Traceback (most recent call last):
  File "C:\Users\husey\OneDrive\Desktop\Development\Work_Automation\test2.py", line 515, in main
    payloads = scan_unread_trn_mails(folder, processed_ids)
  File "C:\Users\husey\OneDrive\Desktop\Development\Work_Automation\test2.py", line 412, in scan_unread_trn_mails
    items = folder.Items
            ^^^^^^^^^^^^
  File "C:\Users\husey\AppData\Local\Programs\Python\Python314\Lib\site-packages\win32com\client\dynamic.py", line 620, in __getattr__
    ret = self._oleobj_.Invoke(retEntry.dispid, 0, invoke_type, 1)
pywintypes.com_error: (-2147023174, 'The RPC server is unavailable.', None, None)

[2025-12-12 18:05:50] Loop error: (-2147023174, 'The RPC server is unavailable.', None, None)
[2025-12-12 18:05:50] Traceback (most recent call last):
  File "C:\Users\husey\OneDrive\Desktop\Development\Work_Automation\test2.py", line 515, in main
    payloads = scan_unread_trn_mails(folder, processed_ids)
  File "C:\Users\husey\OneDrive\Desktop\Development\Work_Automation\test2.py", line 412, in scan_unread_trn_mails
    items = folder.Items
            ^^^^^^^^^^^^
  File "C:\Users\husey\AppData\Local\Programs\Python\Python314\Lib\site-packages\win32com\client\dynamic.py", line 620, in __getattr__
    ret = self._oleobj_.Invoke(retEntry.dispid, 0, invoke_type, 1)
pywintypes.com_error: (-2147023174, 'The RPC server is unavailable.', None, None)

[2025-12-12 18:06:00] Loop error: (-2147023174, 'The RPC server is unavailable.', None, None)
[2025-12-12 18:06:00] Traceback (most recent call last):
  File "C:\Users\husey\OneDrive\Desktop\Development\Work_Automation\test2.py", line 515, in main
    payloads = scan_unread_trn_mails(folder, processed_ids)
  File "C:\Users\husey\OneDrive\Desktop\Development\Work_Automation\test2.py", line 412, in scan_unread_trn_mails
    items = folder.Items
            ^^^^^^^^^^^^
  File "C:\Users\husey\AppData\Local\Programs\Python\Python314\Lib\site-packages\win32com\client\dynamic.py", line 620, in __getattr__
    ret = self._oleobj_.Invoke(retEntry.dispid, 0, invoke_type, 1)
pywintypes.com_error: (-2147023174, 'The RPC server is unavailable.', None, None)

[2025-12-12 18:06:10] Loop error: (-2147023174, 'The RPC server is unavailable.', None, None)
[2025-12-12 18:06:10] Traceback (most recent call last):
  File "C:\Users\husey\OneDrive\Desktop\Development\Work_Automation\test2.py", line 515, in main
    payloads = scan_unread_trn_mails(folder, processed_ids)
  File "C:\Users\husey\OneDrive\Desktop\Development\Work_Automation\test2.py", line 412, in scan_unread_trn_mails
    items = folder.Items
            ^^^^^^^^^^^^
  File "C:\Users\husey\AppData\Local\Programs\Python\Python314\Lib\site-packages\win32com\client\dynamic.py", line 620, in __getattr__
    ret = self._oleobj_.Invoke(retEntry.dispid, 0, invoke_type, 1)
pywintypes.com_error: (-2147023174, 'The RPC server is unavailable.', None, None)

[2025-12-12 18:06:20] Loop error: (-2147023174, 'The RPC server is unavailable.', None, None)
[2025-12-12 18:06:20] Traceback (most recent call last):
  File "C:\Users\husey\OneDrive\Desktop\Development\Work_Automation\test2.py", line 515, in main
    payloads = scan_unread_trn_mails(folder, processed_ids)
  File "C:\Users\husey\OneDrive\Desktop\Development\Work_Automation\test2.py", line 412, in scan_unread_trn_mails
    items = folder.Items
            ^^^^^^^^^^^^
  File "C:\Users\husey\AppData\Local\Programs\Python\Python314\Lib\site-packages\win32com\client\dynamic.py", line 620, in __getattr__
    ret = self._oleobj_.Invoke(retEntry.dispid, 0, invoke_type, 1)
pywintypes.com_error: (-2147023174, 'The RPC server is unavailable.', None, None)

[2025-12-12 18:06:30] Loop error: (-2147023174, 'The RPC server is unavailable.', None, None)
[2025-12-12 18:06:30] Traceback (most recent call last):
  File "C:\Users\husey\OneDrive\Desktop\Development\Work_Automation\test2.py", line 515, in main
    payloads = scan_unread_trn_mails(folder, processed_ids)
  File "C:\Users\husey\OneDrive\Desktop\Development\Work_Automation\test2.py", line 412, in scan_unread_trn_mails
    items = folder.Items
            ^^^^^^^^^^^^
  File "C:\Users\husey\AppData\Local\Programs\Python\Python314\Lib\site-packages\win32com\client\dynamic.py", line 620, in __getattr__
    ret = self._oleobj_.Invoke(retEntry.dispid, 0, invoke_type, 1)
pywintypes.com_error: (-2147023174, 'The RPC server is unavailable.', None, None)

[2025-12-12 18:06:40] Loop error: (-2147023174, 'The RPC server is unavailable.', None, None)
[2025-12-12 18:06:40] Traceback (most recent call last):
  File "C:\Users\husey\OneDrive\Desktop\Development\Work_Automation\test2.py", line 515, in main
    payloads = scan_unread_trn_mails(folder, processed_ids)
  File "C:\Users\husey\OneDrive\Desktop\Development\Work_Automation\test2.py", line 412, in scan_unread_trn_mails
    items = folder.Items
            ^^^^^^^^^^^^
  File "C:\Users\husey\AppData\Local\Programs\Python\Python314\Lib\site-packages\win32com\client\dynamic.py", line 620, in __getattr__
    ret = self._oleobj_.Invoke(retEntry.dispid, 0, invoke_type, 1)
pywintypes.com_error: (-2147023174, 'The RPC server is unavailable.', None, None)

[2025-12-12 18:06:50] Loop error: (-2147023174, 'The RPC server is unavailable.', None, None)
[2025-12-12 18:06:50] Traceback (most recent call last):
  File "C:\Users\husey\OneDrive\Desktop\Development\Work_Automation\test2.py", line 515, in main
    payloads = scan_unread_trn_mails(folder, processed_ids)
  File "C:\Users\husey\OneDrive\Desktop\Development\Work_Automation\test2.py", line 412, in scan_unread_trn_mails
    items = folder.Items
            ^^^^^^^^^^^^
  File "C:\Users\husey\AppData\Local\Programs\Python\Python314\Lib\site-packages\win32com\client\dynamic.py", line 620, in __getattr__
    ret = self._oleobj_.Invoke(retEntry.dispid, 0, invoke_type, 1)
pywintypes.com_error: (-2147023174, 'The RPC server is unavailable.', None, None)

[2025-12-12 18:07:00] Loop error: (-2147023174, 'The RPC server is unavailable.', None, None)
[2025-12-12 18:07:00] Traceback (most recent call last):
  File "C:\Users\husey\OneDrive\Desktop\Development\Work_Automation\test2.py", line 515, in main
    payloads = scan_unread_trn_mails(folder, processed_ids)
  File "C:\Users\husey\OneDrive\Desktop\Development\Work_Automation\test2.py", line 412, in scan_unread_trn_mails
    items = folder.Items
            ^^^^^^^^^^^^
  File "C:\Users\husey\AppData\Local\Programs\Python\Python314\Lib\site-packages\win32com\client\dynamic.py", line 620, in __getattr__
    ret = self._oleobj_.Invoke(retEntry.dispid, 0, invoke_type, 1)
pywintypes.com_error: (-2147023174, 'The RPC server is unavailable.', None, None)

[2025-12-12 18:07:10] Loop error: (-2147023174, 'The RPC server is unavailable.', None, None)
[2025-12-12 18:07:10] Traceback (most recent call last):
  File "C:\Users\husey\OneDrive\Desktop\Development\Work_Automation\test2.py", line 515, in main
    payloads = scan_unread_trn_mails(folder, processed_ids)
  File "C:\Users\husey\OneDrive\Desktop\Development\Work_Automation\test2.py", line 412, in scan_unread_trn_mails
    items = folder.Items
            ^^^^^^^^^^^^
  File "C:\Users\husey\AppData\Local\Programs\Python\Python314\Lib\site-packages\win32com\client\dynamic.py", line 620, in __getattr__
    ret = self._oleobj_.Invoke(retEntry.dispid, 0, invoke_type, 1)
pywintypes.com_error: (-2147023174, 'The RPC server is unavailable.', None, None)

[2025-12-12 18:07:20] Loop error: (-2147023174, 'The RPC server is unavailable.', None, None)
[2025-12-12 18:07:20] Traceback (most recent call last):
  File "C:\Users\husey\OneDrive\Desktop\Development\Work_Automation\test2.py", line 515, in main
    payloads = scan_unread_trn_mails(folder, processed_ids)
  File "C:\Users\husey\OneDrive\Desktop\Development\Work_Automation\test2.py", line 412, in scan_unread_trn_mails
    items = folder.Items
            ^^^^^^^^^^^^
  File "C:\Users\husey\AppData\Local\Programs\Python\Python314\Lib\site-packages\win32com\client\dynamic.py", line 620, in __getattr__
    ret = self._oleobj_.Invoke(retEntry.dispid, 0, invoke_type, 1)
pywintypes.com_error: (-2147023174, 'The RPC server is unavailable.', None, None)

[2025-12-12 18:07:30] Loop error: (-2147023174, 'The RPC server is unavailable.', None, None)
[2025-12-12 18:07:30] Traceback (most recent call last):
  File "C:\Users\husey\OneDrive\Desktop\Development\Work_Automation\test2.py", line 515, in main
    payloads = scan_unread_trn_mails(folder, processed_ids)
  File "C:\Users\husey\OneDrive\Desktop\Development\Work_Automation\test2.py", line 412, in scan_unread_trn_mails
    items = folder.Items
            ^^^^^^^^^^^^
  File "C:\Users\husey\AppData\Local\Programs\Python\Python314\Lib\site-packages\win32com\client\dynamic.py", line 620, in __getattr__
    ret = self._oleobj_.Invoke(retEntry.dispid, 0, invoke_type, 1)
pywintypes.com_error: (-2147023174, 'The RPC server is unavailable.', None, None)

[2025-12-12 18:07:40] Loop error: (-2147023174, 'The RPC server is unavailable.', None, None)
[2025-12-12 18:07:40] Traceback (most recent call last):
  File "C:\Users\husey\OneDrive\Desktop\Development\Work_Automation\test2.py", line 515, in main
    payloads = scan_unread_trn_mails(folder, processed_ids)
  File "C:\Users\husey\OneDrive\Desktop\Development\Work_Automation\test2.py", line 412, in scan_unread_trn_mails
    items = folder.Items
            ^^^^^^^^^^^^
  File "C:\Users\husey\AppData\Local\Programs\Python\Python314\Lib\site-packages\win32com\client\dynamic.py", line 620, in __getattr__
    ret = self._oleobj_.Invoke(retEntry.dispid, 0, invoke_type, 1)
pywintypes.com_error: (-2147023174, 'The RPC server is unavailable.', None, None)

[2025-12-12 18:07:50] Loop error: (-2147023174, 'The RPC server is unavailable.', None, None)
[2025-12-12 18:07:50] Traceback (most recent call last):
  File "C:\Users\husey\OneDrive\Desktop\Development\Work_Automation\test2.py", line 515, in main
    payloads = scan_unread_trn_mails(folder, processed_ids)
  File "C:\Users\husey\OneDrive\Desktop\Development\Work_Automation\test2.py", line 412, in scan_unread_trn_mails
    items = folder.Items
            ^^^^^^^^^^^^
  File "C:\Users\husey\AppData\Local\Programs\Python\Python314\Lib\site-packages\win32com\client\dynamic.py", line 620, in __getattr__
    ret = self._oleobj_.Invoke(retEntry.dispid, 0, invoke_type, 1)
pywintypes.com_error: (-2147023174, 'The RPC server is unavailable.', None, None)

[2025-12-12 18:08:00] Loop error: (-2147023174, 'The RPC server is unavailable.', None, None)
[2025-12-12 18:08:00] Traceback (most recent call last):
  File "C:\Users\husey\OneDrive\Desktop\Development\Work_Automation\test2.py", line 515, in main
    payloads = scan_unread_trn_mails(folder, processed_ids)
  File "C:\Users\husey\OneDrive\Desktop\Development\Work_Automation\test2.py", line 412, in scan_unread_trn_mails
    items = folder.Items
            ^^^^^^^^^^^^
  File "C:\Users\husey\AppData\Local\Programs\Python\Python314\Lib\site-packages\win32com\client\dynamic.py", line 620, in __getattr__
    ret = self._oleobj_.Invoke(retEntry.dispid, 0, invoke_type, 1)
pywintypes.com_error: (-2147023174, 'The RPC server is unavailable.', None, None)

[2025-12-12 18:08:10] Loop error: (-2147023174, 'The RPC server is unavailable.', None, None)
[2025-12-12 18:08:10] Traceback (most recent call last):
  File "C:\Users\husey\OneDrive\Desktop\Development\Work_Automation\test2.py", line 515, in main
    payloads = scan_unread_trn_mails(folder, processed_ids)
  File "C:\Users\husey\OneDrive\Desktop\Development\Work_Automation\test2.py", line 412, in scan_unread_trn_mails
    items = folder.Items
            ^^^^^^^^^^^^
  File "C:\Users\husey\AppData\Local\Programs\Python\Python314\Lib\site-packages\win32com\client\dynamic.py", line 620, in __getattr__
    ret = self._oleobj_.Invoke(retEntry.dispid, 0, invoke_type, 1)
pywintypes.com_error: (-2147023174, 'The RPC server is unavailable.', None, None)

[2025-12-12 18:08:20] Loop error: (-2147023174, 'The RPC server is unavailable.', None, None)
[2025-12-12 18:08:20] Traceback (most recent call last):
  File "C:\Users\husey\OneDrive\Desktop\Development\Work_Automation\test2.py", line 515, in main
    payloads = scan_unread_trn_mails(folder, processed_ids)
  File "C:\Users\husey\OneDrive\Desktop\Development\Work_Automation\test2.py", line 412, in scan_unread_trn_mails
    items = folder.Items
            ^^^^^^^^^^^^
  File "C:\Users\husey\AppData\Local\Programs\Python\Python314\Lib\site-packages\win32com\client\dynamic.py", line 620, in __getattr__
    ret = self._oleobj_.Invoke(retEntry.dispid, 0, invoke_type, 1)
pywintypes.com_error: (-2147023174, 'The RPC server is unavailable.', None, None)

[2025-12-12 18:08:30] Loop error: (-2147023174, 'The RPC server is unavailable.', None, None)
[2025-12-12 18:08:30] Traceback (most recent call last):
  File "C:\Users\husey\OneDrive\Desktop\Development\Work_Automation\test2.py", line 515, in main
    payloads = scan_unread_trn_mails(folder, processed_ids)
  File "C:\Users\husey\OneDrive\Desktop\Development\Work_Automation\test2.py", line 412, in scan_unread_trn_mails
    items = folder.Items
            ^^^^^^^^^^^^
  File "C:\Users\husey\AppData\Local\Programs\Python\Python314\Lib\site-packages\win32com\client\dynamic.py", line 620, in __getattr__
    ret = self._oleobj_.Invoke(retEntry.dispid, 0, invoke_type, 1)
pywintypes.com_error: (-2147023174, 'The RPC server is unavailable.', None, None)

[2025-12-12 18:08:40] Loop error: (-2147023174, 'The RPC server is unavailable.', None, None)
[2025-12-12 18:08:40] Traceback (most recent call last):
  File "C:\Users\husey\OneDrive\Desktop\Development\Work_Automation\test2.py", line 515, in main
    payloads = scan_unread_trn_mails(folder, processed_ids)
  File "C:\Users\husey\OneDrive\Desktop\Development\Work_Automation\test2.py", line 412, in scan_unread_trn_mails
    items = folder.Items
            ^^^^^^^^^^^^
  File "C:\Users\husey\AppData\Local\Programs\Python\Python314\Lib\site-packages\win32com\client\dynamic.py", line 620, in __getattr__
    ret = self._oleobj_.Invoke(retEntry.dispid, 0, invoke_type, 1)
pywintypes.com_error: (-2147023174, 'The RPC server is unavailable.', None, None)

[2025-12-12 18:08:50] Loop error: (-2147023174, 'The RPC server is unavailable.', None, None)
[2025-12-12 18:08:50] Traceback (most recent call last):
  File "C:\Users\husey\OneDrive\Desktop\Development\Work_Automation\test2.py", line 515, in main
    payloads = scan_unread_trn_mails(folder, processed_ids)
  File "C:\Users\husey\OneDrive\Desktop\Development\Work_Automation\test2.py", line 412, in scan_unread_trn_mails
    items = folder.Items
            ^^^^^^^^^^^^
  File "C:\Users\husey\AppData\Local\Programs\Python\Python314\Lib\site-packages\win32com\client\dynamic.py", line 620, in __getattr__
    ret = self._oleobj_.Invoke(retEntry.dispid, 0, invoke_type, 1)
pywintypes.com_error: (-2147023174, 'The RPC server is unavailable.', None, None)

[2025-12-12 18:09:00] Loop error: (-2147023174, 'The RPC server is unavailable.', None, None)
[2025-12-12 18:09:00] Traceback (most recent call last):
  File "C:\Users\husey\OneDrive\Desktop\Development\Work_Automation\test2.py", line 515, in main
    payloads = scan_unread_trn_mails(folder, processed_ids)
  File "C:\Users\husey\OneDrive\Desktop\Development\Work_Automation\test2.py", line 412, in scan_unread_trn_mails
    items = folder.Items
            ^^^^^^^^^^^^
  File "C:\Users\husey\AppData\Local\Programs\Python\Python314\Lib\site-packages\win32com\client\dynamic.py", line 620, in __getattr__
    ret = self._oleobj_.Invoke(retEntry.dispid, 0, invoke_type, 1)
pywintypes.com_error: (-2147023174, 'The RPC server is unavailable.', None, None)

[2025-12-12 18:09:10] Loop error: (-2147023174, 'The RPC server is unavailable.', None, None)
[2025-12-12 18:09:10] Traceback (most recent call last):
  File "C:\Users\husey\OneDrive\Desktop\Development\Work_Automation\test2.py", line 515, in main
    payloads = scan_unread_trn_mails(folder, processed_ids)
  File "C:\Users\husey\OneDrive\Desktop\Development\Work_Automation\test2.py", line 412, in scan_unread_trn_mails
    items = folder.Items
            ^^^^^^^^^^^^
  File "C:\Users\husey\AppData\Local\Programs\Python\Python314\Lib\site-packages\win32com\client\dynamic.py", line 620, in __getattr__
    ret = self._oleobj_.Invoke(retEntry.dispid, 0, invoke_type, 1)
pywintypes.com_error: (-2147023174, 'The RPC server is unavailable.', None, None)

[2025-12-12 18:09:20] Loop error: (-2147023174, 'The RPC server is unavailable.', None, None)
[2025-12-12 18:09:20] Traceback (most recent call last):
  File "C:\Users\husey\OneDrive\Desktop\Development\Work_Automation\test2.py", line 515, in main
    payloads = scan_unread_trn_mails(folder, processed_ids)
  File "C:\Users\husey\OneDrive\Desktop\Development\Work_Automation\test2.py", line 412, in scan_unread_trn_mails
    items = folder.Items
            ^^^^^^^^^^^^
  File "C:\Users\husey\AppData\Local\Programs\Python\Python314\Lib\site-packages\win32com\client\dynamic.py", line 620, in __getattr__
    ret = self._oleobj_.Invoke(retEntry.dispid, 0, invoke_type, 1)
pywintypes.com_error: (-2147023174, 'The RPC server is unavailable.', None, None)

[2025-12-12 18:09:30] Loop error: (-2147023174, 'The RPC server is unavailable.', None, None)
[2025-12-12 18:09:30] Traceback (most recent call last):
  File "C:\Users\husey\OneDrive\Desktop\Development\Work_Automation\test2.py", line 515, in main
    payloads = scan_unread_trn_mails(folder, processed_ids)
  File "C:\Users\husey\OneDrive\Desktop\Development\Work_Automation\test2.py", line 412, in scan_unread_trn_mails
    items = folder.Items
            ^^^^^^^^^^^^
  File "C:\Users\husey\AppData\Local\Programs\Python\Python314\Lib\site-packages\win32com\client\dynamic.py", line 620, in __getattr__
    ret = self._oleobj_.Invoke(retEntry.dispid, 0, invoke_type, 1)
pywintypes.com_error: (-2147023174, 'The RPC server is unavailable.', None, None)

[2025-12-12 18:09:40] Loop error: (-2147023174, 'The RPC server is unavailable.', None, None)
[2025-12-12 18:09:40] Traceback (most recent call last):
  File "C:\Users\husey\OneDrive\Desktop\Development\Work_Automation\test2.py", line 515, in main
    payloads = scan_unread_trn_mails(folder, processed_ids)
  File "C:\Users\husey\OneDrive\Desktop\Development\Work_Automation\test2.py", line 412, in scan_unread_trn_mails
    items = folder.Items
            ^^^^^^^^^^^^
  File "C:\Users\husey\AppData\Local\Programs\Python\Python314\Lib\site-packages\win32com\client\dynamic.py", line 620, in __getattr__
    ret = self._oleobj_.Invoke(retEntry.dispid, 0, invoke_type, 1)
pywintypes.com_error: (-2147023174, 'The RPC server is unavailable.', None, None)

[2025-12-12 18:09:50] Loop error: (-2147023174, 'The RPC server is unavailable.', None, None)
[2025-12-12 18:09:50] Traceback (most recent call last):
  File "C:\Users\husey\OneDrive\Desktop\Development\Work_Automation\test2.py", line 515, in main
    payloads = scan_unread_trn_mails(folder, processed_ids)
  File "C:\Users\husey\OneDrive\Desktop\Development\Work_Automation\test2.py", line 412, in scan_unread_trn_mails
    items = folder.Items
            ^^^^^^^^^^^^
  File "C:\Users\husey\AppData\Local\Programs\Python\Python314\Lib\site-packages\win32com\client\dynamic.py", line 620, in __getattr__
    ret = self._oleobj_.Invoke(retEntry.dispid, 0, invoke_type, 1)
pywintypes.com_error: (-2147023174, 'The RPC server is unavailable.', None, None)

[2025-12-12 18:10:00] Loop error: (-2147023174, 'The RPC server is unavailable.', None, None)
[2025-12-12 18:10:00] Traceback (most recent call last):
  File "C:\Users\husey\OneDrive\Desktop\Development\Work_Automation\test2.py", line 515, in main
    payloads = scan_unread_trn_mails(folder, processed_ids)
  File "C:\Users\husey\OneDrive\Desktop\Development\Work_Automation\test2.py", line 412, in scan_unread_trn_mails
    items = folder.Items
            ^^^^^^^^^^^^
  File "C:\Users\husey\AppData\Local\Programs\Python\Python314\Lib\site-packages\win32com\client\dynamic.py", line 620, in __getattr__
    ret = self._oleobj_.Invoke(retEntry.dispid, 0, invoke_type, 1)
pywintypes.com_error: (-2147023174, 'The RPC server is unavailable.', None, None)

[2025-12-12 18:10:10] Loop error: (-2147023174, 'The RPC server is unavailable.', None, None)
[2025-12-12 18:10:10] Traceback (most recent call last):
  File "C:\Users\husey\OneDrive\Desktop\Development\Work_Automation\test2.py", line 515, in main
    payloads = scan_unread_trn_mails(folder, processed_ids)
  File "C:\Users\husey\OneDrive\Desktop\Development\Work_Automation\test2.py", line 412, in scan_unread_trn_mails
    items = folder.Items
            ^^^^^^^^^^^^
  File "C:\Users\husey\AppData\Local\Programs\Python\Python314\Lib\site-packages\win32com\client\dynamic.py", line 620, in __getattr__
    ret = self._oleobj_.Invoke(retEntry.dispid, 0, invoke_type, 1)
pywintypes.com_error: (-2147023174, 'The RPC server is unavailable.', None, None)

[2025-12-12 18:10:20] Loop error: (-2147023174, 'The RPC server is unavailable.', None, None)
[2025-12-12 18:10:20] Traceback (most recent call last):
  File "C:\Users\husey\OneDrive\Desktop\Development\Work_Automation\test2.py", line 515, in main
    payloads = scan_unread_trn_mails(folder, processed_ids)
  File "C:\Users\husey\OneDrive\Desktop\Development\Work_Automation\test2.py", line 412, in scan_unread_trn_mails
    items = folder.Items
            ^^^^^^^^^^^^
  File "C:\Users\husey\AppData\Local\Programs\Python\Python314\Lib\site-packages\win32com\client\dynamic.py", line 620, in __getattr__
    ret = self._oleobj_.Invoke(retEntry.dispid, 0, invoke_type, 1)
pywintypes.com_error: (-2147023174, 'The RPC server is unavailable.', None, None)

[2025-12-12 18:10:30] Loop error: (-2147023174, 'The RPC server is unavailable.', None, None)
[2025-12-12 18:10:30] Traceback (most recent call last):
  File "C:\Users\husey\OneDrive\Desktop\Development\Work_Automation\test2.py", line 515, in main
    payloads = scan_unread_trn_mails(folder, processed_ids)
  File "C:\Users\husey\OneDrive\Desktop\Development\Work_Automation\test2.py", line 412, in scan_unread_trn_mails
    items = folder.Items
            ^^^^^^^^^^^^
  File "C:\Users\husey\AppData\Local\Programs\Python\Python314\Lib\site-packages\win32com\client\dynamic.py", line 620, in __getattr__
    ret = self._oleobj_.Invoke(retEntry.dispid, 0, invoke_type, 1)
pywintypes.com_error: (-2147023174, 'The RPC server is unavailable.', None, None)

[2025-12-12 18:10:40] Loop error: (-2147023174, 'The RPC server is unavailable.', None, None)
[2025-12-12 18:10:40] Traceback (most recent call last):
  File "C:\Users\husey\OneDrive\Desktop\Development\Work_Automation\test2.py", line 515, in main
    payloads = scan_unread_trn_mails(folder, processed_ids)
  File "C:\Users\husey\OneDrive\Desktop\Development\Work_Automation\test2.py", line 412, in scan_unread_trn_mails
    items = folder.Items
            ^^^^^^^^^^^^
  File "C:\Users\husey\AppData\Local\Programs\Python\Python314\Lib\site-packages\win32com\client\dynamic.py", line 620, in __getattr__
    ret = self._oleobj_.Invoke(retEntry.dispid, 0, invoke_type, 1)
pywintypes.com_error: (-2147023174, 'The RPC server is unavailable.', None, None)

[2025-12-12 18:10:50] Loop error: (-2147023174, 'The RPC server is unavailable.', None, None)
[2025-12-12 18:10:50] Traceback (most recent call last):
  File "C:\Users\husey\OneDrive\Desktop\Development\Work_Automation\test2.py", line 515, in main
    payloads = scan_unread_trn_mails(folder, processed_ids)
  File "C:\Users\husey\OneDrive\Desktop\Development\Work_Automation\test2.py", line 412, in scan_unread_trn_mails
    items = folder.Items
            ^^^^^^^^^^^^
  File "C:\Users\husey\AppData\Local\Programs\Python\Python314\Lib\site-packages\win32com\client\dynamic.py", line 620, in __getattr__
    ret = self._oleobj_.Invoke(retEntry.dispid, 0, invoke_type, 1)
pywintypes.com_error: (-2147023174, 'The RPC server is unavailable.', None, None)

[2025-12-12 18:11:00] Loop error: (-2147023174, 'The RPC server is unavailable.', None, None)
[2025-12-12 18:11:00] Traceback (most recent call last):
  File "C:\Users\husey\OneDrive\Desktop\Development\Work_Automation\test2.py", line 515, in main
    payloads = scan_unread_trn_mails(folder, processed_ids)
  File "C:\Users\husey\OneDrive\Desktop\Development\Work_Automation\test2.py", line 412, in scan_unread_trn_mails
    items = folder.Items
            ^^^^^^^^^^^^
  File "C:\Users\husey\AppData\Local\Programs\Python\Python314\Lib\site-packages\win32com\client\dynamic.py", line 620, in __getattr__
    ret = self._oleobj_.Invoke(retEntry.dispid, 0, invoke_type, 1)
pywintypes.com_error: (-2147023174, 'The RPC server is unavailable.', None, None)

[2025-12-12 18:11:10] Loop error: (-2147023174, 'The RPC server is unavailable.', None, None)
[2025-12-12 18:11:10] Traceback (most recent call last):
  File "C:\Users\husey\OneDrive\Desktop\Development\Work_Automation\test2.py", line 515, in main
    payloads = scan_unread_trn_mails(folder, processed_ids)
  File "C:\Users\husey\OneDrive\Desktop\Development\Work_Automation\test2.py", line 412, in scan_unread_trn_mails
    items = folder.Items
            ^^^^^^^^^^^^
  File "C:\Users\husey\AppData\Local\Programs\Python\Python314\Lib\site-packages\win32com\client\dynamic.py", line 620, in __getattr__
    ret = self._oleobj_.Invoke(retEntry.dispid, 0, invoke_type, 1)
pywintypes.com_error: (-2147023174, 'The RPC server is unavailable.', None, None)

[2025-12-12 18:11:20] Loop error: (-2147023174, 'The RPC server is unavailable.', None, None)
[2025-12-12 18:11:20] Traceback (most recent call last):
  File "C:\Users\husey\OneDrive\Desktop\Development\Work_Automation\test2.py", line 515, in main
    payloads = scan_unread_trn_mails(folder, processed_ids)
  File "C:\Users\husey\OneDrive\Desktop\Development\Work_Automation\test2.py", line 412, in scan_unread_trn_mails
    items = folder.Items
            ^^^^^^^^^^^^
  File "C:\Users\husey\AppData\Local\Programs\Python\Python314\Lib\site-packages\win32com\client\dynamic.py", line 620, in __getattr__
    ret = self._oleobj_.Invoke(retEntry.dispid, 0, invoke_type, 1)
pywintypes.com_error: (-2147023174, 'The RPC server is unavailable.', None, None)

[2025-12-12 18:11:30] Loop error: (-2147023174, 'The RPC server is unavailable.', None, None)
[2025-12-12 18:11:30] Traceback (most recent call last):
  File "C:\Users\husey\OneDrive\Desktop\Development\Work_Automation\test2.py", line 515, in main
    payloads = scan_unread_trn_mails(folder, processed_ids)
  File "C:\Users\husey\OneDrive\Desktop\Development\Work_Automation\test2.py", line 412, in scan_unread_trn_mails
    items = folder.Items
            ^^^^^^^^^^^^
  File "C:\Users\husey\AppData\Local\Programs\Python\Python314\Lib\site-packages\win32com\client\dynamic.py", line 620, in __getattr__
    ret = self._oleobj_.Invoke(retEntry.dispid, 0, invoke_type, 1)
pywintypes.com_error: (-2147023174, 'The RPC server is unavailable.', None, None)

[2025-12-12 18:11:40] Loop error: (-2147023174, 'The RPC server is unavailable.', None, None)
[2025-12-12 18:11:40] Traceback (most recent call last):
  File "C:\Users\husey\OneDrive\Desktop\Development\Work_Automation\test2.py", line 515, in main
    payloads = scan_unread_trn_mails(folder, processed_ids)
  File "C:\Users\husey\OneDrive\Desktop\Development\Work_Automation\test2.py", line 412, in scan_unread_trn_mails
    items = folder.Items
            ^^^^^^^^^^^^
  File "C:\Users\husey\AppData\Local\Programs\Python\Python314\Lib\site-packages\win32com\client\dynamic.py", line 620, in __getattr__
    ret = self._oleobj_.Invoke(retEntry.dispid, 0, invoke_type, 1)
pywintypes.com_error: (-2147023174, 'The RPC server is unavailable.', None, None)

[2025-12-12 18:11:50] Loop error: (-2147023174, 'The RPC server is unavailable.', None, None)
[2025-12-12 18:11:50] Traceback (most recent call last):
  File "C:\Users\husey\OneDrive\Desktop\Development\Work_Automation\test2.py", line 515, in main
    payloads = scan_unread_trn_mails(folder, processed_ids)
  File "C:\Users\husey\OneDrive\Desktop\Development\Work_Automation\test2.py", line 412, in scan_unread_trn_mails
    items = folder.Items
            ^^^^^^^^^^^^
  File "C:\Users\husey\AppData\Local\Programs\Python\Python314\Lib\site-packages\win32com\client\dynamic.py", line 620, in __getattr__
    ret = self._oleobj_.Invoke(retEntry.dispid, 0, invoke_type, 1)
pywintypes.com_error: (-2147023174, 'The RPC server is unavailable.', None, None)

[2025-12-12 18:12:00] Loop error: (-2147023174, 'The RPC server is unavailable.', None, None)
[2025-12-12 18:12:00] Traceback (most recent call last):
  File "C:\Users\husey\OneDrive\Desktop\Development\Work_Automation\test2.py", line 515, in main
    payloads = scan_unread_trn_mails(folder, processed_ids)
  File "C:\Users\husey\OneDrive\Desktop\Development\Work_Automation\test2.py", line 412, in scan_unread_trn_mails
    items = folder.Items
            ^^^^^^^^^^^^
  File "C:\Users\husey\AppData\Local\Programs\Python\Python314\Lib\site-packages\win32com\client\dynamic.py", line 620, in __getattr__
    ret = self._oleobj_.Invoke(retEntry.dispid, 0, invoke_type, 1)
pywintypes.com_error: (-2147023174, 'The RPC server is unavailable.', None, None)

[2025-12-12 18:12:10] Loop error: (-2147023174, 'The RPC server is unavailable.', None, None)
[2025-12-12 18:12:10] Traceback (most recent call last):
  File "C:\Users\husey\OneDrive\Desktop\Development\Work_Automation\test2.py", line 515, in main
    payloads = scan_unread_trn_mails(folder, processed_ids)
  File "C:\Users\husey\OneDrive\Desktop\Development\Work_Automation\test2.py", line 412, in scan_unread_trn_mails
    items = folder.Items
            ^^^^^^^^^^^^
  File "C:\Users\husey\AppData\Local\Programs\Python\Python314\Lib\site-packages\win32com\client\dynamic.py", line 620, in __getattr__
    ret = self._oleobj_.Invoke(retEntry.dispid, 0, invoke_type, 1)
pywintypes.com_error: (-2147023174, 'The RPC server is unavailable.', None, None)

[2025-12-12 18:12:20] Loop error: (-2147023174, 'The RPC server is unavailable.', None, None)
[2025-12-12 18:12:20] Traceback (most recent call last):
  File "C:\Users\husey\OneDrive\Desktop\Development\Work_Automation\test2.py", line 515, in main
    payloads = scan_unread_trn_mails(folder, processed_ids)
  File "C:\Users\husey\OneDrive\Desktop\Development\Work_Automation\test2.py", line 412, in scan_unread_trn_mails
    items = folder.Items
            ^^^^^^^^^^^^
  File "C:\Users\husey\AppData\Local\Programs\Python\Python314\Lib\site-packages\win32com\client\dynamic.py", line 620, in __getattr__
    ret = self._oleobj_.Invoke(retEntry.dispid, 0, invoke_type, 1)
pywintypes.com_error: (-2147023174, 'The RPC server is unavailable.', None, None)

[2025-12-12 18:12:30] Loop error: (-2147023174, 'The RPC server is unavailable.', None, None)
[2025-12-12 18:12:30] Traceback (most recent call last):
  File "C:\Users\husey\OneDrive\Desktop\Development\Work_Automation\test2.py", line 515, in main
    payloads = scan_unread_trn_mails(folder, processed_ids)
  File "C:\Users\husey\OneDrive\Desktop\Development\Work_Automation\test2.py", line 412, in scan_unread_trn_mails
    items = folder.Items
            ^^^^^^^^^^^^
  File "C:\Users\husey\AppData\Local\Programs\Python\Python314\Lib\site-packages\win32com\client\dynamic.py", line 620, in __getattr__
    ret = self._oleobj_.Invoke(retEntry.dispid, 0, invoke_type, 1)
pywintypes.com_error: (-2147023174, 'The RPC server is unavailable.', None, None)

[2025-12-12 18:12:40] Loop error: (-2147023174, 'The RPC server is unavailable.', None, None)
[2025-12-12 18:12:40] Traceback (most recent call last):
  File "C:\Users\husey\OneDrive\Desktop\Development\Work_Automation\test2.py", line 515, in main
    payloads = scan_unread_trn_mails(folder, processed_ids)
  File "C:\Users\husey\OneDrive\Desktop\Development\Work_Automation\test2.py", line 412, in scan_unread_trn_mails
    items = folder.Items
            ^^^^^^^^^^^^
  File "C:\Users\husey\AppData\Local\Programs\Python\Python314\Lib\site-packages\win32com\client\dynamic.py", line 620, in __getattr__
    ret = self._oleobj_.Invoke(retEntry.dispid, 0, invoke_type, 1)
pywintypes.com_error: (-2147023174, 'The RPC server is unavailable.', None, None)

[2025-12-12 18:12:50] Loop error: (-2147023174, 'The RPC server is unavailable.', None, None)
[2025-12-12 18:12:50] Traceback (most recent call last):
  File "C:\Users\husey\OneDrive\Desktop\Development\Work_Automation\test2.py", line 515, in main
    payloads = scan_unread_trn_mails(folder, processed_ids)
  File "C:\Users\husey\OneDrive\Desktop\Development\Work_Automation\test2.py", line 412, in scan_unread_trn_mails
    items = folder.Items
            ^^^^^^^^^^^^
  File "C:\Users\husey\AppData\Local\Programs\Python\Python314\Lib\site-packages\win32com\client\dynamic.py", line 620, in __getattr__
    ret = self._oleobj_.Invoke(retEntry.dispid, 0, invoke_type, 1)
pywintypes.com_error: (-2147023174, 'The RPC server is unavailable.', None, None)

[2025-12-12 18:13:00] Loop error: (-2147023174, 'The RPC server is unavailable.', None, None)
[2025-12-12 18:13:00] Traceback (most recent call last):
  File "C:\Users\husey\OneDrive\Desktop\Development\Work_Automation\test2.py", line 515, in main
    payloads = scan_unread_trn_mails(folder, processed_ids)
  File "C:\Users\husey\OneDrive\Desktop\Development\Work_Automation\test2.py", line 412, in scan_unread_trn_mails
    items = folder.Items
            ^^^^^^^^^^^^
  File "C:\Users\husey\AppData\Local\Programs\Python\Python314\Lib\site-packages\win32com\client\dynamic.py", line 620, in __getattr__
    ret = self._oleobj_.Invoke(retEntry.dispid, 0, invoke_type, 1)
pywintypes.com_error: (-2147023174, 'The RPC server is unavailable.', None, None)

[2025-12-12 18:13:10] Loop error: (-2147023174, 'The RPC server is unavailable.', None, None)
[2025-12-12 18:13:10] Traceback (most recent call last):
  File "C:\Users\husey\OneDrive\Desktop\Development\Work_Automation\test2.py", line 515, in main
    payloads = scan_unread_trn_mails(folder, processed_ids)
  File "C:\Users\husey\OneDrive\Desktop\Development\Work_Automation\test2.py", line 412, in scan_unread_trn_mails
    items = folder.Items
            ^^^^^^^^^^^^
  File "C:\Users\husey\AppData\Local\Programs\Python\Python314\Lib\site-packages\win32com\client\dynamic.py", line 620, in __getattr__
    ret = self._oleobj_.Invoke(retEntry.dispid, 0, invoke_type, 1)
pywintypes.com_error: (-2147023174, 'The RPC server is unavailable.', None, None)

[2025-12-12 18:13:20] Loop error: (-2147023174, 'The RPC server is unavailable.', None, None)
[2025-12-12 18:13:20] Traceback (most recent call last):
  File "C:\Users\husey\OneDrive\Desktop\Development\Work_Automation\test2.py", line 515, in main
    payloads = scan_unread_trn_mails(folder, processed_ids)
  File "C:\Users\husey\OneDrive\Desktop\Development\Work_Automation\test2.py", line 412, in scan_unread_trn_mails
    items = folder.Items
            ^^^^^^^^^^^^
  File "C:\Users\husey\AppData\Local\Programs\Python\Python314\Lib\site-packages\win32com\client\dynamic.py", line 620, in __getattr__
    ret = self._oleobj_.Invoke(retEntry.dispid, 0, invoke_type, 1)
pywintypes.com_error: (-2147023174, 'The RPC server is unavailable.', None, None)

[2025-12-12 18:13:30] Loop error: (-2147023174, 'The RPC server is unavailable.', None, None)
[2025-12-12 18:13:30] Traceback (most recent call last):
  File "C:\Users\husey\OneDrive\Desktop\Development\Work_Automation\test2.py", line 515, in main
    payloads = scan_unread_trn_mails(folder, processed_ids)
  File "C:\Users\husey\OneDrive\Desktop\Development\Work_Automation\test2.py", line 412, in scan_unread_trn_mails
    items = folder.Items
            ^^^^^^^^^^^^
  File "C:\Users\husey\AppData\Local\Programs\Python\Python314\Lib\site-packages\win32com\client\dynamic.py", line 620, in __getattr__
    ret = self._oleobj_.Invoke(retEntry.dispid, 0, invoke_type, 1)
pywintypes.com_error: (-2147023174, 'The RPC server is unavailable.', None, None)

[2025-12-12 18:13:40] Loop error: (-2147023174, 'The RPC server is unavailable.', None, None)
[2025-12-12 18:13:40] Traceback (most recent call last):
  File "C:\Users\husey\OneDrive\Desktop\Development\Work_Automation\test2.py", line 515, in main
    payloads = scan_unread_trn_mails(folder, processed_ids)
  File "C:\Users\husey\OneDrive\Desktop\Development\Work_Automation\test2.py", line 412, in scan_unread_trn_mails
    items = folder.Items
            ^^^^^^^^^^^^
  File "C:\Users\husey\AppData\Local\Programs\Python\Python314\Lib\site-packages\win32com\client\dynamic.py", line 620, in __getattr__
    ret = self._oleobj_.Invoke(retEntry.dispid, 0, invoke_type, 1)
pywintypes.com_error: (-2147023174, 'The RPC server is unavailable.', None, None)

[2025-12-12 18:13:50] Loop error: (-2147023174, 'The RPC server is unavailable.', None, None)
[2025-12-12 18:13:50] Traceback (most recent call last):
  File "C:\Users\husey\OneDrive\Desktop\Development\Work_Automation\test2.py", line 515, in main
    payloads = scan_unread_trn_mails(folder, processed_ids)
  File "C:\Users\husey\OneDrive\Desktop\Development\Work_Automation\test2.py", line 412, in scan_unread_trn_mails
    items = folder.Items
            ^^^^^^^^^^^^
  File "C:\Users\husey\AppData\Local\Programs\Python\Python314\Lib\site-packages\win32com\client\dynamic.py", line 620, in __getattr__
    ret = self._oleobj_.Invoke(retEntry.dispid, 0, invoke_type, 1)
pywintypes.com_error: (-2147023174, 'The RPC server is unavailable.', None, None)

[2025-12-12 18:14:00] Loop error: (-2147023174, 'The RPC server is unavailable.', None, None)
[2025-12-12 18:14:00] Traceback (most recent call last):
  File "C:\Users\husey\OneDrive\Desktop\Development\Work_Automation\test2.py", line 515, in main
    payloads = scan_unread_trn_mails(folder, processed_ids)
  File "C:\Users\husey\OneDrive\Desktop\Development\Work_Automation\test2.py", line 412, in scan_unread_trn_mails
    items = folder.Items
            ^^^^^^^^^^^^
  File "C:\Users\husey\AppData\Local\Programs\Python\Python314\Lib\site-packages\win32com\client\dynamic.py", line 620, in __getattr__
    ret = self._oleobj_.Invoke(retEntry.dispid, 0, invoke_type, 1)
pywintypes.com_error: (-2147023174, 'The RPC server is unavailable.', None, None)

[2025-12-12 18:14:10] Loop error: (-2147023174, 'The RPC server is unavailable.', None, None)
[2025-12-12 18:14:10] Traceback (most recent call last):
  File "C:\Users\husey\OneDrive\Desktop\Development\Work_Automation\test2.py", line 515, in main
    payloads = scan_unread_trn_mails(folder, processed_ids)
  File "C:\Users\husey\OneDrive\Desktop\Development\Work_Automation\test2.py", line 412, in scan_unread_trn_mails
    items = folder.Items
            ^^^^^^^^^^^^
  File "C:\Users\husey\AppData\Local\Programs\Python\Python314\Lib\site-packages\win32com\client\dynamic.py", line 620, in __getattr__
    ret = self._oleobj_.Invoke(retEntry.dispid, 0, invoke_type, 1)
pywintypes.com_error: (-2147023174, 'The RPC server is unavailable.', None, None)

[2025-12-12 18:14:20] Loop error: (-2147023174, 'The RPC server is unavailable.', None, None)
[2025-12-12 18:14:20] Traceback (most recent call last):
  File "C:\Users\husey\OneDrive\Desktop\Development\Work_Automation\test2.py", line 515, in main
    payloads = scan_unread_trn_mails(folder, processed_ids)
  File "C:\Users\husey\OneDrive\Desktop\Development\Work_Automation\test2.py", line 412, in scan_unread_trn_mails
    items = folder.Items
            ^^^^^^^^^^^^
  File "C:\Users\husey\AppData\Local\Programs\Python\Python314\Lib\site-packages\win32com\client\dynamic.py", line 620, in __getattr__
    ret = self._oleobj_.Invoke(retEntry.dispid, 0, invoke_type, 1)
pywintypes.com_error: (-2147023174, 'The RPC server is unavailable.', None, None)

[2025-12-12 18:14:30] Loop error: (-2147023174, 'The RPC server is unavailable.', None, None)
[2025-12-12 18:14:30] Traceback (most recent call last):
  File "C:\Users\husey\OneDrive\Desktop\Development\Work_Automation\test2.py", line 515, in main
    payloads = scan_unread_trn_mails(folder, processed_ids)
  File "C:\Users\husey\OneDrive\Desktop\Development\Work_Automation\test2.py", line 412, in scan_unread_trn_mails
    items = folder.Items
            ^^^^^^^^^^^^
  File "C:\Users\husey\AppData\Local\Programs\Python\Python314\Lib\site-packages\win32com\client\dynamic.py", line 620, in __getattr__
    ret = self._oleobj_.Invoke(retEntry.dispid, 0, invoke_type, 1)
pywintypes.com_error: (-2147023174, 'The RPC server is unavailable.', None, None)

[2025-12-12 18:14:40] Loop error: (-2147023174, 'The RPC server is unavailable.', None, None)
[2025-12-12 18:14:40] Traceback (most recent call last):
  File "C:\Users\husey\OneDrive\Desktop\Development\Work_Automation\test2.py", line 515, in main
    payloads = scan_unread_trn_mails(folder, processed_ids)
  File "C:\Users\husey\OneDrive\Desktop\Development\Work_Automation\test2.py", line 412, in scan_unread_trn_mails
    items = folder.Items
            ^^^^^^^^^^^^
  File "C:\Users\husey\AppData\Local\Programs\Python\Python314\Lib\site-packages\win32com\client\dynamic.py", line 620, in __getattr__
    ret = self._oleobj_.Invoke(retEntry.dispid, 0, invoke_type, 1)
pywintypes.com_error: (-2147023174, 'The RPC server is unavailable.', None, None)

[2025-12-12 18:14:50] Loop error: (-2147023174, 'The RPC server is unavailable.', None, None)
[2025-12-12 18:14:50] Traceback (most recent call last):
  File "C:\Users\husey\OneDrive\Desktop\Development\Work_Automation\test2.py", line 515, in main
    payloads = scan_unread_trn_mails(folder, processed_ids)
  File "C:\Users\husey\OneDrive\Desktop\Development\Work_Automation\test2.py", line 412, in scan_unread_trn_mails
    items = folder.Items
            ^^^^^^^^^^^^
  File "C:\Users\husey\AppData\Local\Programs\Python\Python314\Lib\site-packages\win32com\client\dynamic.py", line 620, in __getattr__
    ret = self._oleobj_.Invoke(retEntry.dispid, 0, invoke_type, 1)
pywintypes.com_error: (-2147023174, 'The RPC server is unavailable.', None, None)

[2025-12-12 18:15:00] Loop error: (-2147023174, 'The RPC server is unavailable.', None, None)
[2025-12-12 18:15:00] Traceback (most recent call last):
  File "C:\Users\husey\OneDrive\Desktop\Development\Work_Automation\test2.py", line 515, in main
    payloads = scan_unread_trn_mails(folder, processed_ids)
  File "C:\Users\husey\OneDrive\Desktop\Development\Work_Automation\test2.py", line 412, in scan_unread_trn_mails
    items = folder.Items
            ^^^^^^^^^^^^
  File "C:\Users\husey\AppData\Local\Programs\Python\Python314\Lib\site-packages\win32com\client\dynamic.py", line 620, in __getattr__
    ret = self._oleobj_.Invoke(retEntry.dispid, 0, invoke_type, 1)
pywintypes.com_error: (-2147023174, 'The RPC server is unavailable.', None, None)

[2025-12-12 18:15:10] Loop error: (-2147023174, 'The RPC server is unavailable.', None, None)
[2025-12-12 18:15:10] Traceback (most recent call last):
  File "C:\Users\husey\OneDrive\Desktop\Development\Work_Automation\test2.py", line 515, in main
    payloads = scan_unread_trn_mails(folder, processed_ids)
  File "C:\Users\husey\OneDrive\Desktop\Development\Work_Automation\test2.py", line 412, in scan_unread_trn_mails
    items = folder.Items
            ^^^^^^^^^^^^
  File "C:\Users\husey\AppData\Local\Programs\Python\Python314\Lib\site-packages\win32com\client\dynamic.py", line 620, in __getattr__
    ret = self._oleobj_.Invoke(retEntry.dispid, 0, invoke_type, 1)
pywintypes.com_error: (-2147023174, 'The RPC server is unavailable.', None, None)

[2025-12-12 18:15:20] Loop error: (-2147023174, 'The RPC server is unavailable.', None, None)
[2025-12-12 18:15:20] Traceback (most recent call last):
  File "C:\Users\husey\OneDrive\Desktop\Development\Work_Automation\test2.py", line 515, in main
    payloads = scan_unread_trn_mails(folder, processed_ids)
  File "C:\Users\husey\OneDrive\Desktop\Development\Work_Automation\test2.py", line 412, in scan_unread_trn_mails
    items = folder.Items
            ^^^^^^^^^^^^
  File "C:\Users\husey\AppData\Local\Programs\Python\Python314\Lib\site-packages\win32com\client\dynamic.py", line 620, in __getattr__
    ret = self._oleobj_.Invoke(retEntry.dispid, 0, invoke_type, 1)
pywintypes.com_error: (-2147023174, 'The RPC server is unavailable.', None, None)

[2025-12-12 18:15:30] Loop error: (-2147023174, 'The RPC server is unavailable.', None, None)
[2025-12-12 18:15:30] Traceback (most recent call last):
  File "C:\Users\husey\OneDrive\Desktop\Development\Work_Automation\test2.py", line 515, in main
    payloads = scan_unread_trn_mails(folder, processed_ids)
  File "C:\Users\husey\OneDrive\Desktop\Development\Work_Automation\test2.py", line 412, in scan_unread_trn_mails
    items = folder.Items
            ^^^^^^^^^^^^
  File "C:\Users\husey\AppData\Local\Programs\Python\Python314\Lib\site-packages\win32com\client\dynamic.py", line 620, in __getattr__
    ret = self._oleobj_.Invoke(retEntry.dispid, 0, invoke_type, 1)
pywintypes.com_error: (-2147023174, 'The RPC server is unavailable.', None, None)

[2025-12-12 18:15:40] Loop error: (-2147023174, 'The RPC server is unavailable.', None, None)
[2025-12-12 18:15:40] Traceback (most recent call last):
  File "C:\Users\husey\OneDrive\Desktop\Development\Work_Automation\test2.py", line 515, in main
    payloads = scan_unread_trn_mails(folder, processed_ids)
  File "C:\Users\husey\OneDrive\Desktop\Development\Work_Automation\test2.py", line 412, in scan_unread_trn_mails
    items = folder.Items
            ^^^^^^^^^^^^
  File "C:\Users\husey\AppData\Local\Programs\Python\Python314\Lib\site-packages\win32com\client\dynamic.py", line 620, in __getattr__
    ret = self._oleobj_.Invoke(retEntry.dispid, 0, invoke_type, 1)
pywintypes.com_error: (-2147023174, 'The RPC server is unavailable.', None, None)

[2025-12-12 18:15:50] Loop error: (-2147023174, 'The RPC server is unavailable.', None, None)
[2025-12-12 18:15:50] Traceback (most recent call last):
  File "C:\Users\husey\OneDrive\Desktop\Development\Work_Automation\test2.py", line 515, in main
    payloads = scan_unread_trn_mails(folder, processed_ids)
  File "C:\Users\husey\OneDrive\Desktop\Development\Work_Automation\test2.py", line 412, in scan_unread_trn_mails
    items = folder.Items
            ^^^^^^^^^^^^
  File "C:\Users\husey\AppData\Local\Programs\Python\Python314\Lib\site-packages\win32com\client\dynamic.py", line 620, in __getattr__
    ret = self._oleobj_.Invoke(retEntry.dispid, 0, invoke_type, 1)
pywintypes.com_error: (-2147023174, 'The RPC server is unavailable.', None, None)

[2025-12-12 18:16:00] Loop error: (-2147023174, 'The RPC server is unavailable.', None, None)
[2025-12-12 18:16:00] Traceback (most recent call last):
  File "C:\Users\husey\OneDrive\Desktop\Development\Work_Automation\test2.py", line 515, in main
    payloads = scan_unread_trn_mails(folder, processed_ids)
  File "C:\Users\husey\OneDrive\Desktop\Development\Work_Automation\test2.py", line 412, in scan_unread_trn_mails
    items = folder.Items
            ^^^^^^^^^^^^
  File "C:\Users\husey\AppData\Local\Programs\Python\Python314\Lib\site-packages\win32com\client\dynamic.py", line 620, in __getattr__
    ret = self._oleobj_.Invoke(retEntry.dispid, 0, invoke_type, 1)
pywintypes.com_error: (-2147023174, 'The RPC server is unavailable.', None, None)

[2025-12-12 18:16:10] Loop error: (-2147023174, 'The RPC server is unavailable.', None, None)
[2025-12-12 18:16:10] Traceback (most recent call last):
  File "C:\Users\husey\OneDrive\Desktop\Development\Work_Automation\test2.py", line 515, in main
    payloads = scan_unread_trn_mails(folder, processed_ids)
  File "C:\Users\husey\OneDrive\Desktop\Development\Work_Automation\test2.py", line 412, in scan_unread_trn_mails
    items = folder.Items
            ^^^^^^^^^^^^
  File "C:\Users\husey\AppData\Local\Programs\Python\Python314\Lib\site-packages\win32com\client\dynamic.py", line 620, in __getattr__
    ret = self._oleobj_.Invoke(retEntry.dispid, 0, invoke_type, 1)
pywintypes.com_error: (-2147023174, 'The RPC server is unavailable.', None, None)

[2025-12-15 13:52:38] === Proyapi TRN Internal Distributor started ===
[2025-12-15 13:52:38] Watching: spp2dcc@kolin.com.tr / Inbox\From Proyapi
[2025-12-15 13:52:38] Sender filter: chuseyn@kolin.com.tr
[2025-12-15 13:52:38] Mode: display | Poll: 10s | Lookback: 7d | MaxScan:200
[2025-12-15 13:52:38] Signature mode: oft | OFT exists: True | Display modal: False
[2025-12-15 13:52:38] Filter: ONLY UNREAD mails. Processed mail will be marked READ.
[2025-12-15 13:52:44] DEBUG => UnRead=True | Sender=dccspp2@proyapimusavirlik.com | Subject=SPP2-PRO-KLN-TRN-0529
[2025-12-15 13:52:44] DEBUG => UnRead=True | Sender=dccspp2@proyapimusavirlik.com | Subject=SPP2-PRO-KLN-TRN-0528
[2025-12-15 13:52:44] Scan stats => checked:2 matched:0 (Unread-only)
[2025-12-15 13:52:44] No matching unread TRN found. Sleeping 10s...
[2025-12-15 13:52:54] DEBUG => UnRead=True | Sender=dccspp2@proyapimusavirlik.com | Subject=SPP2-PRO-KLN-TRN-0529
[2025-12-15 13:52:54] DEBUG => UnRead=True | Sender=dccspp2@proyapimusavirlik.com | Subject=SPP2-PRO-KLN-TRN-0528
[2025-12-15 13:52:54] Scan stats => checked:2 matched:0 (Unread-only)
[2025-12-15 13:52:54] No matching unread TRN found. Sleeping 10s...
[2025-12-15 13:53:04] DEBUG => UnRead=True | Sender=dccspp2@proyapimusavirlik.com | Subject=SPP2-PRO-KLN-TRN-0529
[2025-12-15 13:53:05] DEBUG => UnRead=True | Sender=dccspp2@proyapimusavirlik.com | Subject=SPP2-PRO-KLN-TRN-0528
[2025-12-15 13:53:05] Scan stats => checked:2 matched:0 (Unread-only)
[2025-12-15 13:53:05] No matching unread TRN found. Sleeping 10s...
[2025-12-15 13:53:15] DEBUG => UnRead=True | Sender=dccspp2@proyapimusavirlik.com | Subject=SPP2-PRO-KLN-TRN-0529
[2025-12-15 13:53:15] DEBUG => UnRead=True | Sender=dccspp2@proyapimusavirlik.com | Subject=SPP2-PRO-KLN-TRN-0528
[2025-12-15 13:53:15] Scan stats => checked:2 matched:0 (Unread-only)
[2025-12-15 13:53:15] No matching unread TRN found. Sleeping 10s...
[2025-12-15 13:53:25] DEBUG => UnRead=True | Sender=dccspp2@proyapimusavirlik.com | Subject=SPP2-PRO-KLN-TRN-0529
[2025-12-15 13:53:25] DEBUG => UnRead=True | Sender=dccspp2@proyapimusavirlik.com | Subject=SPP2-PRO-KLN-TRN-0528
[2025-12-15 13:53:25] Scan stats => checked:2 matched:0 (Unread-only)
[2025-12-15 13:53:25] No matching unread TRN found. Sleeping 10s...
[2025-12-15 13:53:37] === Proyapi TRN Internal Distributor started ===
[2025-12-15 13:53:37] Watching: spp2dcc@kolin.com.tr / Inbox\From Proyapi
[2025-12-15 13:53:37] Sender filter: chuseyn@kolin.com.tr
[2025-12-15 13:53:37] Mode: display | Poll: 10s | Lookback: 7d | MaxScan:200
[2025-12-15 13:53:37] Signature mode: oft | OFT exists: True | Display modal: False
[2025-12-15 13:53:37] Filter: ONLY UNREAD mails. Processed mail will be marked READ.
[2025-12-15 13:53:37] DEBUG => UnRead=True | Sender=dccspp2@proyapimusavirlik.com | Subject=SPP2-PRO-KLN-TRN-0529
[2025-12-15 13:53:37] DEBUG => UnRead=True | Sender=dccspp2@proyapimusavirlik.com | Subject=SPP2-PRO-KLN-TRN-0528
[2025-12-15 13:53:37] Scan stats => checked:2 matched:0 (Unread-only)
[2025-12-15 13:53:37] No matching unread TRN found. Sleeping 10s...
[2025-12-15 13:53:49] === Proyapi TRN Internal Distributor started ===
[2025-12-15 13:53:49] Watching: spp2dcc@kolin.com.tr / Inbox\From Proyapi
[2025-12-15 13:53:49] Sender filter: dccspp2@proyapimusavirlik.com
[2025-12-15 13:53:49] Mode: display | Poll: 10s | Lookback: 7d | MaxScan:200
[2025-12-15 13:53:49] Signature mode: oft | OFT exists: True | Display modal: False
[2025-12-15 13:53:49] Filter: ONLY UNREAD mails. Processed mail will be marked READ.
[2025-12-15 13:53:52] DEBUG => UnRead=True | Sender=dccspp2@proyapimusavirlik.com | Subject=SPP2-PRO-KLN-TRN-0529
[2025-12-15 13:53:52] DEBUG => UnRead=True | Sender=dccspp2@proyapimusavirlik.com | Subject=SPP2-PRO-KLN-TRN-0528
[2025-12-15 13:53:52] Scan stats => checked:2 matched:2 (Unread-only)
[2025-12-15 13:53:52] FOUND => SPP2-PRO-KLN-TRN-0529 | PDFs=1
[2025-12-15 13:53:54] 👀 Displayed: SPP2-PRO-KLN-TRN-0529 | PDFs=1 (modal=False)
[2025-12-15 13:53:54] ✅ DONE => SPP2-PRO-KLN-TRN-0529 (incoming marked READ)
[2025-12-15 13:53:54] FOUND => SPP2-PRO-KLN-TRN-0528 | PDFs=1
[2025-12-15 13:53:55] 👀 Displayed: SPP2-PRO-KLN-TRN-0528 | PDFs=1 (modal=False)
[2025-12-15 13:53:55] ✅ DONE => SPP2-PRO-KLN-TRN-0528 (incoming marked READ)
[2025-12-15 13:54:05] Scan stats => checked:0 matched:0 (Unread-only)
[2025-12-15 13:54:05] No matching unread TRN found. Sleeping 10s...
[2025-12-15 13:54:15] Scan stats => checked:0 matched:0 (Unread-only)
[2025-12-15 13:54:15] No matching unread TRN found. Sleeping 10s...
[2025-12-15 13:54:25] Scan stats => checked:0 matched:0 (Unread-only)
[2025-12-15 13:54:25] No matching unread TRN found. Sleeping 10s...
[2025-12-15 13:54:35] Scan stats => checked:0 matched:0 (Unread-only)
[2025-12-15 13:54:35] No matching unread TRN found. Sleeping 10s...
[2025-12-15 13:54:45] Scan stats => checked:0 matched:0 (Unread-only)
[2025-12-15 13:54:45] No matching unread TRN found. Sleeping 10s...
[2025-12-15 13:54:55] Loop error: <unknown>.Sort
[2025-12-15 13:54:55] Traceback (most recent call last):
  File "C:\Users\husey\OneDrive\Desktop\Development\Work_Automation\test_1.py", line 520, in main
    payloads = scan_unread_trn_mails(folder, processed_ids)
  File "C:\Users\husey\OneDrive\Desktop\Development\Work_Automation\test_1.py", line 417, in scan_unread_trn_mails
    items.Sort("[ReceivedTime]", True)
    ^^^^^^^^^^
  File "C:\Users\husey\OneDrive\Desktop\Development\Work_Automation\.venv\Lib\site-packages\win32com\client\dynamic.py", line 631, in __getattr__
    raise AttributeError(f"{self._username_}.{attr}")
AttributeError: <unknown>.Sort

[2025-12-15 13:55:05] Loop error: (-2147023174, 'The RPC server is unavailable.', None, None)
[2025-12-15 13:55:05] Traceback (most recent call last):
  File "C:\Users\husey\OneDrive\Desktop\Development\Work_Automation\test_1.py", line 520, in main
    payloads = scan_unread_trn_mails(folder, processed_ids)
  File "C:\Users\husey\OneDrive\Desktop\Development\Work_Automation\test_1.py", line 416, in scan_unread_trn_mails
    items = folder.Items
            ^^^^^^^^^^^^
  File "C:\Users\husey\OneDrive\Desktop\Development\Work_Automation\.venv\Lib\site-packages\win32com\client\dynamic.py", line 620, in __getattr__
    ret = self._oleobj_.Invoke(retEntry.dispid, 0, invoke_type, 1)
pywintypes.com_error: (-2147023174, 'The RPC server is unavailable.', None, None)

[2025-12-15 13:55:23] === Proyapi TRN Internal Distributor started ===
[2025-12-15 13:55:23] Watching: spp2dcc@kolin.com.tr / Inbox\From Proyapi
[2025-12-15 13:55:23] Sender filter: dccspp2@proyapimusavirlik.com
[2025-12-15 13:55:23] Mode: display | Poll: 10s | Lookback: 7d | MaxScan:200
[2025-12-15 13:55:23] Signature mode: oft | OFT exists: True | Display modal: False
[2025-12-15 13:55:23] Filter: ONLY UNREAD mails. Processed mail will be marked READ.
[2025-12-15 13:55:23] Scan stats => checked:0 matched:0 (Unread-only)
[2025-12-15 13:55:23] No matching unread TRN found. Sleeping 10s...
[2025-12-15 13:55:33] Scan stats => checked:0 matched:0 (Unread-only)
[2025-12-15 13:55:33] No matching unread TRN found. Sleeping 10s...
[2025-12-15 13:55:43] Scan stats => checked:2 matched:0 (Unread-only)
[2025-12-15 13:55:43] No matching unread TRN found. Sleeping 10s...
[2025-12-15 13:55:53] Scan stats => checked:2 matched:0 (Unread-only)
[2025-12-15 13:55:53] No matching unread TRN found. Sleeping 10s...
[2025-12-15 13:56:01] === Proyapi TRN Internal Distributor started ===
[2025-12-15 13:56:01] Watching: spp2dcc@kolin.com.tr / Inbox\From Proyapi
[2025-12-15 13:56:01] Sender filter: dccspp2@proyapimusavirlik.com
[2025-12-15 13:56:01] Mode: display | Poll: 10s | Lookback: 7d | MaxScan:200
[2025-12-15 13:56:01] Signature mode: oft | OFT exists: True | Display modal: False
[2025-12-15 13:56:01] Filter: ONLY UNREAD mails. Processed mail will be marked READ.
[2025-12-15 13:56:01] Scan stats => checked:2 matched:0 (Unread-only)
[2025-12-15 13:56:01] No matching unread TRN found. Sleeping 10s...
[2025-12-15 13:56:11] Scan stats => checked:2 matched:0 (Unread-only)
[2025-12-15 13:56:11] No matching unread TRN found. Sleeping 10s...
[2025-12-15 13:56:21] Scan stats => checked:2 matched:0 (Unread-only)
[2025-12-15 13:56:21] No matching unread TRN found. Sleeping 10s...
[2025-12-15 13:56:31] Scan stats => checked:2 matched:0 (Unread-only)
[2025-12-15 13:56:31] No matching unread TRN found. Sleeping 10s...
[2025-12-15 13:56:41] Scan stats => checked:2 matched:0 (Unread-only)
[2025-12-15 13:56:41] No matching unread TRN found. Sleeping 10s...
[2025-12-15 13:56:51] Scan stats => checked:2 matched:0 (Unread-only)
[2025-12-15 13:56:51] No matching unread TRN found. Sleeping 10s...
[2025-12-15 13:57:01] Scan stats => checked:2 matched:0 (Unread-only)
[2025-12-15 13:57:01] No matching unread TRN found. Sleeping 10s...
[2025-12-15 13:57:11] Scan stats => checked:2 matched:0 (Unread-only)
[2025-12-15 13:57:11] No matching unread TRN found. Sleeping 10s...
[2025-12-15 13:57:21] Scan stats => checked:2 matched:0 (Unread-only)
[2025-12-15 13:57:21] No matching unread TRN found. Sleeping 10s...
[2025-12-15 13:57:31] Scan stats => checked:2 matched:0 (Unread-only)
[2025-12-15 13:57:31] No matching unread TRN found. Sleeping 10s...
[2025-12-15 13:57:41] Scan stats => checked:2 matched:0 (Unread-only)
[2025-12-15 13:57:41] No matching unread TRN found. Sleeping 10s...
[2025-12-15 13:57:51] Scan stats => checked:2 matched:0 (Unread-only)
[2025-12-15 13:57:51] No matching unread TRN found. Sleeping 10s...
[2025-12-15 13:58:01] Scan stats => checked:1 matched:0 (Unread-only)
[2025-12-15 13:58:01] No matching unread TRN found. Sleeping 10s...
[2025-12-15 13:58:11] Scan stats => checked:1 matched:0 (Unread-only)
[2025-12-15 13:58:11] No matching unread TRN found. Sleeping 10s...
[2025-12-15 13:58:21] Scan stats => checked:1 matched:0 (Unread-only)
[2025-12-15 13:58:21] No matching unread TRN found. Sleeping 10s...
[2025-12-15 13:58:31] Scan stats => checked:1 matched:0 (Unread-only)
[2025-12-15 13:58:31] No matching unread TRN found. Sleeping 10s...
[2025-12-15 13:58:41] Scan stats => checked:1 matched:0 (Unread-only)
[2025-12-15 13:58:41] No matching unread TRN found. Sleeping 10s...
[2025-12-15 13:58:51] Scan stats => checked:0 matched:0 (Unread-only)
[2025-12-15 13:58:51] No matching unread TRN found. Sleeping 10s...
[2025-12-15 14:00:53] === Proyapi TRN Internal Distributor started ===
[2025-12-15 14:00:53] Watching: spp2dcc@kolin.com.tr / Inbox\From Proyapi
[2025-12-15 14:00:53] Sender filter: dccspp2@proyapimusavirlik.com
[2025-12-15 14:00:53] Mode: display | Poll: 10s | Lookback: 7d | MaxScan:200
[2025-12-15 14:00:53] Signature mode: oft | OFT exists: True | Display modal: False
[2025-12-15 14:00:53] Filter: ONLY UNREAD mails. Processed mail will be marked READ.
[2025-12-15 14:00:53] Scan stats => checked:0 matched:0 (Unread-only)
[2025-12-15 14:00:53] No matching unread TRN found. Sleeping 10s...
[2025-12-15 14:01:03] Scan stats => checked:0 matched:0 (Unread-only)
[2025-12-15 14:01:03] No matching unread TRN found. Sleeping 10s...
[2025-12-15 14:01:11] === Proyapi TRN Internal Distributor started ===
[2025-12-15 14:01:11] Watching: spp2dcc@kolin.com.tr / Inbox\From Proyapi | Sender filter: dccspp2@proyapimusavirlik.com
[2025-12-15 14:01:11] Mode: display | Poll: 10s | Lookback: 3d
[2025-12-15 14:01:11] Dynamic OFT dir: C:\Users\husey\OneDrive\Desktop\SPP2-OFT | Signature: AUTO (newest)
[2025-12-15 14:01:11] Filter: ONLY UNREAD mails. Processed mail will be marked as READ.
[2025-12-15 14:01:11] Scan stats => checked:0 matched:0 (Unread-only)
[2025-12-15 14:01:11] No matching unread TRN found. Sleeping 10s...
[2025-12-15 14:01:24] === Proyapi TRN Internal Distributor started ===
[2025-12-15 14:01:24] Watching: spp2dcc@kolin.com.tr / Inbox\From Proyapi
[2025-12-15 14:01:24] Sender filter: chuseyn@kolin.com.tr
[2025-12-15 14:01:24] Mode: display | Poll: 10s | Lookback: 7d | MaxScan:200
[2025-12-15 14:01:24] Signature mode: oft | OFT exists: True | Display modal: False
[2025-12-15 14:01:24] Filter: ONLY UNREAD mails. Processed mail will be marked READ.
[2025-12-15 14:01:24] Scan stats => checked:0 matched:0 (Unread-only)
[2025-12-15 14:01:24] No matching unread TRN found. Sleeping 10s...
[2025-12-15 14:01:34] Scan stats => checked:0 matched:0 (Unread-only)
[2025-12-15 14:01:34] No matching unread TRN found. Sleeping 10s...
[2025-12-15 18:52:48] === Proyapi TRN Internal Distributor started ===
[2025-12-15 18:52:48] Watching: spp2dcc@kolin.com.tr / Inbox\From Proyapi
[2025-12-15 18:52:48] Sender filter: chuseyn@kolin.com.tr
[2025-12-15 18:52:48] Mode: display | Poll: 10s | Lookback: 7d | MaxScan:200
[2025-12-15 18:52:48] Signature mode: oft | OFT exists: True | Display modal: False
[2025-12-15 18:52:48] Filter: ONLY UNREAD mails. Processed mail will be marked READ.
[2025-12-15 18:52:48] DEBUG => UnRead=True | Sender=dccspp2@proyapimusavirlik.com | Subject=SPP2-PRO-KLN-TRN-0531
[2025-12-15 18:52:48] Scan stats => checked:1 matched:0 (Unread-only)
[2025-12-15 18:52:48] No matching unread TRN found. Sleeping 10s...
[2025-12-15 18:53:11] === Proyapi TRN Internal Distributor started ===
[2025-12-15 18:53:11] Watching: spp2dcc@kolin.com.tr / Inbox\From Proyapi
[2025-12-15 18:53:11] Sender filter: dccspp2@proyapimusavirlik.com
[2025-12-15 18:53:11] Mode: display | Poll: 10s | Lookback: 7d | MaxScan:200
[2025-12-15 18:53:11] Signature mode: oft | OFT exists: True | Display modal: False
[2025-12-15 18:53:11] Filter: ONLY UNREAD mails. Processed mail will be marked READ.
[2025-12-15 18:53:11] DEBUG => UnRead=True | Sender=dccspp2@proyapimusavirlik.com | Subject=SPP2-PRO-KLN-TRN-0531
[2025-12-15 18:53:12] Scan stats => checked:1 matched:1 (Unread-only)
[2025-12-15 18:53:12] FOUND => SPP2-PRO-KLN-TRN-0531 | PDFs=1
[2025-12-15 18:53:13] 👀 Displayed: SPP2-PRO-KLN-TRN-0531 | PDFs=1 (modal=False)
[2025-12-15 18:53:13] ✅ DONE => SPP2-PRO-KLN-TRN-0531 (incoming marked READ)
[2025-12-15 18:53:23] Scan stats => checked:0 matched:0 (Unread-only)
[2025-12-15 18:53:23] No matching unread TRN found. Sleeping 10s...
[2025-12-15 18:53:33] Scan stats => checked:0 matched:0 (Unread-only)
[2025-12-15 18:53:33] No matching unread TRN found. Sleeping 10s...
[2025-12-15 18:53:43] Scan stats => checked:0 matched:0 (Unread-only)
[2025-12-15 18:53:43] No matching unread TRN found. Sleeping 10s...
[2025-12-15 18:53:53] Scan stats => checked:0 matched:0 (Unread-only)
[2025-12-15 18:53:53] No matching unread TRN found. Sleeping 10s...
[2025-12-15 18:54:03] Scan stats => checked:0 matched:0 (Unread-only)
[2025-12-15 18:54:03] No matching unread TRN found. Sleeping 10s...
[2025-12-15 18:54:13] Scan stats => checked:0 matched:0 (Unread-only)
[2025-12-15 18:54:13] No matching unread TRN found. Sleeping 10s...
[2025-12-15 18:54:23] Scan stats => checked:0 matched:0 (Unread-only)
[2025-12-15 18:54:23] No matching unread TRN found. Sleeping 10s...
[2025-12-15 18:54:33] Scan stats => checked:0 matched:0 (Unread-only)
[2025-12-15 18:54:33] No matching unread TRN found. Sleeping 10s...
[2025-12-15 18:54:43] Scan stats => checked:0 matched:0 (Unread-only)
[2025-12-15 18:54:43] No matching unread TRN found. Sleeping 10s...
[2025-12-15 18:54:53] Scan stats => checked:0 matched:0 (Unread-only)
[2025-12-15 18:54:53] No matching unread TRN found. Sleeping 10s...
[2025-12-15 18:55:03] Scan stats => checked:0 matched:0 (Unread-only)
[2025-12-15 18:55:03] No matching unread TRN found. Sleeping 10s...
[2025-12-15 18:55:13] Scan stats => checked:0 matched:0 (Unread-only)
[2025-12-15 18:55:13] No matching unread TRN found. Sleeping 10s...
[2025-12-15 18:55:23] Scan stats => checked:0 matched:0 (Unread-only)
[2025-12-15 18:55:23] No matching unread TRN found. Sleeping 10s...
[2025-12-15 18:55:33] Scan stats => checked:0 matched:0 (Unread-only)
[2025-12-15 18:55:33] No matching unread TRN found. Sleeping 10s...
[2025-12-15 18:55:43] Scan stats => checked:0 matched:0 (Unread-only)
[2025-12-15 18:55:43] No matching unread TRN found. Sleeping 10s...
[2025-12-15 18:55:53] Scan stats => checked:0 matched:0 (Unread-only)
[2025-12-15 18:55:53] No matching unread TRN found. Sleeping 10s...
[2025-12-15 18:56:03] Scan stats => checked:0 matched:0 (Unread-only)
[2025-12-15 18:56:03] No matching unread TRN found. Sleeping 10s...
[2025-12-15 18:56:13] Scan stats => checked:0 matched:0 (Unread-only)
[2025-12-15 18:56:13] No matching unread TRN found. Sleeping 10s...
[2025-12-15 18:56:23] Scan stats => checked:0 matched:0 (Unread-only)
[2025-12-15 18:56:23] No matching unread TRN found. Sleeping 10s...
[2025-12-15 18:56:33] Scan stats => checked:0 matched:0 (Unread-only)
[2025-12-15 18:56:33] No matching unread TRN found. Sleeping 10s...
[2025-12-15 18:56:43] Scan stats => checked:0 matched:0 (Unread-only)
[2025-12-15 18:56:43] No matching unread TRN found. Sleeping 10s...
[2025-12-15 18:56:53] Scan stats => checked:0 matched:0 (Unread-only)
[2025-12-15 18:56:53] No matching unread TRN found. Sleeping 10s...
[2025-12-15 18:57:03] Scan stats => checked:0 matched:0 (Unread-only)
[2025-12-15 18:57:03] No matching unread TRN found. Sleeping 10s...
[2025-12-15 18:57:13] Scan stats => checked:0 matched:0 (Unread-only)
[2025-12-15 18:57:13] No matching unread TRN found. Sleeping 10s...
[2025-12-15 18:57:23] Scan stats => checked:0 matched:0 (Unread-only)
[2025-12-15 18:57:23] No matching unread TRN found. Sleeping 10s...
[2025-12-15 18:57:33] Scan stats => checked:0 matched:0 (Unread-only)
[2025-12-15 18:57:33] No matching unread TRN found. Sleeping 10s...
[2025-12-15 18:57:43] Scan stats => checked:0 matched:0 (Unread-only)
[2025-12-15 18:57:43] No matching unread TRN found. Sleeping 10s...
[2025-12-15 18:57:53] Scan stats => checked:0 matched:0 (Unread-only)
[2025-12-15 18:57:53] No matching unread TRN found. Sleeping 10s...
[2025-12-15 18:58:03] Scan stats => checked:0 matched:0 (Unread-only)
[2025-12-15 18:58:03] No matching unread TRN found. Sleeping 10s...
[2025-12-15 18:58:13] Scan stats => checked:0 matched:0 (Unread-only)
[2025-12-15 18:58:13] No matching unread TRN found. Sleeping 10s...
[2025-12-15 18:58:23] Scan stats => checked:0 matched:0 (Unread-only)
[2025-12-15 18:58:23] No matching unread TRN found. Sleeping 10s...
[2025-12-15 18:58:33] Scan stats => checked:0 matched:0 (Unread-only)
[2025-12-15 18:58:33] No matching unread TRN found. Sleeping 10s...
[2025-12-15 18:58:43] Scan stats => checked:0 matched:0 (Unread-only)
[2025-12-15 18:58:43] No matching unread TRN found. Sleeping 10s...
[2025-12-15 18:58:53] Scan stats => checked:0 matched:0 (Unread-only)
[2025-12-15 18:58:53] No matching unread TRN found. Sleeping 10s...
[2025-12-15 18:59:03] Scan stats => checked:0 matched:0 (Unread-only)
[2025-12-15 18:59:03] No matching unread TRN found. Sleeping 10s...
[2025-12-15 18:59:13] Scan stats => checked:0 matched:0 (Unread-only)
[2025-12-15 18:59:13] No matching unread TRN found. Sleeping 10s...
[2025-12-15 18:59:23] Scan stats => checked:0 matched:0 (Unread-only)
[2025-12-15 18:59:23] No matching unread TRN found. Sleeping 10s...
[2025-12-15 18:59:33] Scan stats => checked:0 matched:0 (Unread-only)
[2025-12-15 18:59:33] No matching unread TRN found. Sleeping 10s...
[2025-12-15 18:59:43] Scan stats => checked:0 matched:0 (Unread-only)
[2025-12-15 18:59:43] No matching unread TRN found. Sleeping 10s...
[2025-12-15 18:59:54] Scan stats => checked:0 matched:0 (Unread-only)
[2025-12-15 18:59:54] No matching unread TRN found. Sleeping 10s...
[2025-12-15 19:00:04] Scan stats => checked:0 matched:0 (Unread-only)
[2025-12-15 19:00:04] No matching unread TRN found. Sleeping 10s...
[2025-12-15 19:00:14] Scan stats => checked:0 matched:0 (Unread-only)
[2025-12-15 19:00:14] No matching unread TRN found. Sleeping 10s...
[2025-12-15 19:00:24] Scan stats => checked:0 matched:0 (Unread-only)
[2025-12-15 19:00:24] No matching unread TRN found. Sleeping 10s...
[2025-12-15 19:00:34] Scan stats => checked:0 matched:0 (Unread-only)
[2025-12-15 19:00:34] No matching unread TRN found. Sleeping 10s...
[2025-12-15 19:00:44] Scan stats => checked:0 matched:0 (Unread-only)
[2025-12-15 19:00:44] No matching unread TRN found. Sleeping 10s...
[2025-12-15 19:00:54] Scan stats => checked:0 matched:0 (Unread-only)
[2025-12-15 19:00:54] No matching unread TRN found. Sleeping 10s...
[2025-12-15 19:01:04] Scan stats => checked:0 matched:0 (Unread-only)
[2025-12-15 19:01:04] No matching unread TRN found. Sleeping 10s...
[2025-12-15 19:01:14] Scan stats => checked:0 matched:0 (Unread-only)
[2025-12-15 19:01:14] No matching unread TRN found. Sleeping 10s...
[2025-12-15 19:01:24] Scan stats => checked:0 matched:0 (Unread-only)
[2025-12-15 19:01:24] No matching unread TRN found. Sleeping 10s...
[2025-12-15 19:01:34] Scan stats => checked:0 matched:0 (Unread-only)
[2025-12-15 19:01:34] No matching unread TRN found. Sleeping 10s...
[2025-12-15 19:01:44] Scan stats => checked:0 matched:0 (Unread-only)
[2025-12-15 19:01:44] No matching unread TRN found. Sleeping 10s...
[2025-12-15 19:01:54] Scan stats => checked:0 matched:0 (Unread-only)
[2025-12-15 19:01:54] No matching unread TRN found. Sleeping 10s...
[2025-12-15 19:02:04] Scan stats => checked:0 matched:0 (Unread-only)
[2025-12-15 19:02:04] No matching unread TRN found. Sleeping 10s...
[2025-12-15 19:02:14] Scan stats => checked:0 matched:0 (Unread-only)
[2025-12-15 19:02:14] No matching unread TRN found. Sleeping 10s...
[2025-12-15 19:02:24] Scan stats => checked:0 matched:0 (Unread-only)
[2025-12-15 19:02:24] No matching unread TRN found. Sleeping 10s...
[2025-12-15 19:02:34] Scan stats => checked:0 matched:0 (Unread-only)
[2025-12-15 19:02:34] No matching unread TRN found. Sleeping 10s...
[2025-12-15 19:02:44] Scan stats => checked:0 matched:0 (Unread-only)
[2025-12-15 19:02:44] No matching unread TRN found. Sleeping 10s...
[2025-12-15 19:02:55] Scan stats => checked:0 matched:0 (Unread-only)
[2025-12-15 19:02:55] No matching unread TRN found. Sleeping 10s...
[2025-12-15 19:03:05] Scan stats => checked:0 matched:0 (Unread-only)
[2025-12-15 19:03:05] No matching unread TRN found. Sleeping 10s...
[2025-12-15 19:03:15] Scan stats => checked:0 matched:0 (Unread-only)
[2025-12-15 19:03:15] No matching unread TRN found. Sleeping 10s...
[2025-12-15 19:03:25] Scan stats => checked:0 matched:0 (Unread-only)
[2025-12-15 19:03:25] No matching unread TRN found. Sleeping 10s...
[2025-12-15 19:03:35] Scan stats => checked:0 matched:0 (Unread-only)
[2025-12-15 19:03:35] No matching unread TRN found. Sleeping 10s...
[2025-12-15 19:03:45] Scan stats => checked:0 matched:0 (Unread-only)
[2025-12-15 19:03:45] No matching unread TRN found. Sleeping 10s...
[2025-12-15 19:03:55] Scan stats => checked:0 matched:0 (Unread-only)
[2025-12-15 19:03:55] No matching unread TRN found. Sleeping 10s...
[2025-12-15 19:04:05] Scan stats => checked:0 matched:0 (Unread-only)
[2025-12-15 19:04:05] No matching unread TRN found. Sleeping 10s...
[2025-12-15 19:04:15] Scan stats => checked:0 matched:0 (Unread-only)
[2025-12-15 19:04:15] No matching unread TRN found. Sleeping 10s...
[2025-12-15 19:04:25] Scan stats => checked:0 matched:0 (Unread-only)
[2025-12-15 19:04:25] No matching unread TRN found. Sleeping 10s...
[2025-12-15 19:04:35] Scan stats => checked:0 matched:0 (Unread-only)
[2025-12-15 19:04:35] No matching unread TRN found. Sleeping 10s...
[2025-12-15 19:04:45] Scan stats => checked:0 matched:0 (Unread-only)
[2025-12-15 19:04:45] No matching unread TRN found. Sleeping 10s...
[2025-12-15 19:04:55] Scan stats => checked:0 matched:0 (Unread-only)
[2025-12-15 19:04:55] No matching unread TRN found. Sleeping 10s...
[2025-12-15 19:05:05] Scan stats => checked:0 matched:0 (Unread-only)
[2025-12-15 19:05:05] No matching unread TRN found. Sleeping 10s...
[2025-12-15 19:05:15] Scan stats => checked:0 matched:0 (Unread-only)
[2025-12-15 19:05:15] No matching unread TRN found. Sleeping 10s...
[2025-12-15 19:05:25] Scan stats => checked:0 matched:0 (Unread-only)
[2025-12-15 19:05:25] No matching unread TRN found. Sleeping 10s...
[2025-12-15 19:05:35] Scan stats => checked:0 matched:0 (Unread-only)
[2025-12-15 19:05:35] No matching unread TRN found. Sleeping 10s...
[2025-12-15 19:05:45] Scan stats => checked:0 matched:0 (Unread-only)
[2025-12-15 19:05:45] No matching unread TRN found. Sleeping 10s...
[2025-12-15 19:05:55] Scan stats => checked:0 matched:0 (Unread-only)
[2025-12-15 19:05:55] No matching unread TRN found. Sleeping 10s...
[2025-12-15 19:06:05] Scan stats => checked:0 matched:0 (Unread-only)
[2025-12-15 19:06:05] No matching unread TRN found. Sleeping 10s...
[2025-12-15 19:06:15] Scan stats => checked:0 matched:0 (Unread-only)
[2025-12-15 19:06:15] No matching unread TRN found. Sleeping 10s...
[2025-12-15 19:06:25] Scan stats => checked:0 matched:0 (Unread-only)
[2025-12-15 19:06:25] No matching unread TRN found. Sleeping 10s...
[2025-12-15 19:06:35] Scan stats => checked:0 matched:0 (Unread-only)
[2025-12-15 19:06:35] No matching unread TRN found. Sleeping 10s...
[2025-12-15 19:06:45] Scan stats => checked:0 matched:0 (Unread-only)
[2025-12-15 19:06:45] No matching unread TRN found. Sleeping 10s...
[2025-12-15 19:06:55] Scan stats => checked:0 matched:0 (Unread-only)
[2025-12-15 19:06:55] No matching unread TRN found. Sleeping 10s...
[2025-12-15 19:07:05] Scan stats => checked:0 matched:0 (Unread-only)
[2025-12-15 19:07:05] No matching unread TRN found. Sleeping 10s...
[2025-12-15 19:07:15] Scan stats => checked:0 matched:0 (Unread-only)
[2025-12-15 19:07:15] No matching unread TRN found. Sleeping 10s...
[2025-12-15 19:07:25] Scan stats => checked:0 matched:0 (Unread-only)
[2025-12-15 19:07:25] No matching unread TRN found. Sleeping 10s...
[2025-12-15 19:07:35] Scan stats => checked:0 matched:0 (Unread-only)
[2025-12-15 19:07:35] No matching unread TRN found. Sleeping 10s...
[2025-12-15 19:07:45] Scan stats => checked:0 matched:0 (Unread-only)
[2025-12-15 19:07:45] No matching unread TRN found. Sleeping 10s...
[2025-12-15 19:07:55] Scan stats => checked:0 matched:0 (Unread-only)
[2025-12-15 19:07:55] No matching unread TRN found. Sleeping 10s...
[2025-12-15 19:08:05] Scan stats => checked:0 matched:0 (Unread-only)
[2025-12-15 19:08:05] No matching unread TRN found. Sleeping 10s...
[2025-12-15 19:08:15] Scan stats => checked:0 matched:0 (Unread-only)
[2025-12-15 19:08:15] No matching unread TRN found. Sleeping 10s...
[2025-12-15 19:08:28] Scan stats => checked:0 matched:0 (Unread-only)
[2025-12-15 19:08:28] No matching unread TRN found. Sleeping 10s...
[2025-12-15 19:08:39] Scan stats => checked:0 matched:0 (Unread-only)
[2025-12-15 19:08:39] No matching unread TRN found. Sleeping 10s...
[2025-12-15 19:08:49] Scan stats => checked:0 matched:0 (Unread-only)
[2025-12-15 19:08:49] No matching unread TRN found. Sleeping 10s...
[2025-12-15 19:08:59] Scan stats => checked:0 matched:0 (Unread-only)
[2025-12-15 19:08:59] No matching unread TRN found. Sleeping 10s...
[2025-12-15 19:09:10] Scan stats => checked:0 matched:0 (Unread-only)
[2025-12-15 19:09:10] No matching unread TRN found. Sleeping 10s...
[2025-12-15 19:09:20] Scan stats => checked:0 matched:0 (Unread-only)
[2025-12-15 19:09:20] No matching unread TRN found. Sleeping 10s...
[2025-12-15 19:09:30] Scan stats => checked:0 matched:0 (Unread-only)
[2025-12-15 19:09:30] No matching unread TRN found. Sleeping 10s...
[2025-12-15 19:09:40] Scan stats => checked:0 matched:0 (Unread-only)
[2025-12-15 19:09:40] No matching unread TRN found. Sleeping 10s...
[2025-12-15 19:09:50] Scan stats => checked:0 matched:0 (Unread-only)
[2025-12-15 19:09:50] No matching unread TRN found. Sleeping 10s...
[2025-12-15 19:10:00] Scan stats => checked:0 matched:0 (Unread-only)
[2025-12-15 19:10:00] No matching unread TRN found. Sleeping 10s...
[2025-12-15 19:10:10] Scan stats => checked:0 matched:0 (Unread-only)
[2025-12-15 19:10:10] No matching unread TRN found. Sleeping 10s...
[2025-12-15 19:10:20] Scan stats => checked:0 matched:0 (Unread-only)
[2025-12-15 19:10:20] No matching unread TRN found. Sleeping 10s...
[2025-12-15 19:10:30] Scan stats => checked:0 matched:0 (Unread-only)
[2025-12-15 19:10:30] No matching unread TRN found. Sleeping 10s...
[2025-12-15 19:10:40] Scan stats => checked:0 matched:0 (Unread-only)
[2025-12-15 19:10:40] No matching unread TRN found. Sleeping 10s...
[2025-12-15 19:10:50] Scan stats => checked:0 matched:0 (Unread-only)
[2025-12-15 19:10:50] No matching unread TRN found. Sleeping 10s...
[2025-12-15 19:11:00] Scan stats => checked:0 matched:0 (Unread-only)
[2025-12-15 19:11:00] No matching unread TRN found. Sleeping 10s...
[2025-12-15 19:11:10] Scan stats => checked:0 matched:0 (Unread-only)
[2025-12-15 19:11:10] No matching unread TRN found. Sleeping 10s...
[2025-12-15 19:11:20] Scan stats => checked:0 matched:0 (Unread-only)
[2025-12-15 19:11:20] No matching unread TRN found. Sleeping 10s...
[2025-12-15 19:11:30] Scan stats => checked:0 matched:0 (Unread-only)
[2025-12-15 19:11:30] No matching unread TRN found. Sleeping 10s...
[2025-12-15 19:11:40] Scan stats => checked:0 matched:0 (Unread-only)
[2025-12-15 19:11:40] No matching unread TRN found. Sleeping 10s...
[2025-12-15 19:11:50] Scan stats => checked:0 matched:0 (Unread-only)
[2025-12-15 19:11:50] No matching unread TRN found. Sleeping 10s...
[2025-12-15 19:12:00] Scan stats => checked:0 matched:0 (Unread-only)
[2025-12-15 19:12:00] No matching unread TRN found. Sleeping 10s...
[2025-12-15 19:12:10] Scan stats => checked:0 matched:0 (Unread-only)
[2025-12-15 19:12:10] No matching unread TRN found. Sleeping 10s...
[2025-12-15 19:12:20] Scan stats => checked:0 matched:0 (Unread-only)
[2025-12-15 19:12:20] No matching unread TRN found. Sleeping 10s...
[2025-12-15 19:12:30] Scan stats => checked:0 matched:0 (Unread-only)
[2025-12-15 19:12:30] No matching unread TRN found. Sleeping 10s...
[2025-12-15 19:12:40] Scan stats => checked:0 matched:0 (Unread-only)
[2025-12-15 19:12:40] No matching unread TRN found. Sleeping 10s...
[2025-12-15 19:12:50] Scan stats => checked:0 matched:0 (Unread-only)
[2025-12-15 19:12:50] No matching unread TRN found. Sleeping 10s...
[2025-12-15 19:13:00] Scan stats => checked:0 matched:0 (Unread-only)
[2025-12-15 19:13:00] No matching unread TRN found. Sleeping 10s...
[2025-12-15 19:13:10] Scan stats => checked:0 matched:0 (Unread-only)
[2025-12-15 19:13:10] No matching unread TRN found. Sleeping 10s...
[2025-12-15 19:13:20] Scan stats => checked:0 matched:0 (Unread-only)
[2025-12-15 19:13:20] No matching unread TRN found. Sleeping 10s...
[2025-12-15 19:13:30] Scan stats => checked:0 matched:0 (Unread-only)
[2025-12-15 19:13:30] No matching unread TRN found. Sleeping 10s...
[2025-12-15 19:13:40] Scan stats => checked:0 matched:0 (Unread-only)
[2025-12-15 19:13:40] No matching unread TRN found. Sleeping 10s...
[2025-12-15 19:13:50] Scan stats => checked:0 matched:0 (Unread-only)
[2025-12-15 19:13:50] No matching unread TRN found. Sleeping 10s...
[2025-12-15 19:14:00] Scan stats => checked:0 matched:0 (Unread-only)
[2025-12-15 19:14:00] No matching unread TRN found. Sleeping 10s...
[2025-12-15 19:14:10] Scan stats => checked:0 matched:0 (Unread-only)
[2025-12-15 19:14:10] No matching unread TRN found. Sleeping 10s...
[2025-12-15 19:14:20] Scan stats => checked:0 matched:0 (Unread-only)
[2025-12-15 19:14:20] No matching unread TRN found. Sleeping 10s...
[2025-12-15 19:14:30] Scan stats => checked:0 matched:0 (Unread-only)
[2025-12-15 19:14:30] No matching unread TRN found. Sleeping 10s...
[2025-12-15 19:14:40] Scan stats => checked:0 matched:0 (Unread-only)
[2025-12-15 19:14:40] No matching unread TRN found. Sleeping 10s...
[2025-12-15 19:14:50] Scan stats => checked:0 matched:0 (Unread-only)
[2025-12-15 19:14:50] No matching unread TRN found. Sleeping 10s...
[2025-12-15 19:15:00] Scan stats => checked:0 matched:0 (Unread-only)
[2025-12-15 19:15:00] No matching unread TRN found. Sleeping 10s...
[2025-12-15 19:15:10] Scan stats => checked:0 matched:0 (Unread-only)
[2025-12-15 19:15:10] No matching unread TRN found. Sleeping 10s...
[2025-12-15 19:15:20] Scan stats => checked:0 matched:0 (Unread-only)
[2025-12-15 19:15:20] No matching unread TRN found. Sleeping 10s...
[2025-12-15 19:15:30] Scan stats => checked:0 matched:0 (Unread-only)
[2025-12-15 19:15:30] No matching unread TRN found. Sleeping 10s...
[2025-12-15 19:15:40] Scan stats => checked:0 matched:0 (Unread-only)
[2025-12-15 19:15:40] No matching unread TRN found. Sleeping 10s...
[2025-12-15 19:15:50] Scan stats => checked:0 matched:0 (Unread-only)
[2025-12-15 19:15:50] No matching unread TRN found. Sleeping 10s...
[2025-12-15 19:16:00] Scan stats => checked:0 matched:0 (Unread-only)
[2025-12-15 19:16:00] No matching unread TRN found. Sleeping 10s...
[2025-12-15 19:16:10] Scan stats => checked:0 matched:0 (Unread-only)
[2025-12-15 19:16:10] No matching unread TRN found. Sleeping 10s...
[2025-12-15 19:16:20] Scan stats => checked:0 matched:0 (Unread-only)
[2025-12-15 19:16:20] No matching unread TRN found. Sleeping 10s...
[2025-12-15 19:16:30] Scan stats => checked:0 matched:0 (Unread-only)
[2025-12-15 19:16:30] No matching unread TRN found. Sleeping 10s...
[2025-12-15 19:16:40] Scan stats => checked:0 matched:0 (Unread-only)
[2025-12-15 19:16:40] No matching unread TRN found. Sleeping 10s...
[2025-12-15 19:16:50] Scan stats => checked:0 matched:0 (Unread-only)
[2025-12-15 19:16:50] No matching unread TRN found. Sleeping 10s...
[2025-12-15 19:17:00] Scan stats => checked:0 matched:0 (Unread-only)
[2025-12-15 19:17:00] No matching unread TRN found. Sleeping 10s...
[2025-12-15 19:17:10] Scan stats => checked:0 matched:0 (Unread-only)
[2025-12-15 19:17:10] No matching unread TRN found. Sleeping 10s...
[2025-12-15 19:17:20] Scan stats => checked:0 matched:0 (Unread-only)
[2025-12-15 19:17:20] No matching unread TRN found. Sleeping 10s...
[2025-12-15 19:17:30] Scan stats => checked:0 matched:0 (Unread-only)
[2025-12-15 19:17:30] No matching unread TRN found. Sleeping 10s...
[2025-12-15 19:17:40] Scan stats => checked:0 matched:0 (Unread-only)
[2025-12-15 19:17:40] No matching unread TRN found. Sleeping 10s...
[2025-12-15 19:17:50] Scan stats => checked:0 matched:0 (Unread-only)
[2025-12-15 19:17:50] No matching unread TRN found. Sleeping 10s...
[2025-12-15 19:18:00] Scan stats => checked:0 matched:0 (Unread-only)
[2025-12-15 19:18:00] No matching unread TRN found. Sleeping 10s...
[2025-12-15 19:18:10] Scan stats => checked:0 matched:0 (Unread-only)
[2025-12-15 19:18:10] No matching unread TRN found. Sleeping 10s...
[2025-12-15 19:18:20] Scan stats => checked:0 matched:0 (Unread-only)
[2025-12-15 19:18:20] No matching unread TRN found. Sleeping 10s...
[2025-12-15 19:18:30] Scan stats => checked:0 matched:0 (Unread-only)
[2025-12-15 19:18:30] No matching unread TRN found. Sleeping 10s...
[2025-12-15 19:18:40] Scan stats => checked:0 matched:0 (Unread-only)
[2025-12-15 19:18:40] No matching unread TRN found. Sleeping 10s...
[2025-12-15 19:18:50] Scan stats => checked:0 matched:0 (Unread-only)
[2025-12-15 19:18:50] No matching unread TRN found. Sleeping 10s...
[2025-12-15 19:19:00] Scan stats => checked:0 matched:0 (Unread-only)
[2025-12-15 19:19:00] No matching unread TRN found. Sleeping 10s...
[2025-12-15 19:19:10] Scan stats => checked:0 matched:0 (Unread-only)
[2025-12-15 19:19:10] No matching unread TRN found. Sleeping 10s...
[2025-12-15 19:19:20] Scan stats => checked:0 matched:0 (Unread-only)
[2025-12-15 19:19:20] No matching unread TRN found. Sleeping 10s...
[2025-12-15 19:19:30] Scan stats => checked:0 matched:0 (Unread-only)
[2025-12-15 19:19:30] No matching unread TRN found. Sleeping 10s...
[2025-12-15 19:19:40] Scan stats => checked:0 matched:0 (Unread-only)
[2025-12-15 19:19:40] No matching unread TRN found. Sleeping 10s...
[2025-12-15 19:19:50] Scan stats => checked:0 matched:0 (Unread-only)
[2025-12-15 19:19:50] No matching unread TRN found. Sleeping 10s...
[2025-12-15 19:20:00] Scan stats => checked:0 matched:0 (Unread-only)
[2025-12-15 19:20:00] No matching unread TRN found. Sleeping 10s...
[2025-12-15 19:20:10] Scan stats => checked:0 matched:0 (Unread-only)
[2025-12-15 19:20:10] No matching unread TRN found. Sleeping 10s...
[2025-12-15 19:20:20] Scan stats => checked:0 matched:0 (Unread-only)
[2025-12-15 19:20:20] No matching unread TRN found. Sleeping 10s...
[2025-12-15 19:20:30] Scan stats => checked:0 matched:0 (Unread-only)
[2025-12-15 19:20:30] No matching unread TRN found. Sleeping 10s...
[2025-12-15 19:20:40] Scan stats => checked:0 matched:0 (Unread-only)
[2025-12-15 19:20:40] No matching unread TRN found. Sleeping 10s...
[2025-12-15 19:20:50] Scan stats => checked:0 matched:0 (Unread-only)
[2025-12-15 19:20:50] No matching unread TRN found. Sleeping 10s...
[2025-12-15 19:21:00] Scan stats => checked:0 matched:0 (Unread-only)
[2025-12-15 19:21:00] No matching unread TRN found. Sleeping 10s...
[2025-12-15 19:21:10] Scan stats => checked:0 matched:0 (Unread-only)
[2025-12-15 19:21:10] No matching unread TRN found. Sleeping 10s...
[2025-12-15 19:21:20] Scan stats => checked:0 matched:0 (Unread-only)
[2025-12-15 19:21:20] No matching unread TRN found. Sleeping 10s...
[2025-12-15 19:21:30] Scan stats => checked:0 matched:0 (Unread-only)
[2025-12-15 19:21:30] No matching unread TRN found. Sleeping 10s...
[2025-12-15 19:21:40] Scan stats => checked:0 matched:0 (Unread-only)
[2025-12-15 19:21:40] No matching unread TRN found. Sleeping 10s...
[2025-12-15 19:21:50] Scan stats => checked:0 matched:0 (Unread-only)
[2025-12-15 19:21:50] No matching unread TRN found. Sleeping 10s...
[2025-12-15 19:22:00] Scan stats => checked:0 matched:0 (Unread-only)
[2025-12-15 19:22:00] No matching unread TRN found. Sleeping 10s...
[2025-12-15 19:22:10] Scan stats => checked:0 matched:0 (Unread-only)
[2025-12-15 19:22:10] No matching unread TRN found. Sleeping 10s...
[2025-12-15 19:22:20] Scan stats => checked:0 matched:0 (Unread-only)
[2025-12-15 19:22:20] No matching unread TRN found. Sleeping 10s...
[2025-12-15 19:22:30] Scan stats => checked:0 matched:0 (Unread-only)
[2025-12-15 19:22:30] No matching unread TRN found. Sleeping 10s...
[2025-12-15 19:22:40] Scan stats => checked:0 matched:0 (Unread-only)
[2025-12-15 19:22:40] No matching unread TRN found. Sleeping 10s...
[2025-12-15 19:22:50] Scan stats => checked:0 matched:0 (Unread-only)
[2025-12-15 19:22:50] No matching unread TRN found. Sleeping 10s...
[2025-12-15 19:23:00] Scan stats => checked:0 matched:0 (Unread-only)
[2025-12-15 19:23:00] No matching unread TRN found. Sleeping 10s...
[2025-12-15 19:23:10] Scan stats => checked:0 matched:0 (Unread-only)
[2025-12-15 19:23:10] No matching unread TRN found. Sleeping 10s...
[2025-12-15 19:23:20] Scan stats => checked:0 matched:0 (Unread-only)
[2025-12-15 19:23:20] No matching unread TRN found. Sleeping 10s...
[2025-12-15 19:23:30] Scan stats => checked:0 matched:0 (Unread-only)
[2025-12-15 19:23:30] No matching unread TRN found. Sleeping 10s...
[2025-12-15 19:23:40] Scan stats => checked:0 matched:0 (Unread-only)
[2025-12-15 19:23:40] No matching unread TRN found. Sleeping 10s...
[2025-12-15 19:23:50] Scan stats => checked:0 matched:0 (Unread-only)
[2025-12-15 19:23:50] No matching unread TRN found. Sleeping 10s...
[2025-12-15 19:24:00] Scan stats => checked:0 matched:0 (Unread-only)
[2025-12-15 19:24:00] No matching unread TRN found. Sleeping 10s...
[2025-12-15 19:24:10] Scan stats => checked:0 matched:0 (Unread-only)
[2025-12-15 19:24:10] No matching unread TRN found. Sleeping 10s...
[2025-12-15 19:24:20] Scan stats => checked:0 matched:0 (Unread-only)
[2025-12-15 19:24:20] No matching unread TRN found. Sleeping 10s...
[2025-12-15 19:24:30] Scan stats => checked:0 matched:0 (Unread-only)
[2025-12-15 19:24:30] No matching unread TRN found. Sleeping 10s...
[2025-12-15 19:24:40] Scan stats => checked:0 matched:0 (Unread-only)
[2025-12-15 19:24:40] No matching unread TRN found. Sleeping 10s...
[2025-12-15 19:24:50] Scan stats => checked:0 matched:0 (Unread-only)
[2025-12-15 19:24:50] No matching unread TRN found. Sleeping 10s...
[2025-12-15 19:25:00] Scan stats => checked:0 matched:0 (Unread-only)
[2025-12-15 19:25:00] No matching unread TRN found. Sleeping 10s...
[2025-12-15 19:25:10] Scan stats => checked:0 matched:0 (Unread-only)
[2025-12-15 19:25:10] No matching unread TRN found. Sleeping 10s...
[2025-12-15 19:25:20] Scan stats => checked:0 matched:0 (Unread-only)
[2025-12-15 19:25:20] No matching unread TRN found. Sleeping 10s...
[2025-12-15 19:25:30] Scan stats => checked:0 matched:0 (Unread-only)
[2025-12-15 19:25:30] No matching unread TRN found. Sleeping 10s...
[2025-12-15 19:25:40] Scan stats => checked:0 matched:0 (Unread-only)
[2025-12-15 19:25:40] No matching unread TRN found. Sleeping 10s...
[2025-12-15 19:25:50] Scan stats => checked:0 matched:0 (Unread-only)
[2025-12-15 19:25:50] No matching unread TRN found. Sleeping 10s...
[2025-12-15 19:26:00] Scan stats => checked:0 matched:0 (Unread-only)
[2025-12-15 19:26:00] No matching unread TRN found. Sleeping 10s...
[2025-12-15 19:26:10] Scan stats => checked:0 matched:0 (Unread-only)
[2025-12-15 19:26:10] No matching unread TRN found. Sleeping 10s...
[2025-12-15 19:26:20] Scan stats => checked:0 matched:0 (Unread-only)
[2025-12-15 19:26:20] No matching unread TRN found. Sleeping 10s...
[2025-12-15 19:26:30] Scan stats => checked:0 matched:0 (Unread-only)
[2025-12-15 19:26:30] No matching unread TRN found. Sleeping 10s...
[2025-12-15 19:26:40] Scan stats => checked:0 matched:0 (Unread-only)
[2025-12-15 19:26:40] No matching unread TRN found. Sleeping 10s...
[2025-12-15 19:26:50] Scan stats => checked:0 matched:0 (Unread-only)
[2025-12-15 19:26:50] No matching unread TRN found. Sleeping 10s...
[2025-12-15 19:27:00] Scan stats => checked:0 matched:0 (Unread-only)
[2025-12-15 19:27:00] No matching unread TRN found. Sleeping 10s...
[2025-12-15 19:27:10] Scan stats => checked:0 matched:0 (Unread-only)
[2025-12-15 19:27:10] No matching unread TRN found. Sleeping 10s...
[2025-12-15 19:27:20] Scan stats => checked:0 matched:0 (Unread-only)
[2025-12-15 19:27:20] No matching unread TRN found. Sleeping 10s...
[2025-12-15 19:27:30] Scan stats => checked:0 matched:0 (Unread-only)
[2025-12-15 19:27:30] No matching unread TRN found. Sleeping 10s...
[2025-12-15 19:27:40] Scan stats => checked:0 matched:0 (Unread-only)
[2025-12-15 19:27:40] No matching unread TRN found. Sleeping 10s...
[2025-12-15 19:27:50] Scan stats => checked:0 matched:0 (Unread-only)
[2025-12-15 19:27:50] No matching unread TRN found. Sleeping 10s...
[2025-12-15 19:28:01] Scan stats => checked:0 matched:0 (Unread-only)
[2025-12-15 19:28:01] No matching unread TRN found. Sleeping 10s...
[2025-12-15 19:28:11] Scan stats => checked:0 matched:0 (Unread-only)
[2025-12-15 19:28:11] No matching unread TRN found. Sleeping 10s...
[2025-12-15 19:28:21] Scan stats => checked:0 matched:0 (Unread-only)
[2025-12-15 19:28:21] No matching unread TRN found. Sleeping 10s...
[2025-12-15 19:28:31] Scan stats => checked:0 matched:0 (Unread-only)
[2025-12-15 19:28:31] No matching unread TRN found. Sleeping 10s...
[2025-12-15 19:28:41] Scan stats => checked:0 matched:0 (Unread-only)
[2025-12-15 19:28:41] No matching unread TRN found. Sleeping 10s...
[2025-12-15 19:28:51] Scan stats => checked:0 matched:0 (Unread-only)
[2025-12-15 19:28:51] No matching unread TRN found. Sleeping 10s...
[2025-12-15 19:29:01] Scan stats => checked:0 matched:0 (Unread-only)
[2025-12-15 19:29:01] No matching unread TRN found. Sleeping 10s...
[2025-12-15 19:29:11] Scan stats => checked:0 matched:0 (Unread-only)
[2025-12-15 19:29:11] No matching unread TRN found. Sleeping 10s...
[2025-12-15 19:29:21] Scan stats => checked:0 matched:0 (Unread-only)
[2025-12-15 19:29:21] No matching unread TRN found. Sleeping 10s...
[2025-12-15 19:29:31] Scan stats => checked:0 matched:0 (Unread-only)
[2025-12-15 19:29:31] No matching unread TRN found. Sleeping 10s...
[2025-12-15 19:29:41] Scan stats => checked:0 matched:0 (Unread-only)
[2025-12-15 19:29:41] No matching unread TRN found. Sleeping 10s...
[2025-12-15 19:29:51] Scan stats => checked:0 matched:0 (Unread-only)
[2025-12-15 19:29:51] No matching unread TRN found. Sleeping 10s...
[2025-12-15 19:30:01] Scan stats => checked:0 matched:0 (Unread-only)
[2025-12-15 19:30:01] No matching unread TRN found. Sleeping 10s...
[2025-12-15 19:30:11] Scan stats => checked:0 matched:0 (Unread-only)
[2025-12-15 19:30:11] No matching unread TRN found. Sleeping 10s...
[2025-12-15 19:30:21] Scan stats => checked:0 matched:0 (Unread-only)
[2025-12-15 19:30:21] No matching unread TRN found. Sleeping 10s...
[2025-12-15 19:30:31] Scan stats => checked:0 matched:0 (Unread-only)
[2025-12-15 19:30:31] No matching unread TRN found. Sleeping 10s...
[2025-12-15 19:30:41] Scan stats => checked:0 matched:0 (Unread-only)
[2025-12-15 19:30:41] No matching unread TRN found. Sleeping 10s...
[2025-12-15 19:30:51] Scan stats => checked:0 matched:0 (Unread-only)
[2025-12-15 19:30:51] No matching unread TRN found. Sleeping 10s...
[2025-12-15 19:31:01] Scan stats => checked:0 matched:0 (Unread-only)
[2025-12-15 19:31:01] No matching unread TRN found. Sleeping 10s...
[2025-12-15 19:31:11] Scan stats => checked:0 matched:0 (Unread-only)
[2025-12-15 19:31:11] No matching unread TRN found. Sleeping 10s...
[2025-12-15 19:31:21] Scan stats => checked:0 matched:0 (Unread-only)
[2025-12-15 19:31:21] No matching unread TRN found. Sleeping 10s...
[2025-12-15 19:31:31] Scan stats => checked:0 matched:0 (Unread-only)
[2025-12-15 19:31:31] No matching unread TRN found. Sleeping 10s...
[2025-12-15 19:31:41] Scan stats => checked:0 matched:0 (Unread-only)
[2025-12-15 19:31:41] No matching unread TRN found. Sleeping 10s...
[2025-12-15 19:31:51] Scan stats => checked:0 matched:0 (Unread-only)
[2025-12-15 19:31:51] No matching unread TRN found. Sleeping 10s...
[2025-12-15 19:32:01] Scan stats => checked:0 matched:0 (Unread-only)
[2025-12-15 19:32:01] No matching unread TRN found. Sleeping 10s...
[2025-12-15 19:32:11] Scan stats => checked:0 matched:0 (Unread-only)
[2025-12-15 19:32:11] No matching unread TRN found. Sleeping 10s...
[2025-12-15 19:32:21] Scan stats => checked:0 matched:0 (Unread-only)
[2025-12-15 19:32:21] No matching unread TRN found. Sleeping 10s...
[2025-12-15 19:32:31] Scan stats => checked:0 matched:0 (Unread-only)
[2025-12-15 19:32:31] No matching unread TRN found. Sleeping 10s...
[2025-12-15 19:32:41] Scan stats => checked:0 matched:0 (Unread-only)
[2025-12-15 19:32:41] No matching unread TRN found. Sleeping 10s...
[2025-12-15 19:32:51] Scan stats => checked:0 matched:0 (Unread-only)
[2025-12-15 19:32:51] No matching unread TRN found. Sleeping 10s...
[2025-12-15 19:33:01] Scan stats => checked:0 matched:0 (Unread-only)
[2025-12-15 19:33:01] No matching unread TRN found. Sleeping 10s...
[2025-12-15 19:33:11] Scan stats => checked:0 matched:0 (Unread-only)
[2025-12-15 19:33:11] No matching unread TRN found. Sleeping 10s...
[2025-12-15 19:33:21] Scan stats => checked:0 matched:0 (Unread-only)
[2025-12-15 19:33:21] No matching unread TRN found. Sleeping 10s...
[2025-12-15 19:33:31] Scan stats => checked:0 matched:0 (Unread-only)
[2025-12-15 19:33:31] No matching unread TRN found. Sleeping 10s...
[2025-12-15 19:33:41] Scan stats => checked:0 matched:0 (Unread-only)
[2025-12-15 19:33:41] No matching unread TRN found. Sleeping 10s...
[2025-12-15 19:33:51] Scan stats => checked:0 matched:0 (Unread-only)
[2025-12-15 19:33:51] No matching unread TRN found. Sleeping 10s...
[2025-12-15 19:34:01] Scan stats => checked:0 matched:0 (Unread-only)
[2025-12-15 19:34:01] No matching unread TRN found. Sleeping 10s...
[2025-12-15 19:34:11] Scan stats => checked:0 matched:0 (Unread-only)
[2025-12-15 19:34:11] No matching unread TRN found. Sleeping 10s...
[2025-12-15 19:34:21] Scan stats => checked:0 matched:0 (Unread-only)
[2025-12-15 19:34:21] No matching unread TRN found. Sleeping 10s...
[2025-12-15 19:34:31] Scan stats => checked:0 matched:0 (Unread-only)
[2025-12-15 19:34:31] No matching unread TRN found. Sleeping 10s...
[2025-12-15 19:34:41] Scan stats => checked:0 matched:0 (Unread-only)
[2025-12-15 19:34:41] No matching unread TRN found. Sleeping 10s...
[2025-12-15 19:34:51] Scan stats => checked:0 matched:0 (Unread-only)
[2025-12-15 19:34:51] No matching unread TRN found. Sleeping 10s...
[2025-12-15 19:35:01] Scan stats => checked:0 matched:0 (Unread-only)
[2025-12-15 19:35:01] No matching unread TRN found. Sleeping 10s...
[2025-12-15 19:35:11] Scan stats => checked:0 matched:0 (Unread-only)
[2025-12-15 19:35:11] No matching unread TRN found. Sleeping 10s...
[2025-12-15 19:35:21] Scan stats => checked:0 matched:0 (Unread-only)
[2025-12-15 19:35:21] No matching unread TRN found. Sleeping 10s...
[2025-12-15 19:35:31] Scan stats => checked:0 matched:0 (Unread-only)
[2025-12-15 19:35:31] No matching unread TRN found. Sleeping 10s...
[2025-12-15 19:35:41] Scan stats => checked:0 matched:0 (Unread-only)
[2025-12-15 19:35:41] No matching unread TRN found. Sleeping 10s...
[2025-12-15 19:35:51] Scan stats => checked:0 matched:0 (Unread-only)
[2025-12-15 19:35:51] No matching unread TRN found. Sleeping 10s...
[2025-12-15 19:36:01] Scan stats => checked:0 matched:0 (Unread-only)
[2025-12-15 19:36:01] No matching unread TRN found. Sleeping 10s...
[2025-12-15 19:36:11] Scan stats => checked:0 matched:0 (Unread-only)
[2025-12-15 19:36:11] No matching unread TRN found. Sleeping 10s...
[2025-12-15 19:36:21] Scan stats => checked:0 matched:0 (Unread-only)
[2025-12-15 19:36:21] No matching unread TRN found. Sleeping 10s...
[2025-12-15 19:36:31] Scan stats => checked:0 matched:0 (Unread-only)
[2025-12-15 19:36:31] No matching unread TRN found. Sleeping 10s...
[2025-12-15 19:36:41] Scan stats => checked:0 matched:0 (Unread-only)
[2025-12-15 19:36:41] No matching unread TRN found. Sleeping 10s...
[2025-12-15 19:36:51] Scan stats => checked:0 matched:0 (Unread-only)
[2025-12-15 19:36:51] No matching unread TRN found. Sleeping 10s...
[2025-12-15 19:37:01] Scan stats => checked:0 matched:0 (Unread-only)
[2025-12-15 19:37:01] No matching unread TRN found. Sleeping 10s...
[2025-12-15 19:37:11] Scan stats => checked:0 matched:0 (Unread-only)
[2025-12-15 19:37:11] No matching unread TRN found. Sleeping 10s...
[2025-12-15 19:37:21] Scan stats => checked:0 matched:0 (Unread-only)
[2025-12-15 19:37:21] No matching unread TRN found. Sleeping 10s...
[2025-12-15 19:37:31] Scan stats => checked:0 matched:0 (Unread-only)
[2025-12-15 19:37:31] No matching unread TRN found. Sleeping 10s...
[2025-12-15 19:37:41] Scan stats => checked:0 matched:0 (Unread-only)
[2025-12-15 19:37:41] No matching unread TRN found. Sleeping 10s...
[2025-12-15 19:37:51] Scan stats => checked:0 matched:0 (Unread-only)
[2025-12-15 19:37:51] No matching unread TRN found. Sleeping 10s...
[2025-12-15 19:38:01] Scan stats => checked:0 matched:0 (Unread-only)
[2025-12-15 19:38:01] No matching unread TRN found. Sleeping 10s...
[2025-12-15 19:38:11] Scan stats => checked:0 matched:0 (Unread-only)
[2025-12-15 19:38:11] No matching unread TRN found. Sleeping 10s...
[2025-12-15 19:38:21] Scan stats => checked:0 matched:0 (Unread-only)
[2025-12-15 19:38:21] No matching unread TRN found. Sleeping 10s...
[2025-12-15 19:38:31] Scan stats => checked:0 matched:0 (Unread-only)
[2025-12-15 19:38:31] No matching unread TRN found. Sleeping 10s...
[2025-12-15 19:38:41] Scan stats => checked:0 matched:0 (Unread-only)
[2025-12-15 19:38:41] No matching unread TRN found. Sleeping 10s...
[2025-12-15 19:38:51] Scan stats => checked:0 matched:0 (Unread-only)
[2025-12-15 19:38:51] No matching unread TRN found. Sleeping 10s...
[2025-12-15 19:39:01] Scan stats => checked:0 matched:0 (Unread-only)
[2025-12-15 19:39:01] No matching unread TRN found. Sleeping 10s...
[2025-12-15 19:39:11] Scan stats => checked:0 matched:0 (Unread-only)
[2025-12-15 19:39:11] No matching unread TRN found. Sleeping 10s...
[2025-12-15 19:39:21] Scan stats => checked:0 matched:0 (Unread-only)
[2025-12-15 19:39:21] No matching unread TRN found. Sleeping 10s...
[2025-12-15 19:39:31] Scan stats => checked:0 matched:0 (Unread-only)
[2025-12-15 19:39:31] No matching unread TRN found. Sleeping 10s...
[2025-12-15 19:39:41] Scan stats => checked:0 matched:0 (Unread-only)
[2025-12-15 19:39:41] No matching unread TRN found. Sleeping 10s...
[2025-12-15 19:39:51] Scan stats => checked:0 matched:0 (Unread-only)
[2025-12-15 19:39:51] No matching unread TRN found. Sleeping 10s...
[2025-12-15 19:40:01] Scan stats => checked:0 matched:0 (Unread-only)
[2025-12-15 19:40:01] No matching unread TRN found. Sleeping 10s...
[2025-12-15 19:40:11] Scan stats => checked:0 matched:0 (Unread-only)
[2025-12-15 19:40:11] No matching unread TRN found. Sleeping 10s...
[2025-12-15 19:40:21] Scan stats => checked:0 matched:0 (Unread-only)
[2025-12-15 19:40:21] No matching unread TRN found. Sleeping 10s...
[2025-12-15 19:40:31] Scan stats => checked:0 matched:0 (Unread-only)
[2025-12-15 19:40:31] No matching unread TRN found. Sleeping 10s...
[2025-12-15 19:40:41] Scan stats => checked:0 matched:0 (Unread-only)
[2025-12-15 19:40:41] No matching unread TRN found. Sleeping 10s...
[2025-12-15 19:40:51] Scan stats => checked:0 matched:0 (Unread-only)
[2025-12-15 19:40:51] No matching unread TRN found. Sleeping 10s...
[2025-12-15 19:41:01] Scan stats => checked:0 matched:0 (Unread-only)
[2025-12-15 19:41:01] No matching unread TRN found. Sleeping 10s...
[2025-12-15 19:41:11] Scan stats => checked:0 matched:0 (Unread-only)
[2025-12-15 19:41:11] No matching unread TRN found. Sleeping 10s...
[2025-12-15 19:41:21] Scan stats => checked:0 matched:0 (Unread-only)
[2025-12-15 19:41:21] No matching unread TRN found. Sleeping 10s...
[2025-12-15 19:41:31] Scan stats => checked:0 matched:0 (Unread-only)
[2025-12-15 19:41:31] No matching unread TRN found. Sleeping 10s...
[2025-12-15 19:41:41] Scan stats => checked:0 matched:0 (Unread-only)
[2025-12-15 19:41:41] No matching unread TRN found. Sleeping 10s...
[2025-12-15 19:41:51] Scan stats => checked:0 matched:0 (Unread-only)
[2025-12-15 19:41:51] No matching unread TRN found. Sleeping 10s...
[2025-12-15 19:42:01] Scan stats => checked:0 matched:0 (Unread-only)
[2025-12-15 19:42:01] No matching unread TRN found. Sleeping 10s...
[2025-12-15 19:42:11] Scan stats => checked:0 matched:0 (Unread-only)
[2025-12-15 19:42:11] No matching unread TRN found. Sleeping 10s...
[2025-12-15 19:42:21] Scan stats => checked:0 matched:0 (Unread-only)
[2025-12-15 19:42:21] No matching unread TRN found. Sleeping 10s...
[2025-12-15 19:42:31] Scan stats => checked:0 matched:0 (Unread-only)
[2025-12-15 19:42:31] No matching unread TRN found. Sleeping 10s...
[2025-12-15 19:42:41] Scan stats => checked:0 matched:0 (Unread-only)
[2025-12-15 19:42:41] No matching unread TRN found. Sleeping 10s...
[2025-12-15 19:42:51] Scan stats => checked:0 matched:0 (Unread-only)
[2025-12-15 19:42:51] No matching unread TRN found. Sleeping 10s...
[2025-12-15 19:43:01] Scan stats => checked:0 matched:0 (Unread-only)
[2025-12-15 19:43:01] No matching unread TRN found. Sleeping 10s...
[2025-12-15 19:43:12] Scan stats => checked:0 matched:0 (Unread-only)
[2025-12-15 19:43:12] No matching unread TRN found. Sleeping 10s...
[2025-12-15 19:43:22] Scan stats => checked:0 matched:0 (Unread-only)
[2025-12-15 19:43:22] No matching unread TRN found. Sleeping 10s...
[2025-12-15 19:43:32] Scan stats => checked:0 matched:0 (Unread-only)
[2025-12-15 19:43:32] No matching unread TRN found. Sleeping 10s...
[2025-12-15 19:43:42] Scan stats => checked:0 matched:0 (Unread-only)
[2025-12-15 19:43:42] No matching unread TRN found. Sleeping 10s...
[2025-12-15 19:43:52] Scan stats => checked:0 matched:0 (Unread-only)
[2025-12-15 19:43:52] No matching unread TRN found. Sleeping 10s...
[2025-12-15 19:44:02] Scan stats => checked:0 matched:0 (Unread-only)
[2025-12-15 19:44:02] No matching unread TRN found. Sleeping 10s...
[2025-12-15 19:44:12] Scan stats => checked:0 matched:0 (Unread-only)
[2025-12-15 19:44:12] No matching unread TRN found. Sleeping 10s...
[2025-12-15 19:44:22] Scan stats => checked:0 matched:0 (Unread-only)
[2025-12-15 19:44:22] No matching unread TRN found. Sleeping 10s...
[2025-12-15 19:44:32] Scan stats => checked:0 matched:0 (Unread-only)
[2025-12-15 19:44:32] No matching unread TRN found. Sleeping 10s...
[2025-12-15 19:44:42] Scan stats => checked:0 matched:0 (Unread-only)
[2025-12-15 19:44:42] No matching unread TRN found. Sleeping 10s...
[2025-12-15 19:44:52] Scan stats => checked:0 matched:0 (Unread-only)
[2025-12-15 19:44:52] No matching unread TRN found. Sleeping 10s...
[2025-12-15 19:45:02] Scan stats => checked:0 matched:0 (Unread-only)
[2025-12-15 19:45:02] No matching unread TRN found. Sleeping 10s...
[2025-12-15 19:45:12] Scan stats => checked:0 matched:0 (Unread-only)
[2025-12-15 19:45:12] No matching unread TRN found. Sleeping 10s...
[2025-12-15 19:45:22] Scan stats => checked:0 matched:0 (Unread-only)
[2025-12-15 19:45:22] No matching unread TRN found. Sleeping 10s...
[2025-12-15 19:45:32] Scan stats => checked:0 matched:0 (Unread-only)
[2025-12-15 19:45:32] No matching unread TRN found. Sleeping 10s...
[2025-12-15 19:45:42] Scan stats => checked:0 matched:0 (Unread-only)
[2025-12-15 19:45:42] No matching unread TRN found. Sleeping 10s...
[2025-12-15 19:45:52] Scan stats => checked:0 matched:0 (Unread-only)
[2025-12-15 19:45:52] No matching unread TRN found. Sleeping 10s...
[2025-12-15 19:46:02] Scan stats => checked:0 matched:0 (Unread-only)
[2025-12-15 19:46:02] No matching unread TRN found. Sleeping 10s...
[2025-12-15 19:46:12] Scan stats => checked:0 matched:0 (Unread-only)
[2025-12-15 19:46:12] No matching unread TRN found. Sleeping 10s...
[2025-12-15 19:46:22] Scan stats => checked:0 matched:0 (Unread-only)
[2025-12-15 19:46:22] No matching unread TRN found. Sleeping 10s...
[2025-12-15 19:46:32] Scan stats => checked:0 matched:0 (Unread-only)
[2025-12-15 19:46:32] No matching unread TRN found. Sleeping 10s...
[2025-12-15 19:46:42] Scan stats => checked:0 matched:0 (Unread-only)
[2025-12-15 19:46:42] No matching unread TRN found. Sleeping 10s...
[2025-12-15 19:46:52] Scan stats => checked:0 matched:0 (Unread-only)
[2025-12-15 19:46:52] No matching unread TRN found. Sleeping 10s...
[2025-12-15 19:47:02] Scan stats => checked:0 matched:0 (Unread-only)
[2025-12-15 19:47:02] No matching unread TRN found. Sleeping 10s...
[2025-12-15 19:47:12] Scan stats => checked:0 matched:0 (Unread-only)
[2025-12-15 19:47:12] No matching unread TRN found. Sleeping 10s...
[2025-12-15 19:47:22] Scan stats => checked:0 matched:0 (Unread-only)
[2025-12-15 19:47:22] No matching unread TRN found. Sleeping 10s...
[2025-12-15 19:47:32] Scan stats => checked:0 matched:0 (Unread-only)
[2025-12-15 19:47:32] No matching unread TRN found. Sleeping 10s...
[2025-12-15 19:47:42] Scan stats => checked:0 matched:0 (Unread-only)
[2025-12-15 19:47:42] No matching unread TRN found. Sleeping 10s...
[2025-12-15 19:47:52] Scan stats => checked:0 matched:0 (Unread-only)
[2025-12-15 19:47:52] No matching unread TRN found. Sleeping 10s...
[2025-12-15 19:48:02] Scan stats => checked:0 matched:0 (Unread-only)
[2025-12-15 19:48:02] No matching unread TRN found. Sleeping 10s...
[2025-12-15 19:48:15] Scan stats => checked:0 matched:0 (Unread-only)
[2025-12-15 19:48:15] No matching unread TRN found. Sleeping 10s...
[2025-12-15 19:48:25] Scan stats => checked:0 matched:0 (Unread-only)
[2025-12-15 19:48:25] No matching unread TRN found. Sleeping 10s...
[2025-12-15 19:48:37] Scan stats => checked:0 matched:0 (Unread-only)
[2025-12-15 19:48:37] No matching unread TRN found. Sleeping 10s...
[2025-12-15 19:48:47] Scan stats => checked:0 matched:0 (Unread-only)
[2025-12-15 19:48:47] No matching unread TRN found. Sleeping 10s...
[2025-12-15 19:48:57] Scan stats => checked:0 matched:0 (Unread-only)
[2025-12-15 19:48:57] No matching unread TRN found. Sleeping 10s...
[2025-12-15 19:49:07] Scan stats => checked:0 matched:0 (Unread-only)
[2025-12-15 19:49:07] No matching unread TRN found. Sleeping 10s...
[2025-12-15 19:49:17] Scan stats => checked:0 matched:0 (Unread-only)
[2025-12-15 19:49:17] No matching unread TRN found. Sleeping 10s...
[2025-12-15 19:49:27] Scan stats => checked:0 matched:0 (Unread-only)
[2025-12-15 19:49:27] No matching unread TRN found. Sleeping 10s...
[2025-12-15 19:49:37] Scan stats => checked:0 matched:0 (Unread-only)
[2025-12-15 19:49:37] No matching unread TRN found. Sleeping 10s...
[2025-12-15 19:49:47] Scan stats => checked:0 matched:0 (Unread-only)
[2025-12-15 19:49:47] No matching unread TRN found. Sleeping 10s...
[2025-12-15 19:49:57] Scan stats => checked:0 matched:0 (Unread-only)
[2025-12-15 19:49:57] No matching unread TRN found. Sleeping 10s...
[2025-12-15 19:50:07] Scan stats => checked:0 matched:0 (Unread-only)
[2025-12-15 19:50:07] No matching unread TRN found. Sleeping 10s...
[2025-12-15 19:50:17] Scan stats => checked:0 matched:0 (Unread-only)
[2025-12-15 19:50:17] No matching unread TRN found. Sleeping 10s...
[2025-12-15 19:50:27] Scan stats => checked:0 matched:0 (Unread-only)
[2025-12-15 19:50:27] No matching unread TRN found. Sleeping 10s...
[2025-12-15 19:50:37] Scan stats => checked:0 matched:0 (Unread-only)
[2025-12-15 19:50:37] No matching unread TRN found. Sleeping 10s...
[2025-12-15 19:50:47] Scan stats => checked:0 matched:0 (Unread-only)
[2025-12-15 19:50:47] No matching unread TRN found. Sleeping 10s...
[2025-12-15 19:50:57] Scan stats => checked:0 matched:0 (Unread-only)
[2025-12-15 19:50:57] No matching unread TRN found. Sleeping 10s...
[2025-12-15 19:51:07] Scan stats => checked:0 matched:0 (Unread-only)
[2025-12-15 19:51:07] No matching unread TRN found. Sleeping 10s...
[2025-12-15 19:51:17] Scan stats => checked:0 matched:0 (Unread-only)
[2025-12-15 19:51:17] No matching unread TRN found. Sleeping 10s...
[2025-12-15 19:51:27] Scan stats => checked:0 matched:0 (Unread-only)
[2025-12-15 19:51:27] No matching unread TRN found. Sleeping 10s...
[2025-12-15 19:51:37] Scan stats => checked:0 matched:0 (Unread-only)
[2025-12-15 19:51:37] No matching unread TRN found. Sleeping 10s...
[2025-12-15 19:51:47] Scan stats => checked:0 matched:0 (Unread-only)
[2025-12-15 19:51:47] No matching unread TRN found. Sleeping 10s...
[2025-12-15 19:51:57] Scan stats => checked:0 matched:0 (Unread-only)
[2025-12-15 19:51:57] No matching unread TRN found. Sleeping 10s...
[2025-12-15 19:52:08] Scan stats => checked:0 matched:0 (Unread-only)
[2025-12-15 19:52:08] No matching unread TRN found. Sleeping 10s...
[2025-12-15 19:52:18] Scan stats => checked:0 matched:0 (Unread-only)
[2025-12-15 19:52:18] No matching unread TRN found. Sleeping 10s...
[2025-12-15 19:52:28] Scan stats => checked:0 matched:0 (Unread-only)
[2025-12-15 19:52:28] No matching unread TRN found. Sleeping 10s...
[2025-12-15 19:52:38] Scan stats => checked:0 matched:0 (Unread-only)
[2025-12-15 19:52:38] No matching unread TRN found. Sleeping 10s...
[2025-12-15 19:52:48] Scan stats => checked:0 matched:0 (Unread-only)
[2025-12-15 19:52:48] No matching unread TRN found. Sleeping 10s...
[2025-12-15 19:52:58] Scan stats => checked:0 matched:0 (Unread-only)
[2025-12-15 19:52:58] No matching unread TRN found. Sleeping 10s...
[2025-12-15 19:53:08] Scan stats => checked:0 matched:0 (Unread-only)
[2025-12-15 19:53:08] No matching unread TRN found. Sleeping 10s...
[2025-12-15 19:53:18] Scan stats => checked:0 matched:0 (Unread-only)
[2025-12-15 19:53:18] No matching unread TRN found. Sleeping 10s...
[2025-12-15 19:53:28] Scan stats => checked:0 matched:0 (Unread-only)
[2025-12-15 19:53:28] No matching unread TRN found. Sleeping 10s...
[2025-12-15 19:53:38] Scan stats => checked:0 matched:0 (Unread-only)
[2025-12-15 19:53:38] No matching unread TRN found. Sleeping 10s...
[2025-12-15 19:53:48] Scan stats => checked:0 matched:0 (Unread-only)
[2025-12-15 19:53:48] No matching unread TRN found. Sleeping 10s...
[2025-12-15 19:53:58] Scan stats => checked:0 matched:0 (Unread-only)
[2025-12-15 19:53:58] No matching unread TRN found. Sleeping 10s...
[2025-12-15 19:54:10] Scan stats => checked:0 matched:0 (Unread-only)
[2025-12-15 19:54:10] No matching unread TRN found. Sleeping 10s...
[2025-12-15 19:54:20] Scan stats => checked:0 matched:0 (Unread-only)
[2025-12-15 19:54:20] No matching unread TRN found. Sleeping 10s...
[2025-12-15 19:54:30] Scan stats => checked:0 matched:0 (Unread-only)
[2025-12-15 19:54:30] No matching unread TRN found. Sleeping 10s...
[2025-12-15 19:54:40] Scan stats => checked:0 matched:0 (Unread-only)
[2025-12-15 19:54:40] No matching unread TRN found. Sleeping 10s...
[2025-12-15 19:54:50] Scan stats => checked:0 matched:0 (Unread-only)
[2025-12-15 19:54:50] No matching unread TRN found. Sleeping 10s...
[2025-12-15 19:55:00] Scan stats => checked:0 matched:0 (Unread-only)
[2025-12-15 19:55:00] No matching unread TRN found. Sleeping 10s...
[2025-12-15 19:55:10] Scan stats => checked:0 matched:0 (Unread-only)
[2025-12-15 19:55:10] No matching unread TRN found. Sleeping 10s...
[2025-12-15 19:55:20] Scan stats => checked:0 matched:0 (Unread-only)
[2025-12-15 19:55:20] No matching unread TRN found. Sleeping 10s...
[2025-12-15 19:55:30] Scan stats => checked:0 matched:0 (Unread-only)
[2025-12-15 19:55:30] No matching unread TRN found. Sleeping 10s...
[2025-12-15 19:55:40] Scan stats => checked:0 matched:0 (Unread-only)
[2025-12-15 19:55:40] No matching unread TRN found. Sleeping 10s...
[2025-12-15 19:55:50] Scan stats => checked:0 matched:0 (Unread-only)
[2025-12-15 19:55:50] No matching unread TRN found. Sleeping 10s...
[2025-12-15 19:56:00] Scan stats => checked:0 matched:0 (Unread-only)
[2025-12-15 19:56:00] No matching unread TRN found. Sleeping 10s...
[2025-12-15 19:56:10] Scan stats => checked:0 matched:0 (Unread-only)
[2025-12-15 19:56:10] No matching unread TRN found. Sleeping 10s...
[2025-12-15 19:56:20] Scan stats => checked:0 matched:0 (Unread-only)
[2025-12-15 19:56:20] No matching unread TRN found. Sleeping 10s...
[2025-12-15 19:56:30] Scan stats => checked:0 matched:0 (Unread-only)
[2025-12-15 19:56:30] No matching unread TRN found. Sleeping 10s...
[2025-12-15 19:56:40] Scan stats => checked:0 matched:0 (Unread-only)
[2025-12-15 19:56:40] No matching unread TRN found. Sleeping 10s...
[2025-12-15 19:56:50] Scan stats => checked:0 matched:0 (Unread-only)
[2025-12-15 19:56:50] No matching unread TRN found. Sleeping 10s...
[2025-12-15 19:57:00] Scan stats => checked:0 matched:0 (Unread-only)
[2025-12-15 19:57:00] No matching unread TRN found. Sleeping 10s...
[2025-12-15 19:57:10] Scan stats => checked:0 matched:0 (Unread-only)
[2025-12-15 19:57:10] No matching unread TRN found. Sleeping 10s...
[2025-12-15 19:57:20] Scan stats => checked:0 matched:0 (Unread-only)
[2025-12-15 19:57:20] No matching unread TRN found. Sleeping 10s...
[2025-12-15 19:57:30] Scan stats => checked:0 matched:0 (Unread-only)
[2025-12-15 19:57:30] No matching unread TRN found. Sleeping 10s...
[2025-12-15 19:57:40] Scan stats => checked:0 matched:0 (Unread-only)
[2025-12-15 19:57:40] No matching unread TRN found. Sleeping 10s...
[2025-12-15 19:57:50] Scan stats => checked:0 matched:0 (Unread-only)
[2025-12-15 19:57:50] No matching unread TRN found. Sleeping 10s...
[2025-12-15 19:58:00] Scan stats => checked:0 matched:0 (Unread-only)
[2025-12-15 19:58:00] No matching unread TRN found. Sleeping 10s...
[2025-12-15 19:58:10] Scan stats => checked:0 matched:0 (Unread-only)
[2025-12-15 19:58:10] No matching unread TRN found. Sleeping 10s...
[2025-12-15 19:58:20] Scan stats => checked:0 matched:0 (Unread-only)
[2025-12-15 19:58:20] No matching unread TRN found. Sleeping 10s...
[2025-12-15 19:58:30] Scan stats => checked:0 matched:0 (Unread-only)
[2025-12-15 19:58:30] No matching unread TRN found. Sleeping 10s...
[2025-12-15 19:58:41] Scan stats => checked:0 matched:0 (Unread-only)
[2025-12-15 19:58:41] No matching unread TRN found. Sleeping 10s...
[2025-12-15 19:58:51] Scan stats => checked:0 matched:0 (Unread-only)
[2025-12-15 19:58:51] No matching unread TRN found. Sleeping 10s...
[2025-12-15 19:59:01] Scan stats => checked:0 matched:0 (Unread-only)
[2025-12-15 19:59:01] No matching unread TRN found. Sleeping 10s...
[2025-12-15 19:59:11] Scan stats => checked:0 matched:0 (Unread-only)
[2025-12-15 19:59:11] No matching unread TRN found. Sleeping 10s...
[2025-12-15 19:59:21] Scan stats => checked:0 matched:0 (Unread-only)
[2025-12-15 19:59:21] No matching unread TRN found. Sleeping 10s...
[2025-12-15 19:59:31] Scan stats => checked:0 matched:0 (Unread-only)
[2025-12-15 19:59:31] No matching unread TRN found. Sleeping 10s...
[2025-12-15 19:59:41] Scan stats => checked:0 matched:0 (Unread-only)
[2025-12-15 19:59:41] No matching unread TRN found. Sleeping 10s...
[2025-12-15 19:59:51] Scan stats => checked:0 matched:0 (Unread-only)
[2025-12-15 19:59:51] No matching unread TRN found. Sleeping 10s...
[2025-12-15 20:00:01] Scan stats => checked:0 matched:0 (Unread-only)
[2025-12-15 20:00:01] No matching unread TRN found. Sleeping 10s...
[2025-12-15 20:00:11] Scan stats => checked:0 matched:0 (Unread-only)
[2025-12-15 20:00:11] No matching unread TRN found. Sleeping 10s...
[2025-12-15 20:00:22] Scan stats => checked:0 matched:0 (Unread-only)
[2025-12-15 20:00:22] No matching unread TRN found. Sleeping 10s...
[2025-12-15 20:00:32] Scan stats => checked:0 matched:0 (Unread-only)
[2025-12-15 20:00:32] No matching unread TRN found. Sleeping 10s...
[2025-12-15 20:00:42] Scan stats => checked:0 matched:0 (Unread-only)
[2025-12-15 20:00:42] No matching unread TRN found. Sleeping 10s...
[2025-12-15 20:00:52] Scan stats => checked:0 matched:0 (Unread-only)
[2025-12-15 20:00:52] No matching unread TRN found. Sleeping 10s...
[2025-12-15 20:01:02] Scan stats => checked:0 matched:0 (Unread-only)
[2025-12-15 20:01:02] No matching unread TRN found. Sleeping 10s...
[2025-12-15 20:01:12] Scan stats => checked:0 matched:0 (Unread-only)
[2025-12-15 20:01:12] No matching unread TRN found. Sleeping 10s...
[2025-12-15 20:01:22] Scan stats => checked:0 matched:0 (Unread-only)
[2025-12-15 20:01:22] No matching unread TRN found. Sleeping 10s...
[2025-12-15 20:01:32] Scan stats => checked:0 matched:0 (Unread-only)
[2025-12-15 20:01:32] No matching unread TRN found. Sleeping 10s...
[2025-12-15 20:01:42] Scan stats => checked:0 matched:0 (Unread-only)
[2025-12-15 20:01:42] No matching unread TRN found. Sleeping 10s...
[2025-12-15 20:01:52] Scan stats => checked:0 matched:0 (Unread-only)
[2025-12-15 20:01:52] No matching unread TRN found. Sleeping 10s...
[2025-12-15 20:02:02] Scan stats => checked:0 matched:0 (Unread-only)
[2025-12-15 20:02:02] No matching unread TRN found. Sleeping 10s...
[2025-12-15 20:02:12] Scan stats => checked:0 matched:0 (Unread-only)
[2025-12-15 20:02:12] No matching unread TRN found. Sleeping 10s...
[2025-12-15 20:02:22] Scan stats => checked:0 matched:0 (Unread-only)
[2025-12-15 20:02:22] No matching unread TRN found. Sleeping 10s...
[2025-12-15 20:02:32] Scan stats => checked:0 matched:0 (Unread-only)
[2025-12-15 20:02:32] No matching unread TRN found. Sleeping 10s...
[2025-12-15 20:02:42] Scan stats => checked:0 matched:0 (Unread-only)
[2025-12-15 20:02:42] No matching unread TRN found. Sleeping 10s...
[2025-12-15 20:02:52] Scan stats => checked:0 matched:0 (Unread-only)
[2025-12-15 20:02:52] No matching unread TRN found. Sleeping 10s...
[2025-12-15 20:03:02] Scan stats => checked:0 matched:0 (Unread-only)
[2025-12-15 20:03:02] No matching unread TRN found. Sleeping 10s...
[2025-12-15 20:03:12] Scan stats => checked:0 matched:0 (Unread-only)
[2025-12-15 20:03:12] No matching unread TRN found. Sleeping 10s...
[2025-12-15 20:03:22] Scan stats => checked:0 matched:0 (Unread-only)
[2025-12-15 20:03:22] No matching unread TRN found. Sleeping 10s...
[2025-12-15 20:03:32] Scan stats => checked:0 matched:0 (Unread-only)
[2025-12-15 20:03:32] No matching unread TRN found. Sleeping 10s...
[2025-12-15 20:03:42] Scan stats => checked:0 matched:0 (Unread-only)
[2025-12-15 20:03:42] No matching unread TRN found. Sleeping 10s...
[2025-12-15 20:03:52] Scan stats => checked:0 matched:0 (Unread-only)
[2025-12-15 20:03:52] No matching unread TRN found. Sleeping 10s...
[2025-12-15 20:04:02] Scan stats => checked:0 matched:0 (Unread-only)
[2025-12-15 20:04:02] No matching unread TRN found. Sleeping 10s...
[2025-12-15 20:04:12] Scan stats => checked:0 matched:0 (Unread-only)
[2025-12-15 20:04:12] No matching unread TRN found. Sleeping 10s...
[2025-12-15 20:04:22] Scan stats => checked:0 matched:0 (Unread-only)
[2025-12-15 20:04:22] No matching unread TRN found. Sleeping 10s...
[2025-12-15 20:04:32] Scan stats => checked:0 matched:0 (Unread-only)
[2025-12-15 20:04:32] No matching unread TRN found. Sleeping 10s...
[2025-12-15 20:04:42] Scan stats => checked:0 matched:0 (Unread-only)
[2025-12-15 20:04:42] No matching unread TRN found. Sleeping 10s...
[2025-12-15 20:04:52] Scan stats => checked:0 matched:0 (Unread-only)
[2025-12-15 20:04:52] No matching unread TRN found. Sleeping 10s...
[2025-12-15 20:05:02] Scan stats => checked:0 matched:0 (Unread-only)
[2025-12-15 20:05:02] No matching unread TRN found. Sleeping 10s...
[2025-12-15 20:05:13] Scan stats => checked:0 matched:0 (Unread-only)
[2025-12-15 20:05:13] No matching unread TRN found. Sleeping 10s...
[2025-12-15 20:05:23] Scan stats => checked:0 matched:0 (Unread-only)
[2025-12-15 20:05:23] No matching unread TRN found. Sleeping 10s...
[2025-12-15 20:05:33] Scan stats => checked:0 matched:0 (Unread-only)
[2025-12-15 20:05:33] No matching unread TRN found. Sleeping 10s...
[2025-12-15 20:05:43] Scan stats => checked:0 matched:0 (Unread-only)
[2025-12-15 20:05:43] No matching unread TRN found. Sleeping 10s...
[2025-12-15 20:05:53] Scan stats => checked:0 matched:0 (Unread-only)
[2025-12-15 20:05:53] No matching unread TRN found. Sleeping 10s...
[2025-12-15 20:06:03] Scan stats => checked:0 matched:0 (Unread-only)
[2025-12-15 20:06:03] No matching unread TRN found. Sleeping 10s...
[2025-12-15 20:06:13] Scan stats => checked:0 matched:0 (Unread-only)
[2025-12-15 20:06:13] No matching unread TRN found. Sleeping 10s...
[2025-12-15 20:06:23] Scan stats => checked:0 matched:0 (Unread-only)
[2025-12-15 20:06:23] No matching unread TRN found. Sleeping 10s...
[2025-12-15 20:06:33] Scan stats => checked:0 matched:0 (Unread-only)
[2025-12-15 20:06:33] No matching unread TRN found. Sleeping 10s...
[2025-12-15 20:06:43] Scan stats => checked:0 matched:0 (Unread-only)
[2025-12-15 20:06:43] No matching unread TRN found. Sleeping 10s...
[2025-12-15 20:06:53] Scan stats => checked:0 matched:0 (Unread-only)
[2025-12-15 20:06:53] No matching unread TRN found. Sleeping 10s...
[2025-12-15 20:07:03] Scan stats => checked:0 matched:0 (Unread-only)
[2025-12-15 20:07:03] No matching unread TRN found. Sleeping 10s...
[2025-12-15 20:07:14] Scan stats => checked:0 matched:0 (Unread-only)
[2025-12-15 20:07:14] No matching unread TRN found. Sleeping 10s...
[2025-12-15 20:07:24] Scan stats => checked:0 matched:0 (Unread-only)
[2025-12-15 20:07:24] No matching unread TRN found. Sleeping 10s...
[2025-12-15 20:07:34] Scan stats => checked:0 matched:0 (Unread-only)
[2025-12-15 20:07:34] No matching unread TRN found. Sleeping 10s...
[2025-12-15 20:07:44] Scan stats => checked:0 matched:0 (Unread-only)
[2025-12-15 20:07:44] No matching unread TRN found. Sleeping 10s...
[2025-12-15 20:07:54] Scan stats => checked:0 matched:0 (Unread-only)
[2025-12-15 20:07:54] No matching unread TRN found. Sleeping 10s...
[2025-12-15 20:08:04] Scan stats => checked:0 matched:0 (Unread-only)
[2025-12-15 20:08:04] No matching unread TRN found. Sleeping 10s...
[2025-12-15 20:08:14] Scan stats => checked:0 matched:0 (Unread-only)
[2025-12-15 20:08:14] No matching unread TRN found. Sleeping 10s...
[2025-12-15 20:08:24] Scan stats => checked:0 matched:0 (Unread-only)
[2025-12-15 20:08:24] No matching unread TRN found. Sleeping 10s...
[2025-12-15 20:08:34] Scan stats => checked:0 matched:0 (Unread-only)
[2025-12-15 20:08:34] No matching unread TRN found. Sleeping 10s...
[2025-12-15 20:08:44] Scan stats => checked:0 matched:0 (Unread-only)
[2025-12-15 20:08:44] No matching unread TRN found. Sleeping 10s...
[2025-12-15 20:08:54] Scan stats => checked:0 matched:0 (Unread-only)
[2025-12-15 20:08:54] No matching unread TRN found. Sleeping 10s...
[2025-12-15 20:09:04] Scan stats => checked:0 matched:0 (Unread-only)
[2025-12-15 20:09:04] No matching unread TRN found. Sleeping 10s...
[2025-12-15 20:09:14] Scan stats => checked:0 matched:0 (Unread-only)
[2025-12-15 20:09:14] No matching unread TRN found. Sleeping 10s...
[2025-12-15 20:09:24] Scan stats => checked:0 matched:0 (Unread-only)
[2025-12-15 20:09:24] No matching unread TRN found. Sleeping 10s...
[2025-12-15 20:09:34] Scan stats => checked:0 matched:0 (Unread-only)
[2025-12-15 20:09:34] No matching unread TRN found. Sleeping 10s...
[2025-12-15 20:09:44] Scan stats => checked:0 matched:0 (Unread-only)
[2025-12-15 20:09:44] No matching unread TRN found. Sleeping 10s...
[2025-12-15 20:09:54] Scan stats => checked:0 matched:0 (Unread-only)
[2025-12-15 20:09:54] No matching unread TRN found. Sleeping 10s...
[2025-12-15 20:10:04] Scan stats => checked:0 matched:0 (Unread-only)
[2025-12-15 20:10:04] No matching unread TRN found. Sleeping 10s...
[2025-12-15 20:10:14] Scan stats => checked:0 matched:0 (Unread-only)
[2025-12-15 20:10:14] No matching unread TRN found. Sleeping 10s...
[2025-12-15 20:10:24] Scan stats => checked:0 matched:0 (Unread-only)
[2025-12-15 20:10:24] No matching unread TRN found. Sleeping 10s...
[2025-12-15 20:10:34] Scan stats => checked:0 matched:0 (Unread-only)
[2025-12-15 20:10:34] No matching unread TRN found. Sleeping 10s...
[2025-12-15 20:10:44] Scan stats => checked:0 matched:0 (Unread-only)
[2025-12-15 20:10:44] No matching unread TRN found. Sleeping 10s...
[2025-12-15 20:10:54] Scan stats => checked:0 matched:0 (Unread-only)
[2025-12-15 20:10:54] No matching unread TRN found. Sleeping 10s...
[2025-12-15 20:11:04] Scan stats => checked:0 matched:0 (Unread-only)
[2025-12-15 20:11:04] No matching unread TRN found. Sleeping 10s...
[2025-12-15 20:11:14] Scan stats => checked:0 matched:0 (Unread-only)
[2025-12-15 20:11:14] No matching unread TRN found. Sleeping 10s...
[2025-12-15 20:11:24] Scan stats => checked:0 matched:0 (Unread-only)
[2025-12-15 20:11:24] No matching unread TRN found. Sleeping 10s...
[2025-12-15 20:11:34] Scan stats => checked:0 matched:0 (Unread-only)
[2025-12-15 20:11:34] No matching unread TRN found. Sleeping 10s...
[2025-12-15 20:11:44] Scan stats => checked:0 matched:0 (Unread-only)
[2025-12-15 20:11:44] No matching unread TRN found. Sleeping 10s...
[2025-12-15 20:11:54] Scan stats => checked:0 matched:0 (Unread-only)
[2025-12-15 20:11:54] No matching unread TRN found. Sleeping 10s...
[2025-12-15 20:12:04] Scan stats => checked:0 matched:0 (Unread-only)
[2025-12-15 20:12:04] No matching unread TRN found. Sleeping 10s...
[2025-12-15 20:12:14] Scan stats => checked:0 matched:0 (Unread-only)
[2025-12-15 20:12:14] No matching unread TRN found. Sleeping 10s...
[2025-12-15 20:12:24] Scan stats => checked:0 matched:0 (Unread-only)
[2025-12-15 20:12:24] No matching unread TRN found. Sleeping 10s...
[2025-12-15 20:12:34] Scan stats => checked:0 matched:0 (Unread-only)
[2025-12-15 20:12:34] No matching unread TRN found. Sleeping 10s...
[2025-12-15 20:12:44] Scan stats => checked:0 matched:0 (Unread-only)
[2025-12-15 20:12:44] No matching unread TRN found. Sleeping 10s...
[2025-12-15 20:12:55] Scan stats => checked:0 matched:0 (Unread-only)
[2025-12-15 20:12:55] No matching unread TRN found. Sleeping 10s...
[2025-12-15 20:13:05] Scan stats => checked:0 matched:0 (Unread-only)
[2025-12-15 20:13:05] No matching unread TRN found. Sleeping 10s...
[2025-12-15 20:13:15] Scan stats => checked:0 matched:0 (Unread-only)
[2025-12-15 20:13:15] No matching unread TRN found. Sleeping 10s...
[2025-12-15 20:13:25] Scan stats => checked:0 matched:0 (Unread-only)
[2025-12-15 20:13:25] No matching unread TRN found. Sleeping 10s...
[2025-12-15 20:13:35] Scan stats => checked:0 matched:0 (Unread-only)
[2025-12-15 20:13:35] No matching unread TRN found. Sleeping 10s...
[2025-12-15 20:13:45] Scan stats => checked:0 matched:0 (Unread-only)
[2025-12-15 20:13:45] No matching unread TRN found. Sleeping 10s...
[2025-12-15 20:13:55] Scan stats => checked:0 matched:0 (Unread-only)
[2025-12-15 20:13:55] No matching unread TRN found. Sleeping 10s...
[2025-12-15 20:14:05] Scan stats => checked:0 matched:0 (Unread-only)
[2025-12-15 20:14:05] No matching unread TRN found. Sleeping 10s...
[2025-12-15 20:14:15] Scan stats => checked:0 matched:0 (Unread-only)
[2025-12-15 20:14:15] No matching unread TRN found. Sleeping 10s...
[2025-12-15 20:14:25] Scan stats => checked:0 matched:0 (Unread-only)
[2025-12-15 20:14:25] No matching unread TRN found. Sleeping 10s...
[2025-12-15 20:14:35] Scan stats => checked:0 matched:0 (Unread-only)
[2025-12-15 20:14:35] No matching unread TRN found. Sleeping 10s...
[2025-12-15 20:14:45] Scan stats => checked:0 matched:0 (Unread-only)
[2025-12-15 20:14:45] No matching unread TRN found. Sleeping 10s...
[2025-12-15 20:14:55] Scan stats => checked:0 matched:0 (Unread-only)
[2025-12-15 20:14:55] No matching unread TRN found. Sleeping 10s...
[2025-12-15 20:15:05] Scan stats => checked:0 matched:0 (Unread-only)
[2025-12-15 20:15:05] No matching unread TRN found. Sleeping 10s...
[2025-12-15 20:15:15] Scan stats => checked:0 matched:0 (Unread-only)
[2025-12-15 20:15:15] No matching unread TRN found. Sleeping 10s...
[2025-12-15 20:15:25] Scan stats => checked:0 matched:0 (Unread-only)
[2025-12-15 20:15:25] No matching unread TRN found. Sleeping 10s...
[2025-12-15 20:15:35] Scan stats => checked:0 matched:0 (Unread-only)
[2025-12-15 20:15:35] No matching unread TRN found. Sleeping 10s...
[2025-12-15 20:15:45] Scan stats => checked:0 matched:0 (Unread-only)
[2025-12-15 20:15:45] No matching unread TRN found. Sleeping 10s...
[2025-12-15 20:15:55] Scan stats => checked:0 matched:0 (Unread-only)
[2025-12-15 20:15:55] No matching unread TRN found. Sleeping 10s...
[2025-12-15 20:16:05] Scan stats => checked:0 matched:0 (Unread-only)
[2025-12-15 20:16:05] No matching unread TRN found. Sleeping 10s...
[2025-12-15 20:16:15] Scan stats => checked:0 matched:0 (Unread-only)
[2025-12-15 20:16:15] No matching unread TRN found. Sleeping 10s...
[2025-12-15 20:16:25] Scan stats => checked:0 matched:0 (Unread-only)
[2025-12-15 20:16:25] No matching unread TRN found. Sleeping 10s...
[2025-12-15 20:16:35] Scan stats => checked:0 matched:0 (Unread-only)
[2025-12-15 20:16:35] No matching unread TRN found. Sleeping 10s...
[2025-12-15 20:16:45] Scan stats => checked:0 matched:0 (Unread-only)
[2025-12-15 20:16:45] No matching unread TRN found. Sleeping 10s...
[2025-12-15 20:16:55] Scan stats => checked:0 matched:0 (Unread-only)
[2025-12-15 20:16:55] No matching unread TRN found. Sleeping 10s...
[2025-12-15 20:17:05] Scan stats => checked:0 matched:0 (Unread-only)
[2025-12-15 20:17:05] No matching unread TRN found. Sleeping 10s...
[2025-12-15 20:17:15] Scan stats => checked:0 matched:0 (Unread-only)
[2025-12-15 20:17:15] No matching unread TRN found. Sleeping 10s...
[2025-12-15 20:17:25] Scan stats => checked:0 matched:0 (Unread-only)
[2025-12-15 20:17:25] No matching unread TRN found. Sleeping 10s...
[2025-12-15 20:17:35] Scan stats => checked:0 matched:0 (Unread-only)
[2025-12-15 20:17:35] No matching unread TRN found. Sleeping 10s...
[2025-12-15 20:17:46] Scan stats => checked:0 matched:0 (Unread-only)
[2025-12-15 20:17:46] No matching unread TRN found. Sleeping 10s...
[2025-12-15 20:17:56] Scan stats => checked:0 matched:0 (Unread-only)
[2025-12-15 20:17:56] No matching unread TRN found. Sleeping 10s...
[2025-12-15 20:18:06] Scan stats => checked:0 matched:0 (Unread-only)
[2025-12-15 20:18:06] No matching unread TRN found. Sleeping 10s...
[2025-12-15 20:18:16] Scan stats => checked:0 matched:0 (Unread-only)
[2025-12-15 20:18:16] No matching unread TRN found. Sleeping 10s...
[2025-12-15 20:18:26] Scan stats => checked:0 matched:0 (Unread-only)
[2025-12-15 20:18:26] No matching unread TRN found. Sleeping 10s...
[2025-12-15 20:18:36] Scan stats => checked:0 matched:0 (Unread-only)
[2025-12-15 20:18:37] No matching unread TRN found. Sleeping 10s...
[2025-12-15 20:18:47] Scan stats => checked:0 matched:0 (Unread-only)
[2025-12-15 20:18:47] No matching unread TRN found. Sleeping 10s...
[2025-12-15 20:18:57] Scan stats => checked:0 matched:0 (Unread-only)
[2025-12-15 20:18:57] No matching unread TRN found. Sleeping 10s...
[2025-12-15 20:19:07] Scan stats => checked:0 matched:0 (Unread-only)
[2025-12-15 20:19:07] No matching unread TRN found. Sleeping 10s...
[2025-12-15 20:19:17] Scan stats => checked:0 matched:0 (Unread-only)
[2025-12-15 20:19:17] No matching unread TRN found. Sleeping 10s...
[2025-12-15 20:19:27] Scan stats => checked:0 matched:0 (Unread-only)
[2025-12-15 20:19:27] No matching unread TRN found. Sleeping 10s...
[2025-12-15 20:19:38] Scan stats => checked:0 matched:0 (Unread-only)
[2025-12-15 20:19:38] No matching unread TRN found. Sleeping 10s...
[2025-12-15 20:19:48] Scan stats => checked:0 matched:0 (Unread-only)
[2025-12-15 20:19:48] No matching unread TRN found. Sleeping 10s...
[2025-12-15 20:19:58] Scan stats => checked:0 matched:0 (Unread-only)
[2025-12-15 20:19:58] No matching unread TRN found. Sleeping 10s...
[2025-12-15 20:20:08] Scan stats => checked:0 matched:0 (Unread-only)
[2025-12-15 20:20:08] No matching unread TRN found. Sleeping 10s...
[2025-12-15 20:20:18] Scan stats => checked:0 matched:0 (Unread-only)
[2025-12-15 20:20:18] No matching unread TRN found. Sleeping 10s...
[2025-12-15 20:20:28] Scan stats => checked:0 matched:0 (Unread-only)
[2025-12-15 20:20:28] No matching unread TRN found. Sleeping 10s...
[2025-12-15 20:20:38] Scan stats => checked:0 matched:0 (Unread-only)
[2025-12-15 20:20:38] No matching unread TRN found. Sleeping 10s...
[2025-12-15 20:20:48] Scan stats => checked:0 matched:0 (Unread-only)
[2025-12-15 20:20:48] No matching unread TRN found. Sleeping 10s...
[2025-12-15 20:20:58] Scan stats => checked:0 matched:0 (Unread-only)
[2025-12-15 20:20:58] No matching unread TRN found. Sleeping 10s...
[2025-12-15 20:21:08] Scan stats => checked:0 matched:0 (Unread-only)
[2025-12-15 20:21:08] No matching unread TRN found. Sleeping 10s...
[2025-12-15 20:21:18] Scan stats => checked:0 matched:0 (Unread-only)
[2025-12-15 20:21:18] No matching unread TRN found. Sleeping 10s...
[2025-12-15 20:21:28] Scan stats => checked:0 matched:0 (Unread-only)
[2025-12-15 20:21:28] No matching unread TRN found. Sleeping 10s...
[2025-12-15 20:21:38] Scan stats => checked:0 matched:0 (Unread-only)
[2025-12-15 20:21:38] No matching unread TRN found. Sleeping 10s...
[2025-12-15 20:21:48] Scan stats => checked:0 matched:0 (Unread-only)
[2025-12-15 20:21:48] No matching unread TRN found. Sleeping 10s...
[2025-12-15 20:21:58] Scan stats => checked:0 matched:0 (Unread-only)
[2025-12-15 20:21:58] No matching unread TRN found. Sleeping 10s...
[2025-12-15 20:22:08] Scan stats => checked:0 matched:0 (Unread-only)
[2025-12-15 20:22:08] No matching unread TRN found. Sleeping 10s...
[2025-12-15 20:22:18] Scan stats => checked:0 matched:0 (Unread-only)
[2025-12-15 20:22:18] No matching unread TRN found. Sleeping 10s...
[2025-12-15 20:22:28] Scan stats => checked:0 matched:0 (Unread-only)
[2025-12-15 20:22:28] No matching unread TRN found. Sleeping 10s...
[2025-12-15 20:22:38] Scan stats => checked:0 matched:0 (Unread-only)
[2025-12-15 20:22:38] No matching unread TRN found. Sleeping 10s...
[2025-12-15 20:22:48] Scan stats => checked:0 matched:0 (Unread-only)
[2025-12-15 20:22:48] No matching unread TRN found. Sleeping 10s...
[2025-12-15 20:22:58] Scan stats => checked:0 matched:0 (Unread-only)
[2025-12-15 20:22:58] No matching unread TRN found. Sleeping 10s...
[2025-12-15 20:23:08] Scan stats => checked:0 matched:0 (Unread-only)
[2025-12-15 20:23:08] No matching unread TRN found. Sleeping 10s...
[2025-12-15 20:23:18] Scan stats => checked:0 matched:0 (Unread-only)
[2025-12-15 20:23:18] No matching unread TRN found. Sleeping 10s...
[2025-12-15 20:23:28] Scan stats => checked:0 matched:0 (Unread-only)
[2025-12-15 20:23:28] No matching unread TRN found. Sleeping 10s...
[2025-12-15 20:23:38] Scan stats => checked:0 matched:0 (Unread-only)
[2025-12-15 20:23:38] No matching unread TRN found. Sleeping 10s...
[2025-12-15 20:23:48] Scan stats => checked:0 matched:0 (Unread-only)
[2025-12-15 20:23:48] No matching unread TRN found. Sleeping 10s...
[2025-12-15 20:23:58] Scan stats => checked:0 matched:0 (Unread-only)
[2025-12-15 20:23:58] No matching unread TRN found. Sleeping 10s...
[2025-12-15 20:24:08] Scan stats => checked:0 matched:0 (Unread-only)
[2025-12-15 20:24:08] No matching unread TRN found. Sleeping 10s...
[2025-12-15 20:24:18] Scan stats => checked:0 matched:0 (Unread-only)
[2025-12-15 20:24:18] No matching unread TRN found. Sleeping 10s...
[2025-12-15 20:24:28] Scan stats => checked:0 matched:0 (Unread-only)
[2025-12-15 20:24:28] No matching unread TRN found. Sleeping 10s...
[2025-12-15 20:24:38] Scan stats => checked:0 matched:0 (Unread-only)
[2025-12-15 20:24:38] No matching unread TRN found. Sleeping 10s...
[2025-12-15 20:24:48] Scan stats => checked:0 matched:0 (Unread-only)
[2025-12-15 20:24:48] No matching unread TRN found. Sleeping 10s...
[2025-12-15 20:24:58] Scan stats => checked:0 matched:0 (Unread-only)
[2025-12-15 20:24:58] No matching unread TRN found. Sleeping 10s...
[2025-12-15 20:25:08] Scan stats => checked:0 matched:0 (Unread-only)
[2025-12-15 20:25:08] No matching unread TRN found. Sleeping 10s...
[2025-12-15 20:25:18] Scan stats => checked:0 matched:0 (Unread-only)
[2025-12-15 20:25:18] No matching unread TRN found. Sleeping 10s...
[2025-12-15 20:25:28] Scan stats => checked:0 matched:0 (Unread-only)
[2025-12-15 20:25:28] No matching unread TRN found. Sleeping 10s...
[2025-12-15 20:25:38] Scan stats => checked:0 matched:0 (Unread-only)
[2025-12-15 20:25:38] No matching unread TRN found. Sleeping 10s...
[2025-12-15 20:25:48] Scan stats => checked:0 matched:0 (Unread-only)
[2025-12-15 20:25:48] No matching unread TRN found. Sleeping 10s...
[2025-12-15 20:25:58] Scan stats => checked:0 matched:0 (Unread-only)
[2025-12-15 20:25:58] No matching unread TRN found. Sleeping 10s...
[2025-12-15 20:26:08] Scan stats => checked:0 matched:0 (Unread-only)
[2025-12-15 20:26:08] No matching unread TRN found. Sleeping 10s...
[2025-12-15 20:26:18] Scan stats => checked:0 matched:0 (Unread-only)
[2025-12-15 20:26:18] No matching unread TRN found. Sleeping 10s...
[2025-12-15 20:26:28] Scan stats => checked:0 matched:0 (Unread-only)
[2025-12-15 20:26:28] No matching unread TRN found. Sleeping 10s...
[2025-12-15 20:26:38] Scan stats => checked:0 matched:0 (Unread-only)
[2025-12-15 20:26:38] No matching unread TRN found. Sleeping 10s...
[2025-12-15 20:26:48] Scan stats => checked:0 matched:0 (Unread-only)
[2025-12-15 20:26:48] No matching unread TRN found. Sleeping 10s...
[2025-12-15 20:26:58] Scan stats => checked:0 matched:0 (Unread-only)
[2025-12-15 20:26:58] No matching unread TRN found. Sleeping 10s...
[2025-12-15 20:27:08] Scan stats => checked:0 matched:0 (Unread-only)
[2025-12-15 20:27:08] No matching unread TRN found. Sleeping 10s...
[2025-12-15 20:27:18] Scan stats => checked:0 matched:0 (Unread-only)
[2025-12-15 20:27:18] No matching unread TRN found. Sleeping 10s...
[2025-12-15 20:27:28] Scan stats => checked:0 matched:0 (Unread-only)
[2025-12-15 20:27:28] No matching unread TRN found. Sleeping 10s...
[2025-12-15 20:27:38] Scan stats => checked:0 matched:0 (Unread-only)
[2025-12-15 20:27:38] No matching unread TRN found. Sleeping 10s...
[2025-12-15 20:27:48] Scan stats => checked:0 matched:0 (Unread-only)
[2025-12-15 20:27:48] No matching unread TRN found. Sleeping 10s...
[2025-12-15 20:27:58] Scan stats => checked:0 matched:0 (Unread-only)
[2025-12-15 20:27:58] No matching unread TRN found. Sleeping 10s...
[2025-12-15 20:28:08] Scan stats => checked:0 matched:0 (Unread-only)
[2025-12-15 20:28:08] No matching unread TRN found. Sleeping 10s...
[2025-12-15 20:28:18] Scan stats => checked:0 matched:0 (Unread-only)
[2025-12-15 20:28:18] No matching unread TRN found. Sleeping 10s...
[2025-12-15 20:28:28] Scan stats => checked:0 matched:0 (Unread-only)
[2025-12-15 20:28:28] No matching unread TRN found. Sleeping 10s...
[2025-12-15 20:28:38] Scan stats => checked:0 matched:0 (Unread-only)
[2025-12-15 20:28:38] No matching unread TRN found. Sleeping 10s...
[2025-12-15 20:28:48] Scan stats => checked:0 matched:0 (Unread-only)
[2025-12-15 20:28:48] No matching unread TRN found. Sleeping 10s...
[2025-12-15 20:28:58] Scan stats => checked:0 matched:0 (Unread-only)
[2025-12-15 20:28:58] No matching unread TRN found. Sleeping 10s...
[2025-12-15 20:29:08] Scan stats => checked:0 matched:0 (Unread-only)
[2025-12-15 20:29:08] No matching unread TRN found. Sleeping 10s...
[2025-12-15 20:29:18] Scan stats => checked:0 matched:0 (Unread-only)
[2025-12-15 20:29:18] No matching unread TRN found. Sleeping 10s...
[2025-12-15 20:29:28] Scan stats => checked:0 matched:0 (Unread-only)
[2025-12-15 20:29:28] No matching unread TRN found. Sleeping 10s...
[2025-12-15 20:29:38] Scan stats => checked:0 matched:0 (Unread-only)
[2025-12-15 20:29:38] No matching unread TRN found. Sleeping 10s...
[2025-12-15 20:29:48] Scan stats => checked:0 matched:0 (Unread-only)
[2025-12-15 20:29:48] No matching unread TRN found. Sleeping 10s...
[2025-12-15 20:29:58] Scan stats => checked:0 matched:0 (Unread-only)
[2025-12-15 20:29:58] No matching unread TRN found. Sleeping 10s...
[2025-12-15 20:30:08] Scan stats => checked:0 matched:0 (Unread-only)
[2025-12-15 20:30:08] No matching unread TRN found. Sleeping 10s...
[2025-12-15 20:30:18] Scan stats => checked:0 matched:0 (Unread-only)
[2025-12-15 20:30:18] No matching unread TRN found. Sleeping 10s...
[2025-12-15 20:30:28] Scan stats => checked:0 matched:0 (Unread-only)
[2025-12-15 20:30:28] No matching unread TRN found. Sleeping 10s...
[2025-12-15 20:30:38] Scan stats => checked:0 matched:0 (Unread-only)
[2025-12-15 20:30:38] No matching unread TRN found. Sleeping 10s...
[2025-12-15 20:30:48] Scan stats => checked:0 matched:0 (Unread-only)
[2025-12-15 20:30:48] No matching unread TRN found. Sleeping 10s...
[2025-12-15 20:30:58] Loop error: (-2147023174, 'The RPC server is unavailable.', None, None)
[2025-12-15 20:30:58] Traceback (most recent call last):
  File "C:\Users\husey\OneDrive\Desktop\Development\Work_Automation\test_1.py", line 520, in main
    payloads = scan_unread_trn_mails(folder, processed_ids)
  File "C:\Users\husey\OneDrive\Desktop\Development\Work_Automation\test_1.py", line 416, in scan_unread_trn_mails
    items = folder.Items
            ^^^^^^^^^^^^
  File "C:\Users\husey\AppData\Local\Programs\Python\Python314\Lib\site-packages\win32com\client\dynamic.py", line 620, in __getattr__
    ret = self._oleobj_.Invoke(retEntry.dispid, 0, invoke_type, 1)
pywintypes.com_error: (-2147023174, 'The RPC server is unavailable.', None, None)

[2025-12-15 20:31:08] Loop error: (-2147023174, 'The RPC server is unavailable.', None, None)
[2025-12-15 20:31:08] Traceback (most recent call last):
  File "C:\Users\husey\OneDrive\Desktop\Development\Work_Automation\test_1.py", line 520, in main
    payloads = scan_unread_trn_mails(folder, processed_ids)
  File "C:\Users\husey\OneDrive\Desktop\Development\Work_Automation\test_1.py", line 416, in scan_unread_trn_mails
    items = folder.Items
            ^^^^^^^^^^^^
  File "C:\Users\husey\AppData\Local\Programs\Python\Python314\Lib\site-packages\win32com\client\dynamic.py", line 620, in __getattr__
    ret = self._oleobj_.Invoke(retEntry.dispid, 0, invoke_type, 1)
pywintypes.com_error: (-2147023174, 'The RPC server is unavailable.', None, None)

[2025-12-15 20:31:18] Loop error: (-2147023174, 'The RPC server is unavailable.', None, None)
[2025-12-15 20:31:18] Traceback (most recent call last):
  File "C:\Users\husey\OneDrive\Desktop\Development\Work_Automation\test_1.py", line 520, in main
    payloads = scan_unread_trn_mails(folder, processed_ids)
  File "C:\Users\husey\OneDrive\Desktop\Development\Work_Automation\test_1.py", line 416, in scan_unread_trn_mails
    items = folder.Items
            ^^^^^^^^^^^^
  File "C:\Users\husey\AppData\Local\Programs\Python\Python314\Lib\site-packages\win32com\client\dynamic.py", line 620, in __getattr__
    ret = self._oleobj_.Invoke(retEntry.dispid, 0, invoke_type, 1)
pywintypes.com_error: (-2147023174, 'The RPC server is unavailable.', None, None)

[2025-12-15 20:31:28] Loop error: (-2147023174, 'The RPC server is unavailable.', None, None)
[2025-12-15 20:31:28] Traceback (most recent call last):
  File "C:\Users\husey\OneDrive\Desktop\Development\Work_Automation\test_1.py", line 520, in main
    payloads = scan_unread_trn_mails(folder, processed_ids)
  File "C:\Users\husey\OneDrive\Desktop\Development\Work_Automation\test_1.py", line 416, in scan_unread_trn_mails
    items = folder.Items
            ^^^^^^^^^^^^
  File "C:\Users\husey\AppData\Local\Programs\Python\Python314\Lib\site-packages\win32com\client\dynamic.py", line 620, in __getattr__
    ret = self._oleobj_.Invoke(retEntry.dispid, 0, invoke_type, 1)
pywintypes.com_error: (-2147023174, 'The RPC server is unavailable.', None, None)

[2025-12-15 20:31:38] Loop error: (-2147023174, 'The RPC server is unavailable.', None, None)
[2025-12-15 20:31:38] Traceback (most recent call last):
  File "C:\Users\husey\OneDrive\Desktop\Development\Work_Automation\test_1.py", line 520, in main
    payloads = scan_unread_trn_mails(folder, processed_ids)
  File "C:\Users\husey\OneDrive\Desktop\Development\Work_Automation\test_1.py", line 416, in scan_unread_trn_mails
    items = folder.Items
            ^^^^^^^^^^^^
  File "C:\Users\husey\AppData\Local\Programs\Python\Python314\Lib\site-packages\win32com\client\dynamic.py", line 620, in __getattr__
    ret = self._oleobj_.Invoke(retEntry.dispid, 0, invoke_type, 1)
pywintypes.com_error: (-2147023174, 'The RPC server is unavailable.', None, None)

[2025-12-15 20:31:48] Loop error: (-2147023174, 'The RPC server is unavailable.', None, None)
[2025-12-15 20:31:48] Traceback (most recent call last):
  File "C:\Users\husey\OneDrive\Desktop\Development\Work_Automation\test_1.py", line 520, in main
    payloads = scan_unread_trn_mails(folder, processed_ids)
  File "C:\Users\husey\OneDrive\Desktop\Development\Work_Automation\test_1.py", line 416, in scan_unread_trn_mails
    items = folder.Items
            ^^^^^^^^^^^^
  File "C:\Users\husey\AppData\Local\Programs\Python\Python314\Lib\site-packages\win32com\client\dynamic.py", line 620, in __getattr__
    ret = self._oleobj_.Invoke(retEntry.dispid, 0, invoke_type, 1)
pywintypes.com_error: (-2147023174, 'The RPC server is unavailable.', None, None)

[2025-12-15 20:31:58] Loop error: (-2147023174, 'The RPC server is unavailable.', None, None)
[2025-12-15 20:31:58] Traceback (most recent call last):
  File "C:\Users\husey\OneDrive\Desktop\Development\Work_Automation\test_1.py", line 520, in main
    payloads = scan_unread_trn_mails(folder, processed_ids)
  File "C:\Users\husey\OneDrive\Desktop\Development\Work_Automation\test_1.py", line 416, in scan_unread_trn_mails
    items = folder.Items
            ^^^^^^^^^^^^
  File "C:\Users\husey\AppData\Local\Programs\Python\Python314\Lib\site-packages\win32com\client\dynamic.py", line 620, in __getattr__
    ret = self._oleobj_.Invoke(retEntry.dispid, 0, invoke_type, 1)
pywintypes.com_error: (-2147023174, 'The RPC server is unavailable.', None, None)

[2025-12-15 20:32:08] Loop error: (-2147023174, 'The RPC server is unavailable.', None, None)
[2025-12-15 20:32:08] Traceback (most recent call last):
  File "C:\Users\husey\OneDrive\Desktop\Development\Work_Automation\test_1.py", line 520, in main
    payloads = scan_unread_trn_mails(folder, processed_ids)
  File "C:\Users\husey\OneDrive\Desktop\Development\Work_Automation\test_1.py", line 416, in scan_unread_trn_mails
    items = folder.Items
            ^^^^^^^^^^^^
  File "C:\Users\husey\AppData\Local\Programs\Python\Python314\Lib\site-packages\win32com\client\dynamic.py", line 620, in __getattr__
    ret = self._oleobj_.Invoke(retEntry.dispid, 0, invoke_type, 1)
pywintypes.com_error: (-2147023174, 'The RPC server is unavailable.', None, None)

[2025-12-15 20:32:18] Loop error: (-2147023174, 'The RPC server is unavailable.', None, None)
[2025-12-15 20:32:18] Traceback (most recent call last):
  File "C:\Users\husey\OneDrive\Desktop\Development\Work_Automation\test_1.py", line 520, in main
    payloads = scan_unread_trn_mails(folder, processed_ids)
  File "C:\Users\husey\OneDrive\Desktop\Development\Work_Automation\test_1.py", line 416, in scan_unread_trn_mails
    items = folder.Items
            ^^^^^^^^^^^^
  File "C:\Users\husey\AppData\Local\Programs\Python\Python314\Lib\site-packages\win32com\client\dynamic.py", line 620, in __getattr__
    ret = self._oleobj_.Invoke(retEntry.dispid, 0, invoke_type, 1)
pywintypes.com_error: (-2147023174, 'The RPC server is unavailable.', None, None)

[2025-12-15 20:32:28] Loop error: (-2147023174, 'The RPC server is unavailable.', None, None)
[2025-12-15 20:32:28] Traceback (most recent call last):
  File "C:\Users\husey\OneDrive\Desktop\Development\Work_Automation\test_1.py", line 520, in main
    payloads = scan_unread_trn_mails(folder, processed_ids)
  File "C:\Users\husey\OneDrive\Desktop\Development\Work_Automation\test_1.py", line 416, in scan_unread_trn_mails
    items = folder.Items
            ^^^^^^^^^^^^
  File "C:\Users\husey\AppData\Local\Programs\Python\Python314\Lib\site-packages\win32com\client\dynamic.py", line 620, in __getattr__
    ret = self._oleobj_.Invoke(retEntry.dispid, 0, invoke_type, 1)
pywintypes.com_error: (-2147023174, 'The RPC server is unavailable.', None, None)

[2025-12-15 20:32:38] Loop error: (-2147023174, 'The RPC server is unavailable.', None, None)
[2025-12-15 20:32:38] Traceback (most recent call last):
  File "C:\Users\husey\OneDrive\Desktop\Development\Work_Automation\test_1.py", line 520, in main
    payloads = scan_unread_trn_mails(folder, processed_ids)
  File "C:\Users\husey\OneDrive\Desktop\Development\Work_Automation\test_1.py", line 416, in scan_unread_trn_mails
    items = folder.Items
            ^^^^^^^^^^^^
  File "C:\Users\husey\AppData\Local\Programs\Python\Python314\Lib\site-packages\win32com\client\dynamic.py", line 620, in __getattr__
    ret = self._oleobj_.Invoke(retEntry.dispid, 0, invoke_type, 1)
pywintypes.com_error: (-2147023174, 'The RPC server is unavailable.', None, None)

[2025-12-15 20:32:48] Loop error: (-2147023174, 'The RPC server is unavailable.', None, None)
[2025-12-15 20:32:48] Traceback (most recent call last):
  File "C:\Users\husey\OneDrive\Desktop\Development\Work_Automation\test_1.py", line 520, in main
    payloads = scan_unread_trn_mails(folder, processed_ids)
  File "C:\Users\husey\OneDrive\Desktop\Development\Work_Automation\test_1.py", line 416, in scan_unread_trn_mails
    items = folder.Items
            ^^^^^^^^^^^^
  File "C:\Users\husey\AppData\Local\Programs\Python\Python314\Lib\site-packages\win32com\client\dynamic.py", line 620, in __getattr__
    ret = self._oleobj_.Invoke(retEntry.dispid, 0, invoke_type, 1)
pywintypes.com_error: (-2147023174, 'The RPC server is unavailable.', None, None)

[2025-12-15 20:32:58] Loop error: (-2147023174, 'The RPC server is unavailable.', None, None)
[2025-12-15 20:32:58] Traceback (most recent call last):
  File "C:\Users\husey\OneDrive\Desktop\Development\Work_Automation\test_1.py", line 520, in main
    payloads = scan_unread_trn_mails(folder, processed_ids)
  File "C:\Users\husey\OneDrive\Desktop\Development\Work_Automation\test_1.py", line 416, in scan_unread_trn_mails
    items = folder.Items
            ^^^^^^^^^^^^
  File "C:\Users\husey\AppData\Local\Programs\Python\Python314\Lib\site-packages\win32com\client\dynamic.py", line 620, in __getattr__
    ret = self._oleobj_.Invoke(retEntry.dispid, 0, invoke_type, 1)
pywintypes.com_error: (-2147023174, 'The RPC server is unavailable.', None, None)

[2025-12-15 22:01:36] === Proyapi TRN Internal Distributor started ===
[2025-12-15 22:01:36] Watching: spp2dcc@kolin.com.tr / Inbox\From Proyapi
[2025-12-15 22:01:36] Sender filter: chuseyn@kolin.com.tr
[2025-12-15 22:01:36] Mode: display | Poll: 10s | Lookback: 7d | MaxScan:200
[2025-12-15 22:01:36] Signature mode: oft | OFT exists: True | Display modal: False
[2025-12-15 22:01:36] Filter: ONLY UNREAD mails. Processed mail will be marked READ.
[2025-12-15 22:01:36] Scan stats => checked:0 matched:0 (Unread-only)
[2025-12-15 22:01:36] No matching unread TRN found. Sleeping 10s...
[2025-12-15 22:01:46] Scan stats => checked:0 matched:0 (Unread-only)
[2025-12-15 22:01:46] No matching unread TRN found. Sleeping 10s...
[2025-12-15 22:01:56] Scan stats => checked:0 matched:0 (Unread-only)
[2025-12-15 22:01:56] No matching unread TRN found. Sleeping 10s...
[2025-12-15 22:02:06] Scan stats => checked:0 matched:0 (Unread-only)
[2025-12-15 22:02:06] No matching unread TRN found. Sleeping 10s...
[2025-12-15 22:02:16] Scan stats => checked:0 matched:0 (Unread-only)
[2025-12-15 22:02:16] No matching unread TRN found. Sleeping 10s...
[2025-12-15 22:02:26] Scan stats => checked:0 matched:0 (Unread-only)
[2025-12-15 22:02:26] No matching unread TRN found. Sleeping 10s...
[2025-12-15 22:02:36] Scan stats => checked:0 matched:0 (Unread-only)
[2025-12-15 22:02:36] No matching unread TRN found. Sleeping 10s...
[2025-12-15 22:02:46] Scan stats => checked:0 matched:0 (Unread-only)
[2025-12-15 22:02:46] No matching unread TRN found. Sleeping 10s...
[2025-12-15 22:02:56] Scan stats => checked:0 matched:0 (Unread-only)
[2025-12-15 22:02:56] No matching unread TRN found. Sleeping 10s...
[2025-12-15 22:03:06] Scan stats => checked:0 matched:0 (Unread-only)
[2025-12-15 22:03:06] No matching unread TRN found. Sleeping 10s...
[2025-12-15 22:03:16] Scan stats => checked:0 matched:0 (Unread-only)
[2025-12-15 22:03:16] No matching unread TRN found. Sleeping 10s...
[2025-12-15 22:03:26] Scan stats => checked:0 matched:0 (Unread-only)
[2025-12-15 22:03:26] No matching unread TRN found. Sleeping 10s...
[2025-12-15 22:03:36] Scan stats => checked:0 matched:0 (Unread-only)
[2025-12-15 22:03:36] No matching unread TRN found. Sleeping 10s...
[2025-12-15 22:03:46] Scan stats => checked:0 matched:0 (Unread-only)
[2025-12-15 22:03:46] No matching unread TRN found. Sleeping 10s...
[2025-12-15 22:03:56] Scan stats => checked:0 matched:0 (Unread-only)
[2025-12-15 22:03:56] No matching unread TRN found. Sleeping 10s...
[2025-12-15 22:04:06] Scan stats => checked:0 matched:0 (Unread-only)
[2025-12-15 22:04:06] No matching unread TRN found. Sleeping 10s...
[2025-12-15 22:04:16] Scan stats => checked:0 matched:0 (Unread-only)
[2025-12-15 22:04:16] No matching unread TRN found. Sleeping 10s...
[2025-12-15 22:04:52] === Proyapi TRN Internal Distributor started ===
[2025-12-15 22:04:52] Watching: spp2dcc@kolin.com.tr / Inbox\From Proyapi
[2025-12-15 22:04:52] Sender filter: chuseyn@kolin.com.tr
[2025-12-15 22:04:52] Mode: display | Poll: 10s | Lookback: 7d | MaxScan:200
[2025-12-15 22:04:52] Signature mode: oft | OFT exists: True | Display modal: False
[2025-12-15 22:04:52] Filter: ONLY UNREAD mails. Processed mail will be marked READ.
[2025-12-15 22:04:52] Scan stats => checked:0 matched:0 (Unread-only)
[2025-12-15 22:04:52] No matching unread TRN found. Sleeping 10s...
[2025-12-15 22:05:02] Scan stats => checked:0 matched:0 (Unread-only)
[2025-12-15 22:05:02] No matching unread TRN found. Sleeping 10s...
[2025-12-15 22:05:20] === Proyapi TRN Internal Distributor started ===
[2025-12-15 22:05:20] Watching: spp2dcc@kolin.com.tr / Inbox\From Proyapi
[2025-12-15 22:05:20] Sender filter: chuseyn@kolin.com.tr
[2025-12-15 22:05:20] Mode: display | Poll: 10s | Lookback: 7d | MaxScan:200
[2025-12-15 22:05:20] Signature mode: oft | OFT exists: True | Display modal: False
[2025-12-15 22:05:20] Filter: ONLY UNREAD mails. Processed mail will be marked READ.
[2025-12-15 22:05:20] Scan stats => checked:0 matched:0 (Unread-only)
[2025-12-15 22:05:20] No matching unread TRN found. Sleeping 10s...
[2025-12-15 22:05:30] DEBUG => UnRead=True | Sender=chuseyn@kolin.com.tr | Subject=SPP2-PRO-KLN-TRN-0531
[2025-12-15 22:05:30] Scan stats => checked:1 matched:1 (Unread-only)
[2025-12-15 22:05:30] FOUND => SPP2-PRO-KLN-TRN-0531 | PDFs=1 | Date=15 Dec 2025
[2025-12-15 22:05:31] 👀 Displayed: SPP2-PRO-KLN-TRN-0531 | PDFs=1 (modal=False)
[2025-12-15 22:05:31] ✅ DONE => SPP2-PRO-KLN-TRN-0531 (incoming marked READ)
[2025-12-15 22:05:41] Scan stats => checked:0 matched:0 (Unread-only)
[2025-12-15 22:05:41] No matching unread TRN found. Sleeping 10s...
[2025-12-15 22:05:51] Scan stats => checked:0 matched:0 (Unread-only)
[2025-12-15 22:05:51] No matching unread TRN found. Sleeping 10s...
[2025-12-15 22:06:01] Scan stats => checked:0 matched:0 (Unread-only)
[2025-12-15 22:06:01] No matching unread TRN found. Sleeping 10s...
[2025-12-15 22:06:11] Scan stats => checked:0 matched:0 (Unread-only)
[2025-12-15 22:06:11] No matching unread TRN found. Sleeping 10s...
[2025-12-15 22:06:21] Scan stats => checked:0 matched:0 (Unread-only)
[2025-12-15 22:06:21] No matching unread TRN found. Sleeping 10s...
[2025-12-15 22:06:31] Scan stats => checked:0 matched:0 (Unread-only)
[2025-12-15 22:06:31] No matching unread TRN found. Sleeping 10s...
[2025-12-15 22:06:41] Scan stats => checked:0 matched:0 (Unread-only)
[2025-12-15 22:06:41] No matching unread TRN found. Sleeping 10s...
[2025-12-15 22:13:17] === Proyapi TRN Internal Distributor started ===
[2025-12-15 22:13:17] Watching: spp2dcc@kolin.com.tr / Inbox\From Proyapi
[2025-12-15 22:13:17] Sender filter: chuseyn@kolin.com.tr
[2025-12-15 22:13:17] Mode: display | Poll: 10s | Lookback: 7d | MaxScan:200
[2025-12-15 22:13:17] Signature mode: oft | OFT exists: True | Display modal: False
[2025-12-15 22:13:17] Filter: ONLY UNREAD mails. Processed mail will be marked READ.
[2025-12-15 22:13:17] Scan stats => checked:0 matched:0 (Unread-only)
[2025-12-15 22:13:17] No matching unread TRN found. Sleeping 10s...
[2025-12-15 22:13:27] Scan stats => checked:0 matched:0 (Unread-only)
[2025-12-15 22:13:27] No matching unread TRN found. Sleeping 10s...
[2025-12-15 22:13:37] Scan stats => checked:0 matched:0 (Unread-only)
[2025-12-15 22:13:37] No matching unread TRN found. Sleeping 10s...
[2025-12-15 22:13:47] Scan stats => checked:0 matched:0 (Unread-only)
[2025-12-15 22:13:47] No matching unread TRN found. Sleeping 10s...
[2025-12-15 22:13:57] Scan stats => checked:0 matched:0 (Unread-only)
[2025-12-15 22:13:57] No matching unread TRN found. Sleeping 10s...
[2025-12-15 22:14:07] Scan stats => checked:0 matched:0 (Unread-only)
[2025-12-15 22:14:07] No matching unread TRN found. Sleeping 10s...
[2025-12-15 22:14:17] Scan stats => checked:0 matched:0 (Unread-only)
[2025-12-15 22:14:17] No matching unread TRN found. Sleeping 10s...
[2025-12-15 22:14:27] Scan stats => checked:0 matched:0 (Unread-only)
[2025-12-15 22:14:27] No matching unread TRN found. Sleeping 10s...
[2025-12-15 22:14:37] Scan stats => checked:0 matched:0 (Unread-only)
[2025-12-15 22:14:37] No matching unread TRN found. Sleeping 10s...
[2025-12-15 22:14:47] DEBUG => UnRead=True | Sender=chuseyn@kolin.com.tr | Subject=SPP2-PRO-KLN-TRN-0531
[2025-12-15 22:14:47] Scan stats => checked:1 matched:1 (Unread-only)
[2025-12-15 22:14:47] FOUND => SPP2-PRO-KLN-TRN-0531 | PDFs=1 | Date=15 Dec 2025
[2025-12-15 22:14:47] 👀 Displayed: SPP2-PRO-KLN-TRN-0531 | PDFs=1 (modal=False)
[2025-12-15 22:14:47] ✅ Sent after display: SPP2-PRO-KLN-TRN-0531 | PDFs=1
[2025-12-15 22:14:47] ✅ DONE => SPP2-PRO-KLN-TRN-0531 (incoming marked READ)
[2025-12-15 22:14:57] Scan stats => checked:0 matched:0 (Unread-only)
[2025-12-15 22:14:57] No matching unread TRN found. Sleeping 10s...
[2025-12-15 22:15:07] Scan stats => checked:0 matched:0 (Unread-only)
[2025-12-15 22:15:07] No matching unread TRN found. Sleeping 10s...
[2025-12-15 22:15:17] Scan stats => checked:0 matched:0 (Unread-only)
[2025-12-15 22:15:17] No matching unread TRN found. Sleeping 10s...
[2025-12-15 22:15:27] Scan stats => checked:0 matched:0 (Unread-only)
[2025-12-15 22:15:27] No matching unread TRN found. Sleeping 10s...
[2025-12-15 22:15:37] Scan stats => checked:0 matched:0 (Unread-only)
[2025-12-15 22:15:37] No matching unread TRN found. Sleeping 10s...
[2025-12-15 22:15:47] Scan stats => checked:0 matched:0 (Unread-only)
[2025-12-15 22:15:47] No matching unread TRN found. Sleeping 10s...
[2025-12-15 22:16:02] DEBUG => UnRead=True | Sender=chuseyn@kolin.com.tr | Subject=SPP2-PRO-KLN-TRN-0531
[2025-12-15 22:16:02] Scan stats => checked:1 matched:1 (Unread-only)
[2025-12-15 22:16:02] FOUND => SPP2-PRO-KLN-TRN-0531 | PDFs=1 | Date=15 Dec 2025
[2025-12-15 22:16:02] 👀 Displayed: SPP2-PRO-KLN-TRN-0531 | PDFs=1 (modal=False)
[2025-12-15 22:16:02] ✅ Sent after display: SPP2-PRO-KLN-TRN-0531 | PDFs=1
[2025-12-15 22:16:02] ✅ DONE => SPP2-PRO-KLN-TRN-0531 (incoming marked READ)
[2025-12-15 22:16:12] Scan stats => checked:0 matched:0 (Unread-only)
[2025-12-15 22:16:12] No matching unread TRN found. Sleeping 10s...
[2025-12-15 22:16:22] Scan stats => checked:0 matched:0 (Unread-only)
[2025-12-15 22:16:22] No matching unread TRN found. Sleeping 10s...
[2025-12-15 22:16:32] Scan stats => checked:0 matched:0 (Unread-only)
[2025-12-15 22:16:32] No matching unread TRN found. Sleeping 10s...
[2025-12-15 22:16:42] Scan stats => checked:0 matched:0 (Unread-only)
[2025-12-15 22:16:42] No matching unread TRN found. Sleeping 10s...
[2025-12-15 22:16:52] Scan stats => checked:0 matched:0 (Unread-only)
[2025-12-15 22:16:52] No matching unread TRN found. Sleeping 10s...
[2025-12-15 22:17:02] Scan stats => checked:0 matched:0 (Unread-only)
[2025-12-15 22:17:02] No matching unread TRN found. Sleeping 10s...
[2025-12-15 22:17:12] Scan stats => checked:0 matched:0 (Unread-only)
[2025-12-15 22:17:12] No matching unread TRN found. Sleeping 10s...
[2025-12-15 22:17:22] Scan stats => checked:0 matched:0 (Unread-only)
[2025-12-15 22:17:22] No matching unread TRN found. Sleeping 10s...
[2025-12-15 22:17:32] Scan stats => checked:0 matched:0 (Unread-only)
[2025-12-15 22:17:32] No matching unread TRN found. Sleeping 10s...
[2025-12-15 22:17:42] Scan stats => checked:0 matched:0 (Unread-only)
[2025-12-15 22:17:42] No matching unread TRN found. Sleeping 10s...
[2025-12-15 22:17:52] Scan stats => checked:0 matched:0 (Unread-only)
[2025-12-15 22:17:52] No matching unread TRN found. Sleeping 10s...
[2025-12-15 22:18:02] Scan stats => checked:0 matched:0 (Unread-only)
[2025-12-15 22:18:02] No matching unread TRN found. Sleeping 10s...
[2025-12-15 22:18:12] Scan stats => checked:0 matched:0 (Unread-only)
[2025-12-15 22:18:12] No matching unread TRN found. Sleeping 10s...
[2025-12-15 22:18:22] Scan stats => checked:0 matched:0 (Unread-only)
[2025-12-15 22:18:22] No matching unread TRN found. Sleeping 10s...
[2025-12-15 22:18:32] Scan stats => checked:0 matched:0 (Unread-only)
[2025-12-15 22:18:32] No matching unread TRN found. Sleeping 10s...
[2025-12-15 22:18:43] Scan stats => checked:0 matched:0 (Unread-only)
[2025-12-15 22:18:43] No matching unread TRN found. Sleeping 10s...
[2025-12-15 22:20:52] === Proyapi TRN Internal Distributor started ===
[2025-12-15 22:20:52] Watching: spp2dcc@kolin.com.tr / Inbox\From Proyapi
[2025-12-15 22:20:52] Sender filter: chuseyn@kolin.com.tr
[2025-12-15 22:20:52] Mode: display | Poll: 10s | Lookback: 7d | MaxScan:200
[2025-12-15 22:20:52] Signature mode: oft | OFT exists: True | Display modal: False
[2025-12-15 22:20:52] Filter: ONLY UNREAD mails. Processed mail will be marked READ.
[2025-12-15 22:20:52] Scan stats => checked:0 matched:0 (Unread-only)
[2025-12-15 22:20:52] No matching unread TRN found. Sleeping 10s...
[2025-12-15 22:21:03] Scan stats => checked:0 matched:0 (Unread-only)
[2025-12-15 22:21:03] No matching unread TRN found. Sleeping 10s...
[2025-12-15 22:21:13] Scan stats => checked:0 matched:0 (Unread-only)
[2025-12-15 22:21:13] No matching unread TRN found. Sleeping 10s...
[2025-12-15 22:21:23] Scan stats => checked:0 matched:0 (Unread-only)
[2025-12-15 22:21:23] No matching unread TRN found. Sleeping 10s...
[2025-12-15 22:21:33] Scan stats => checked:0 matched:0 (Unread-only)
[2025-12-15 22:21:33] No matching unread TRN found. Sleeping 10s...
[2025-12-15 22:21:43] Scan stats => checked:0 matched:0 (Unread-only)
[2025-12-15 22:21:43] No matching unread TRN found. Sleeping 10s...
[2025-12-15 22:21:53] Scan stats => checked:0 matched:0 (Unread-only)
[2025-12-15 22:21:53] No matching unread TRN found. Sleeping 10s...
[2025-12-15 22:22:03] Scan stats => checked:0 matched:0 (Unread-only)
[2025-12-15 22:22:03] No matching unread TRN found. Sleeping 10s...
[2025-12-15 22:22:13] Scan stats => checked:0 matched:0 (Unread-only)
[2025-12-15 22:22:13] No matching unread TRN found. Sleeping 10s...
[2025-12-15 22:22:23] Scan stats => checked:0 matched:0 (Unread-only)
[2025-12-15 22:22:23] No matching unread TRN found. Sleeping 10s...
[2025-12-15 22:22:33] Scan stats => checked:0 matched:0 (Unread-only)
[2025-12-15 22:22:33] No matching unread TRN found. Sleeping 10s...
[2025-12-15 22:22:43] Scan stats => checked:0 matched:0 (Unread-only)
[2025-12-15 22:22:43] No matching unread TRN found. Sleeping 10s...
[2025-12-15 22:22:53] DEBUG => UnRead=True | Sender=chuseyn@kolin.com.tr | Subject=SPP2-PRO-KLN-TRN-0531
[2025-12-15 22:22:53] DEBUG => UnRead=True | Sender=chuseyn@kolin.com.tr | Subject=SPP2-PRO-KLN-TRN-0530
[2025-12-15 22:22:53] Scan stats => checked:2 matched:2 (Unread-only)
[2025-12-15 22:22:53] FOUND => SPP2-PRO-KLN-TRN-0531 | PDFs=1 | Date=15 Dec 2025
[2025-12-15 22:22:53] 👀 Displayed: SPP2-PRO-KLN-TRN-0531 | PDFs=1 (modal=False)
[2025-12-15 22:22:53] ✅ Sent after display: SPP2-PRO-KLN-TRN-0531 | PDFs=1
[2025-12-15 22:22:53] ✅ DONE => SPP2-PRO-KLN-TRN-0531 (incoming marked READ)
[2025-12-15 22:22:53] FOUND => SPP2-PRO-KLN-TRN-0530 | PDFs=1 | Date=15 Dec 2025
[2025-12-15 22:22:53] 👀 Displayed: SPP2-PRO-KLN-TRN-0530 | PDFs=1 (modal=False)
[2025-12-15 22:22:53] ✅ Sent after display: SPP2-PRO-KLN-TRN-0530 | PDFs=1
[2025-12-15 22:22:53] ✅ DONE => SPP2-PRO-KLN-TRN-0530 (incoming marked READ)
[2025-12-15 22:23:03] Scan stats => checked:0 matched:0 (Unread-only)
[2025-12-15 22:23:03] No matching unread TRN found. Sleeping 10s...
[2025-12-15 22:23:13] Scan stats => checked:0 matched:0 (Unread-only)
[2025-12-15 22:23:13] No matching unread TRN found. Sleeping 10s...
[2025-12-15 22:23:23] Scan stats => checked:0 matched:0 (Unread-only)
[2025-12-15 22:23:23] No matching unread TRN found. Sleeping 10s...
[2025-12-15 22:23:33] Scan stats => checked:0 matched:0 (Unread-only)
[2025-12-15 22:23:33] No matching unread TRN found. Sleeping 10s...
[2025-12-15 22:23:43] Scan stats => checked:0 matched:0 (Unread-only)
[2025-12-15 22:23:43] No matching unread TRN found. Sleeping 10s...
[2025-12-15 22:23:53] Scan stats => checked:0 matched:0 (Unread-only)
[2025-12-15 22:23:53] No matching unread TRN found. Sleeping 10s...
[2025-12-15 22:24:03] Scan stats => checked:0 matched:0 (Unread-only)
[2025-12-15 22:24:03] No matching unread TRN found. Sleeping 10s...
[2025-12-15 22:24:13] Scan stats => checked:0 matched:0 (Unread-only)
[2025-12-15 22:24:13] No matching unread TRN found. Sleeping 10s...
[2025-12-15 22:24:23] Scan stats => checked:0 matched:0 (Unread-only)
[2025-12-15 22:24:23] No matching unread TRN found. Sleeping 10s...
[2025-12-15 22:24:33] Scan stats => checked:0 matched:0 (Unread-only)
[2025-12-15 22:24:33] No matching unread TRN found. Sleeping 10s...
[2025-12-15 22:24:43] Scan stats => checked:0 matched:0 (Unread-only)
[2025-12-15 22:24:43] No matching unread TRN found. Sleeping 10s...
[2025-12-15 22:24:53] Scan stats => checked:0 matched:0 (Unread-only)
[2025-12-15 22:24:53] No matching unread TRN found. Sleeping 10s...
[2025-12-15 22:25:03] Scan stats => checked:0 matched:0 (Unread-only)
[2025-12-15 22:25:03] No matching unread TRN found. Sleeping 10s...
[2025-12-15 22:25:13] Scan stats => checked:0 matched:0 (Unread-only)
[2025-12-15 22:25:13] No matching unread TRN found. Sleeping 10s...
[2025-12-15 22:25:23] Scan stats => checked:0 matched:0 (Unread-only)
[2025-12-15 22:25:23] No matching unread TRN found. Sleeping 10s...
[2025-12-15 22:25:33] Scan stats => checked:0 matched:0 (Unread-only)
[2025-12-15 22:25:33] No matching unread TRN found. Sleeping 10s...
[2025-12-15 22:25:43] Scan stats => checked:0 matched:0 (Unread-only)
[2025-12-15 22:25:43] No matching unread TRN found. Sleeping 10s...
[2025-12-15 22:25:53] Scan stats => checked:0 matched:0 (Unread-only)
[2025-12-15 22:25:53] No matching unread TRN found. Sleeping 10s...
[2025-12-15 22:26:03] Scan stats => checked:0 matched:0 (Unread-only)
[2025-12-15 22:26:03] No matching unread TRN found. Sleeping 10s...
[2025-12-15 22:26:13] Scan stats => checked:0 matched:0 (Unread-only)
[2025-12-15 22:26:13] No matching unread TRN found. Sleeping 10s...
[2025-12-15 22:26:23] Scan stats => checked:0 matched:0 (Unread-only)
[2025-12-15 22:26:23] No matching unread TRN found. Sleeping 10s...
[2025-12-15 22:26:33] Scan stats => checked:0 matched:0 (Unread-only)
[2025-12-15 22:26:33] No matching unread TRN found. Sleeping 10s...
[2025-12-15 22:26:44] Scan stats => checked:0 matched:0 (Unread-only)
[2025-12-15 22:26:44] No matching unread TRN found. Sleeping 10s...
[2025-12-15 22:26:54] Scan stats => checked:0 matched:0 (Unread-only)
[2025-12-15 22:26:54] No matching unread TRN found. Sleeping 10s...
[2025-12-15 22:27:04] Scan stats => checked:0 matched:0 (Unread-only)
[2025-12-15 22:27:04] No matching unread TRN found. Sleeping 10s...
[2025-12-15 22:27:14] Scan stats => checked:0 matched:0 (Unread-only)
[2025-12-15 22:27:14] No matching unread TRN found. Sleeping 10s...
[2025-12-15 22:27:24] Scan stats => checked:0 matched:0 (Unread-only)
[2025-12-15 22:27:24] No matching unread TRN found. Sleeping 10s...
[2025-12-15 22:27:34] Scan stats => checked:0 matched:0 (Unread-only)
[2025-12-15 22:27:34] No matching unread TRN found. Sleeping 10s...
[2025-12-15 22:27:44] Scan stats => checked:0 matched:0 (Unread-only)
[2025-12-15 22:27:44] No matching unread TRN found. Sleeping 10s...
[2025-12-15 22:27:54] Scan stats => checked:0 matched:0 (Unread-only)
[2025-12-15 22:27:54] No matching unread TRN found. Sleeping 10s...
[2025-12-15 22:28:04] Scan stats => checked:0 matched:0 (Unread-only)
[2025-12-15 22:28:04] No matching unread TRN found. Sleeping 10s...
[2025-12-15 22:28:14] Scan stats => checked:0 matched:0 (Unread-only)
[2025-12-15 22:28:14] No matching unread TRN found. Sleeping 10s...
[2025-12-15 22:28:24] Scan stats => checked:0 matched:0 (Unread-only)
[2025-12-15 22:28:24] No matching unread TRN found. Sleeping 10s...
[2025-12-15 22:28:34] Scan stats => checked:0 matched:0 (Unread-only)
[2025-12-15 22:28:34] No matching unread TRN found. Sleeping 10s...
[2025-12-15 22:28:44] Scan stats => checked:0 matched:0 (Unread-only)
[2025-12-15 22:28:44] No matching unread TRN found. Sleeping 10s...
[2025-12-15 22:28:54] Scan stats => checked:0 matched:0 (Unread-only)
[2025-12-15 22:28:54] No matching unread TRN found. Sleeping 10s...
[2025-12-15 22:29:21] === Proyapi TRN Internal Distributor started ===
[2025-12-15 22:29:21] Watching: spp2dcc@kolin.com.tr / Inbox\From Proyapi
[2025-12-15 22:29:21] Sender filter: chuseyn@kolin.com.tr
[2025-12-15 22:29:21] Mode: display | Poll: 300s | Lookback: 7d | MaxScan:200
[2025-12-15 22:29:21] Signature mode: oft | OFT exists: True | Display modal: False
[2025-12-15 22:29:21] Filter: ONLY UNREAD mails. Processed mail will be marked READ.
[2025-12-15 22:29:21] Scan stats => checked:0 matched:0 (Unread-only)
[2025-12-15 22:29:21] No matching unread TRN found. Sleeping 300s...
[2025-12-16 08:50:34] === Proyapi TRN Internal Distributor started ===
[2025-12-16 08:50:34] Watching: spp2dcc@kolin.com.tr / Inbox\From Proyapi
[2025-12-16 08:50:34] Sender filter: dccspp2@proyapimusavirlik.com
[2025-12-16 08:50:34] Mode: display | Poll: 300s | Lookback: 7d | MaxScan:200
[2025-12-16 08:50:34] Signature mode: oft | OFT exists: True | Display modal: False
[2025-12-16 08:50:34] Filter: ONLY UNREAD mails. Processed mail will be marked READ.
[2025-12-16 08:50:34] Scan stats => checked:0 matched:0 (Unread-only)
[2025-12-16 08:50:34] No matching unread TRN found. Sleeping 300s...
[2025-12-16 08:55:34] Scan stats => checked:0 matched:0 (Unread-only)
[2025-12-16 08:55:34] No matching unread TRN found. Sleeping 300s...
[2025-12-16 09:00:36] Scan stats => checked:0 matched:0 (Unread-only)
[2025-12-16 09:00:36] No matching unread TRN found. Sleeping 300s...
[2025-12-16 09:46:32] === Proyapi TRN Internal Distributor started ===
[2025-12-16 09:46:32] Watching: spp2dcc@kolin.com.tr / Inbox\From Proyapi
[2025-12-16 09:46:32] Sender filter: dccspp2@proyapimusavirlik.com
[2025-12-16 09:46:32] Mode: display | Poll: 300s | Lookback: 7d | MaxScan:200
[2025-12-16 09:46:32] Signature mode: oft | OFT exists: True | Display modal: False
[2025-12-16 09:46:32] Filter: ONLY UNREAD mails. Processed mail will be marked READ.
[2025-12-16 09:46:32] DEBUG => UnRead=True | Sender=dccspp2@proyapimusavirlik.com | Subject=RE: Disregard of Transmittal No. SPP2-PRO-KLN-TRN-0531
[2025-12-16 09:46:32] ⚠️ TRN matched but no PDF found: RE: Disregard of Transmittal No. SPP2-PRO-KLN-TRN-0531
[2025-12-16 09:46:32] Scan stats => checked:1 matched:0 (Unread-only)
[2025-12-16 09:46:32] No matching unread TRN found. Sleeping 300s...
[2025-12-16 09:51:32] DEBUG => UnRead=True | Sender=dccspp2@proyapimusavirlik.com | Subject=RE: Disregard of Transmittal No. SPP2-PRO-KLN-TRN-0531
[2025-12-16 09:51:32] ⚠️ TRN matched but no PDF found: RE: Disregard of Transmittal No. SPP2-PRO-KLN-TRN-0531
[2025-12-16 09:51:32] Scan stats => checked:1 matched:0 (Unread-only)
[2025-12-16 09:51:32] No matching unread TRN found. Sleeping 300s...
[2025-12-16 09:56:32] Scan stats => checked:0 matched:0 (Unread-only)
[2025-12-16 09:56:32] No matching unread TRN found. Sleeping 300s...
[2025-12-16 10:01:32] Scan stats => checked:0 matched:0 (Unread-only)
[2025-12-16 10:01:32] No matching unread TRN found. Sleeping 300s...
[2025-12-16 10:06:33] Scan stats => checked:0 matched:0 (Unread-only)
[2025-12-16 10:06:33] No matching unread TRN found. Sleeping 300s...
[2025-12-16 10:20:32] Scan stats => checked:0 matched:0 (Unread-only)
[2025-12-16 10:20:32] No matching unread TRN found. Sleeping 300s...
[2025-12-16 10:25:32] Scan stats => checked:0 matched:0 (Unread-only)
[2025-12-16 10:25:32] No matching unread TRN found. Sleeping 300s...
[2025-12-16 10:30:32] Scan stats => checked:0 matched:0 (Unread-only)
[2025-12-16 10:30:32] No matching unread TRN found. Sleeping 300s...
[2025-12-16 10:35:32] Scan stats => checked:0 matched:0 (Unread-only)
[2025-12-16 10:35:32] No matching unread TRN found. Sleeping 300s...
[2025-12-16 10:40:32] Scan stats => checked:0 matched:0 (Unread-only)
[2025-12-16 10:40:32] No matching unread TRN found. Sleeping 300s...
[2025-12-16 10:45:32] Scan stats => checked:0 matched:0 (Unread-only)
[2025-12-16 10:45:32] No matching unread TRN found. Sleeping 300s...
[2025-12-16 10:50:32] Scan stats => checked:0 matched:0 (Unread-only)
[2025-12-16 10:50:32] No matching unread TRN found. Sleeping 300s...
[2025-12-16 10:55:32] Scan stats => checked:0 matched:0 (Unread-only)
[2025-12-16 10:55:32] No matching unread TRN found. Sleeping 300s...
[2025-12-16 11:00:33] Scan stats => checked:0 matched:0 (Unread-only)
[2025-12-16 11:00:33] No matching unread TRN found. Sleeping 300s...
[2025-12-16 11:05:33] Scan stats => checked:0 matched:0 (Unread-only)
[2025-12-16 11:05:33] No matching unread TRN found. Sleeping 300s...
[2025-12-16 11:10:33] Scan stats => checked:0 matched:0 (Unread-only)
[2025-12-16 11:10:33] No matching unread TRN found. Sleeping 300s...
[2025-12-16 11:15:33] Scan stats => checked:0 matched:0 (Unread-only)
[2025-12-16 11:15:33] No matching unread TRN found. Sleeping 300s...
[2025-12-16 11:20:33] Scan stats => checked:0 matched:0 (Unread-only)
[2025-12-16 11:20:33] No matching unread TRN found. Sleeping 300s...
[2025-12-16 11:25:33] Scan stats => checked:0 matched:0 (Unread-only)
[2025-12-16 11:25:33] No matching unread TRN found. Sleeping 300s...
[2025-12-16 11:30:33] Scan stats => checked:0 matched:0 (Unread-only)
[2025-12-16 11:30:33] No matching unread TRN found. Sleeping 300s...
[2025-12-16 11:35:33] Scan stats => checked:0 matched:0 (Unread-only)
[2025-12-16 11:35:33] No matching unread TRN found. Sleeping 300s...
[2025-12-16 11:40:33] Loop error: (-2147023174, 'The RPC server is unavailable.', None, None)
[2025-12-16 11:40:33] Traceback (most recent call last):
  File "C:\Users\husey\OneDrive\Desktop\Development\Work_Automation\internal_trn_distributor.py", line 520, in main
    payloads = scan_unread_trn_mails(folder, processed_ids)
  File "C:\Users\husey\OneDrive\Desktop\Development\Work_Automation\internal_trn_distributor.py", line 417, in scan_unread_trn_mails
    items = folder.Items
            ^^^^^^^^^^^^
  File "C:\Users\husey\AppData\Local\Programs\Python\Python314\Lib\site-packages\win32com\client\dynamic.py", line 620, in __getattr__
    ret = self._oleobj_.Invoke(retEntry.dispid, 0, invoke_type, 1)
pywintypes.com_error: (-2147023174, 'The RPC server is unavailable.', None, None)

[2025-12-16 11:45:33] Loop error: (-2147023174, 'The RPC server is unavailable.', None, None)
[2025-12-16 11:45:33] Traceback (most recent call last):
  File "C:\Users\husey\OneDrive\Desktop\Development\Work_Automation\internal_trn_distributor.py", line 520, in main
    payloads = scan_unread_trn_mails(folder, processed_ids)
  File "C:\Users\husey\OneDrive\Desktop\Development\Work_Automation\internal_trn_distributor.py", line 417, in scan_unread_trn_mails
    items = folder.Items
            ^^^^^^^^^^^^
  File "C:\Users\husey\AppData\Local\Programs\Python\Python314\Lib\site-packages\win32com\client\dynamic.py", line 620, in __getattr__
    ret = self._oleobj_.Invoke(retEntry.dispid, 0, invoke_type, 1)
pywintypes.com_error: (-2147023174, 'The RPC server is unavailable.', None, None)

[2025-12-16 11:50:33] Loop error: (-2147023174, 'The RPC server is unavailable.', None, None)
[2025-12-16 11:50:33] Traceback (most recent call last):
  File "C:\Users\husey\OneDrive\Desktop\Development\Work_Automation\internal_trn_distributor.py", line 520, in main
    payloads = scan_unread_trn_mails(folder, processed_ids)
  File "C:\Users\husey\OneDrive\Desktop\Development\Work_Automation\internal_trn_distributor.py", line 417, in scan_unread_trn_mails
    items = folder.Items
            ^^^^^^^^^^^^
  File "C:\Users\husey\AppData\Local\Programs\Python\Python314\Lib\site-packages\win32com\client\dynamic.py", line 620, in __getattr__
    ret = self._oleobj_.Invoke(retEntry.dispid, 0, invoke_type, 1)
pywintypes.com_error: (-2147023174, 'The RPC server is unavailable.', None, None)

[2025-12-16 11:55:33] Loop error: (-2147023174, 'The RPC server is unavailable.', None, None)
[2025-12-16 11:55:33] Traceback (most recent call last):
  File "C:\Users\husey\OneDrive\Desktop\Development\Work_Automation\internal_trn_distributor.py", line 520, in main
    payloads = scan_unread_trn_mails(folder, processed_ids)
  File "C:\Users\husey\OneDrive\Desktop\Development\Work_Automation\internal_trn_distributor.py", line 417, in scan_unread_trn_mails
    items = folder.Items
            ^^^^^^^^^^^^
  File "C:\Users\husey\AppData\Local\Programs\Python\Python314\Lib\site-packages\win32com\client\dynamic.py", line 620, in __getattr__
    ret = self._oleobj_.Invoke(retEntry.dispid, 0, invoke_type, 1)
pywintypes.com_error: (-2147023174, 'The RPC server is unavailable.', None, None)

[2025-12-16 12:00:33] Loop error: (-2147023174, 'The RPC server is unavailable.', None, None)
[2025-12-16 12:00:33] Traceback (most recent call last):
  File "C:\Users\husey\OneDrive\Desktop\Development\Work_Automation\internal_trn_distributor.py", line 520, in main
    payloads = scan_unread_trn_mails(folder, processed_ids)
  File "C:\Users\husey\OneDrive\Desktop\Development\Work_Automation\internal_trn_distributor.py", line 417, in scan_unread_trn_mails
    items = folder.Items
            ^^^^^^^^^^^^
  File "C:\Users\husey\AppData\Local\Programs\Python\Python314\Lib\site-packages\win32com\client\dynamic.py", line 620, in __getattr__
    ret = self._oleobj_.Invoke(retEntry.dispid, 0, invoke_type, 1)
pywintypes.com_error: (-2147023174, 'The RPC server is unavailable.', None, None)

[2025-12-16 12:05:33] Loop error: (-2147023174, 'The RPC server is unavailable.', None, None)
[2025-12-16 12:05:33] Traceback (most recent call last):
  File "C:\Users\husey\OneDrive\Desktop\Development\Work_Automation\internal_trn_distributor.py", line 520, in main
    payloads = scan_unread_trn_mails(folder, processed_ids)
  File "C:\Users\husey\OneDrive\Desktop\Development\Work_Automation\internal_trn_distributor.py", line 417, in scan_unread_trn_mails
    items = folder.Items
            ^^^^^^^^^^^^
  File "C:\Users\husey\AppData\Local\Programs\Python\Python314\Lib\site-packages\win32com\client\dynamic.py", line 620, in __getattr__
    ret = self._oleobj_.Invoke(retEntry.dispid, 0, invoke_type, 1)
pywintypes.com_error: (-2147023174, 'The RPC server is unavailable.', None, None)

[2025-12-16 12:10:33] Loop error: (-2147023174, 'The RPC server is unavailable.', None, None)
[2025-12-16 12:10:33] Traceback (most recent call last):
  File "C:\Users\husey\OneDrive\Desktop\Development\Work_Automation\internal_trn_distributor.py", line 520, in main
    payloads = scan_unread_trn_mails(folder, processed_ids)
  File "C:\Users\husey\OneDrive\Desktop\Development\Work_Automation\internal_trn_distributor.py", line 417, in scan_unread_trn_mails
    items = folder.Items
            ^^^^^^^^^^^^
  File "C:\Users\husey\AppData\Local\Programs\Python\Python314\Lib\site-packages\win32com\client\dynamic.py", line 620, in __getattr__
    ret = self._oleobj_.Invoke(retEntry.dispid, 0, invoke_type, 1)
pywintypes.com_error: (-2147023174, 'The RPC server is unavailable.', None, None)

[2025-12-16 12:15:33] Loop error: (-2147023174, 'The RPC server is unavailable.', None, None)
[2025-12-16 12:15:33] Traceback (most recent call last):
  File "C:\Users\husey\OneDrive\Desktop\Development\Work_Automation\internal_trn_distributor.py", line 520, in main
    payloads = scan_unread_trn_mails(folder, processed_ids)
  File "C:\Users\husey\OneDrive\Desktop\Development\Work_Automation\internal_trn_distributor.py", line 417, in scan_unread_trn_mails
    items = folder.Items
            ^^^^^^^^^^^^
  File "C:\Users\husey\AppData\Local\Programs\Python\Python314\Lib\site-packages\win32com\client\dynamic.py", line 620, in __getattr__
    ret = self._oleobj_.Invoke(retEntry.dispid, 0, invoke_type, 1)
pywintypes.com_error: (-2147023174, 'The RPC server is unavailable.', None, None)

[2025-12-16 12:20:33] Loop error: (-2147023174, 'The RPC server is unavailable.', None, None)
[2025-12-16 12:20:33] Traceback (most recent call last):
  File "C:\Users\husey\OneDrive\Desktop\Development\Work_Automation\internal_trn_distributor.py", line 520, in main
    payloads = scan_unread_trn_mails(folder, processed_ids)
  File "C:\Users\husey\OneDrive\Desktop\Development\Work_Automation\internal_trn_distributor.py", line 417, in scan_unread_trn_mails
    items = folder.Items
            ^^^^^^^^^^^^
  File "C:\Users\husey\AppData\Local\Programs\Python\Python314\Lib\site-packages\win32com\client\dynamic.py", line 620, in __getattr__
    ret = self._oleobj_.Invoke(retEntry.dispid, 0, invoke_type, 1)
pywintypes.com_error: (-2147023174, 'The RPC server is unavailable.', None, None)

[2025-12-16 12:25:33] Loop error: (-2147023174, 'The RPC server is unavailable.', None, None)
[2025-12-16 12:25:33] Traceback (most recent call last):
  File "C:\Users\husey\OneDrive\Desktop\Development\Work_Automation\internal_trn_distributor.py", line 520, in main
    payloads = scan_unread_trn_mails(folder, processed_ids)
  File "C:\Users\husey\OneDrive\Desktop\Development\Work_Automation\internal_trn_distributor.py", line 417, in scan_unread_trn_mails
    items = folder.Items
            ^^^^^^^^^^^^
  File "C:\Users\husey\AppData\Local\Programs\Python\Python314\Lib\site-packages\win32com\client\dynamic.py", line 620, in __getattr__
    ret = self._oleobj_.Invoke(retEntry.dispid, 0, invoke_type, 1)
pywintypes.com_error: (-2147023174, 'The RPC server is unavailable.', None, None)

[2025-12-16 12:30:33] Loop error: (-2147023174, 'The RPC server is unavailable.', None, None)
[2025-12-16 12:30:33] Traceback (most recent call last):
  File "C:\Users\husey\OneDrive\Desktop\Development\Work_Automation\internal_trn_distributor.py", line 520, in main
    payloads = scan_unread_trn_mails(folder, processed_ids)
  File "C:\Users\husey\OneDrive\Desktop\Development\Work_Automation\internal_trn_distributor.py", line 417, in scan_unread_trn_mails
    items = folder.Items
            ^^^^^^^^^^^^
  File "C:\Users\husey\AppData\Local\Programs\Python\Python314\Lib\site-packages\win32com\client\dynamic.py", line 620, in __getattr__
    ret = self._oleobj_.Invoke(retEntry.dispid, 0, invoke_type, 1)
pywintypes.com_error: (-2147023174, 'The RPC server is unavailable.', None, None)

[2025-12-16 12:35:33] Loop error: (-2147023174, 'The RPC server is unavailable.', None, None)
[2025-12-16 12:35:33] Traceback (most recent call last):
  File "C:\Users\husey\OneDrive\Desktop\Development\Work_Automation\internal_trn_distributor.py", line 520, in main
    payloads = scan_unread_trn_mails(folder, processed_ids)
  File "C:\Users\husey\OneDrive\Desktop\Development\Work_Automation\internal_trn_distributor.py", line 417, in scan_unread_trn_mails
    items = folder.Items
            ^^^^^^^^^^^^
  File "C:\Users\husey\AppData\Local\Programs\Python\Python314\Lib\site-packages\win32com\client\dynamic.py", line 620, in __getattr__
    ret = self._oleobj_.Invoke(retEntry.dispid, 0, invoke_type, 1)
pywintypes.com_error: (-2147023174, 'The RPC server is unavailable.', None, None)

[2025-12-16 12:40:33] Loop error: (-2147023174, 'The RPC server is unavailable.', None, None)
[2025-12-16 12:40:33] Traceback (most recent call last):
  File "C:\Users\husey\OneDrive\Desktop\Development\Work_Automation\internal_trn_distributor.py", line 520, in main
    payloads = scan_unread_trn_mails(folder, processed_ids)
  File "C:\Users\husey\OneDrive\Desktop\Development\Work_Automation\internal_trn_distributor.py", line 417, in scan_unread_trn_mails
    items = folder.Items
            ^^^^^^^^^^^^
  File "C:\Users\husey\AppData\Local\Programs\Python\Python314\Lib\site-packages\win32com\client\dynamic.py", line 620, in __getattr__
    ret = self._oleobj_.Invoke(retEntry.dispid, 0, invoke_type, 1)
pywintypes.com_error: (-2147023174, 'The RPC server is unavailable.', None, None)

[2025-12-16 12:45:33] Loop error: (-2147023174, 'The RPC server is unavailable.', None, None)
[2025-12-16 12:45:33] Traceback (most recent call last):
  File "C:\Users\husey\OneDrive\Desktop\Development\Work_Automation\internal_trn_distributor.py", line 520, in main
    payloads = scan_unread_trn_mails(folder, processed_ids)
  File "C:\Users\husey\OneDrive\Desktop\Development\Work_Automation\internal_trn_distributor.py", line 417, in scan_unread_trn_mails
    items = folder.Items
            ^^^^^^^^^^^^
  File "C:\Users\husey\AppData\Local\Programs\Python\Python314\Lib\site-packages\win32com\client\dynamic.py", line 620, in __getattr__
    ret = self._oleobj_.Invoke(retEntry.dispid, 0, invoke_type, 1)
pywintypes.com_error: (-2147023174, 'The RPC server is unavailable.', None, None)

[2025-12-16 12:50:33] Loop error: (-2147023174, 'The RPC server is unavailable.', None, None)
[2025-12-16 12:50:33] Traceback (most recent call last):
  File "C:\Users\husey\OneDrive\Desktop\Development\Work_Automation\internal_trn_distributor.py", line 520, in main
    payloads = scan_unread_trn_mails(folder, processed_ids)
  File "C:\Users\husey\OneDrive\Desktop\Development\Work_Automation\internal_trn_distributor.py", line 417, in scan_unread_trn_mails
    items = folder.Items
            ^^^^^^^^^^^^
  File "C:\Users\husey\AppData\Local\Programs\Python\Python314\Lib\site-packages\win32com\client\dynamic.py", line 620, in __getattr__
    ret = self._oleobj_.Invoke(retEntry.dispid, 0, invoke_type, 1)
pywintypes.com_error: (-2147023174, 'The RPC server is unavailable.', None, None)

[2025-12-16 12:55:33] Loop error: (-2147023174, 'The RPC server is unavailable.', None, None)
[2025-12-16 12:55:33] Traceback (most recent call last):
  File "C:\Users\husey\OneDrive\Desktop\Development\Work_Automation\internal_trn_distributor.py", line 520, in main
    payloads = scan_unread_trn_mails(folder, processed_ids)
  File "C:\Users\husey\OneDrive\Desktop\Development\Work_Automation\internal_trn_distributor.py", line 417, in scan_unread_trn_mails
    items = folder.Items
            ^^^^^^^^^^^^
  File "C:\Users\husey\AppData\Local\Programs\Python\Python314\Lib\site-packages\win32com\client\dynamic.py", line 620, in __getattr__
    ret = self._oleobj_.Invoke(retEntry.dispid, 0, invoke_type, 1)
pywintypes.com_error: (-2147023174, 'The RPC server is unavailable.', None, None)

[2025-12-16 13:17:05] Loop error: (-2147023174, 'The RPC server is unavailable.', None, None)
[2025-12-16 13:17:05] Traceback (most recent call last):
  File "C:\Users\husey\OneDrive\Desktop\Development\Work_Automation\internal_trn_distributor.py", line 520, in main
    payloads = scan_unread_trn_mails(folder, processed_ids)
  File "C:\Users\husey\OneDrive\Desktop\Development\Work_Automation\internal_trn_distributor.py", line 417, in scan_unread_trn_mails
    items = folder.Items
            ^^^^^^^^^^^^
  File "C:\Users\husey\AppData\Local\Programs\Python\Python314\Lib\site-packages\win32com\client\dynamic.py", line 620, in __getattr__
    ret = self._oleobj_.Invoke(retEntry.dispid, 0, invoke_type, 1)
pywintypes.com_error: (-2147023174, 'The RPC server is unavailable.', None, None)

[2025-12-16 13:22:05] Loop error: (-2147023174, 'The RPC server is unavailable.', None, None)
[2025-12-16 13:22:05] Traceback (most recent call last):
  File "C:\Users\husey\OneDrive\Desktop\Development\Work_Automation\internal_trn_distributor.py", line 520, in main
    payloads = scan_unread_trn_mails(folder, processed_ids)
  File "C:\Users\husey\OneDrive\Desktop\Development\Work_Automation\internal_trn_distributor.py", line 417, in scan_unread_trn_mails
    items = folder.Items
            ^^^^^^^^^^^^
  File "C:\Users\husey\AppData\Local\Programs\Python\Python314\Lib\site-packages\win32com\client\dynamic.py", line 620, in __getattr__
    ret = self._oleobj_.Invoke(retEntry.dispid, 0, invoke_type, 1)
pywintypes.com_error: (-2147023174, 'The RPC server is unavailable.', None, None)

[2025-12-16 13:27:05] Loop error: (-2147023174, 'The RPC server is unavailable.', None, None)
[2025-12-16 13:27:05] Traceback (most recent call last):
  File "C:\Users\husey\OneDrive\Desktop\Development\Work_Automation\internal_trn_distributor.py", line 520, in main
    payloads = scan_unread_trn_mails(folder, processed_ids)
  File "C:\Users\husey\OneDrive\Desktop\Development\Work_Automation\internal_trn_distributor.py", line 417, in scan_unread_trn_mails
    items = folder.Items
            ^^^^^^^^^^^^
  File "C:\Users\husey\AppData\Local\Programs\Python\Python314\Lib\site-packages\win32com\client\dynamic.py", line 620, in __getattr__
    ret = self._oleobj_.Invoke(retEntry.dispid, 0, invoke_type, 1)
pywintypes.com_error: (-2147023174, 'The RPC server is unavailable.', None, None)

[2025-12-16 13:32:05] Loop error: (-2147023174, 'The RPC server is unavailable.', None, None)
[2025-12-16 13:32:05] Traceback (most recent call last):
  File "C:\Users\husey\OneDrive\Desktop\Development\Work_Automation\internal_trn_distributor.py", line 520, in main
    payloads = scan_unread_trn_mails(folder, processed_ids)
  File "C:\Users\husey\OneDrive\Desktop\Development\Work_Automation\internal_trn_distributor.py", line 417, in scan_unread_trn_mails
    items = folder.Items
            ^^^^^^^^^^^^
  File "C:\Users\husey\AppData\Local\Programs\Python\Python314\Lib\site-packages\win32com\client\dynamic.py", line 620, in __getattr__
    ret = self._oleobj_.Invoke(retEntry.dispid, 0, invoke_type, 1)
pywintypes.com_error: (-2147023174, 'The RPC server is unavailable.', None, None)

[2025-12-16 13:37:05] Loop error: (-2147023174, 'The RPC server is unavailable.', None, None)
[2025-12-16 13:37:05] Traceback (most recent call last):
  File "C:\Users\husey\OneDrive\Desktop\Development\Work_Automation\internal_trn_distributor.py", line 520, in main
    payloads = scan_unread_trn_mails(folder, processed_ids)
  File "C:\Users\husey\OneDrive\Desktop\Development\Work_Automation\internal_trn_distributor.py", line 417, in scan_unread_trn_mails
    items = folder.Items
            ^^^^^^^^^^^^
  File "C:\Users\husey\AppData\Local\Programs\Python\Python314\Lib\site-packages\win32com\client\dynamic.py", line 620, in __getattr__
    ret = self._oleobj_.Invoke(retEntry.dispid, 0, invoke_type, 1)
pywintypes.com_error: (-2147023174, 'The RPC server is unavailable.', None, None)

[2025-12-16 13:42:05] Loop error: (-2147023174, 'The RPC server is unavailable.', None, None)
[2025-12-16 13:42:05] Traceback (most recent call last):
  File "C:\Users\husey\OneDrive\Desktop\Development\Work_Automation\internal_trn_distributor.py", line 520, in main
    payloads = scan_unread_trn_mails(folder, processed_ids)
  File "C:\Users\husey\OneDrive\Desktop\Development\Work_Automation\internal_trn_distributor.py", line 417, in scan_unread_trn_mails
    items = folder.Items
            ^^^^^^^^^^^^
  File "C:\Users\husey\AppData\Local\Programs\Python\Python314\Lib\site-packages\win32com\client\dynamic.py", line 620, in __getattr__
    ret = self._oleobj_.Invoke(retEntry.dispid, 0, invoke_type, 1)
pywintypes.com_error: (-2147023174, 'The RPC server is unavailable.', None, None)

[2025-12-16 13:54:57] Loop error: (-2147023174, 'The RPC server is unavailable.', None, None)
[2025-12-16 13:54:57] Traceback (most recent call last):
  File "C:\Users\husey\OneDrive\Desktop\Development\Work_Automation\internal_trn_distributor.py", line 520, in main
    payloads = scan_unread_trn_mails(folder, processed_ids)
  File "C:\Users\husey\OneDrive\Desktop\Development\Work_Automation\internal_trn_distributor.py", line 417, in scan_unread_trn_mails
    items = folder.Items
            ^^^^^^^^^^^^
  File "C:\Users\husey\AppData\Local\Programs\Python\Python314\Lib\site-packages\win32com\client\dynamic.py", line 620, in __getattr__
    ret = self._oleobj_.Invoke(retEntry.dispid, 0, invoke_type, 1)
pywintypes.com_error: (-2147023174, 'The RPC server is unavailable.', None, None)

[2025-12-16 13:59:57] Loop error: (-2147023174, 'The RPC server is unavailable.', None, None)
[2025-12-16 13:59:57] Traceback (most recent call last):
  File "C:\Users\husey\OneDrive\Desktop\Development\Work_Automation\internal_trn_distributor.py", line 520, in main
    payloads = scan_unread_trn_mails(folder, processed_ids)
  File "C:\Users\husey\OneDrive\Desktop\Development\Work_Automation\internal_trn_distributor.py", line 417, in scan_unread_trn_mails
    items = folder.Items
            ^^^^^^^^^^^^
  File "C:\Users\husey\AppData\Local\Programs\Python\Python314\Lib\site-packages\win32com\client\dynamic.py", line 620, in __getattr__
    ret = self._oleobj_.Invoke(retEntry.dispid, 0, invoke_type, 1)
pywintypes.com_error: (-2147023174, 'The RPC server is unavailable.', None, None)

[2025-12-16 14:02:05] === Proyapi TRN Internal Distributor started ===
[2025-12-16 14:02:05] Watching: spp2dcc@kolin.com.tr / Inbox\From Proyapi
[2025-12-16 14:02:05] Sender filter: dccspp2@proyapimusavirlik.com
[2025-12-16 14:02:05] Mode: display | Poll: 300s | Lookback: 7d | MaxScan:200
[2025-12-16 14:02:05] Signature mode: oft | OFT exists: True | Display modal: False
[2025-12-16 14:02:05] Filter: ONLY UNREAD mails. Processed mail will be marked READ.
[2025-12-16 14:02:05] Scan stats => checked:0 matched:0 (Unread-only)
[2025-12-16 14:02:05] No matching unread TRN found. Sleeping 300s...
[2025-12-16 14:07:05] Scan stats => checked:0 matched:0 (Unread-only)
[2025-12-16 14:07:05] No matching unread TRN found. Sleeping 300s...
[2025-12-16 14:12:05] Scan stats => checked:0 matched:0 (Unread-only)
[2025-12-16 14:12:05] No matching unread TRN found. Sleeping 300s...
[2025-12-16 14:17:05] Scan stats => checked:0 matched:0 (Unread-only)
[2025-12-16 14:17:05] No matching unread TRN found. Sleeping 300s...
[2025-12-16 14:22:05] Scan stats => checked:0 matched:0 (Unread-only)
[2025-12-16 14:22:05] No matching unread TRN found. Sleeping 300s...
[2025-12-16 14:27:05] Scan stats => checked:0 matched:0 (Unread-only)
[2025-12-16 14:27:05] No matching unread TRN found. Sleeping 300s...
[2025-12-16 14:32:05] DEBUG => UnRead=True | Sender=dccspp2@proyapimusavirlik.com | Subject=RE: SPP2-PRO-KLN-TRN-0334-updated
[2025-12-16 14:32:05] Scan stats => checked:1 matched:1 (Unread-only)
[2025-12-16 14:32:05] FOUND => SPP2-PRO-KLN-TRN-0334 | PDFs=1 | Date=16 Dec 2025
[2025-12-16 14:32:07] 👀 Displayed: SPP2-PRO-KLN-TRN-0334 | PDFs=1 (modal=False)
[2025-12-16 14:32:07] ✅ Sent after display: SPP2-PRO-KLN-TRN-0334 | PDFs=1
[2025-12-16 14:32:07] ✅ DONE => SPP2-PRO-KLN-TRN-0334 (incoming marked READ)
[2025-12-16 14:37:07] Scan stats => checked:0 matched:0 (Unread-only)
[2025-12-16 14:37:07] No matching unread TRN found. Sleeping 300s...
[2025-12-16 14:42:07] Scan stats => checked:0 matched:0 (Unread-only)
[2025-12-16 14:42:08] No matching unread TRN found. Sleeping 300s...
[2025-12-16 14:54:45] === Proyapi TRN Internal Distributor started (v2) ===
[2025-12-16 14:54:45] Watching: spp2dcc@kolin.com.tr / Inbox\From Proyapi
[2025-12-16 14:54:45] Sender filter: dccspp2@proyapimusavirlik.com
[2025-12-16 14:54:45] Mode: display | Poll: 300s | Lookback: 7d | MaxScan:200
[2025-12-16 14:54:45] Signature mode: oft | OFT exists: True | Display modal: False | AutoSendAfterDisplay: True
[2025-12-16 14:54:45] Filter: ONLY UNREAD mails. Processed mail will be marked READ.
[2025-12-16 14:54:45] Scan stats => checked:0 matched:0 (Unread-only)
[2025-12-16 14:54:45] No matching unread TRN found. Sleeping 300s...
[2025-12-16 14:59:45] Scan stats => checked:0 matched:0 (Unread-only)
[2025-12-16 14:59:45] No matching unread TRN found. Sleeping 300s...
[2025-12-16 15:00:17] === Proyapi TRN Internal Distributor started (v2.1) ===
[2025-12-16 15:00:17] Watching: spp2dcc@kolin.com.tr / Inbox\From Proyapi
[2025-12-16 15:00:17] Sender filter: dccspp2@proyapimusavirlik.com
[2025-12-16 15:00:17] Mode: display | Poll: 300s | Lookback: 7d | MaxScan:200
[2025-12-16 15:00:17] Signature mode: oft | OFT exists: True | Display modal: False | AutoSendAfterDisplay: True
[2025-12-16 15:00:17] Filter: ONLY UNREAD mails. Processed mail will be marked READ.
[2025-12-16 15:00:17] Scan stats => checked:0 matched:0 (Unread-only)
[2025-12-16 15:00:17] No matching unread TRN found. Sleeping 300s...
[2025-12-16 15:05:17] Scan stats => checked:0 matched:0 (Unread-only)
[2025-12-16 15:05:17] No matching unread TRN found. Sleeping 300s...
[2025-12-16 15:10:17] Scan stats => checked:0 matched:0 (Unread-only)
[2025-12-16 15:10:17] No matching unread TRN found. Sleeping 300s...
[2025-12-16 15:15:17] DEBUG => UnRead=True | Sender=dccspp2@proyapimusavirlik.com | Subject=RE: SPP2-PRO-KLN-TRN-0525-updated
[2025-12-16 15:15:17] ⚠️ TRN matched but no PDF found: RE: SPP2-PRO-KLN-TRN-0525-updated
[2025-12-16 15:15:17] Scan stats => checked:1 matched:0 (Unread-only)
[2025-12-16 15:15:17] No matching unread TRN found. Sleeping 300s...
[2025-12-16 15:20:17] DEBUG => UnRead=True | Sender=dccspp2@proyapimusavirlik.com | Subject=RE: SPP2-PRO-KLN-TRN-0525-updated
[2025-12-16 15:20:17] ⚠️ TRN matched but no PDF found: RE: SPP2-PRO-KLN-TRN-0525-updated
[2025-12-16 15:20:17] Scan stats => checked:1 matched:0 (Unread-only)
[2025-12-16 15:20:17] No matching unread TRN found. Sleeping 300s...
[2025-12-16 15:25:17] DEBUG => UnRead=True | Sender=dccspp2@proyapimusavirlik.com | Subject=RE: SPP2-PRO-KLN-TRN-0525-updated
[2025-12-16 15:25:17] ⚠️ TRN matched but no PDF found: RE: SPP2-PRO-KLN-TRN-0525-updated
[2025-12-16 15:25:17] Scan stats => checked:1 matched:0 (Unread-only)
[2025-12-16 15:25:17] No matching unread TRN found. Sleeping 300s...
[2025-12-16 15:30:17] DEBUG => UnRead=True | Sender=dccspp2@proyapimusavirlik.com | Subject=SPP2-PRO-KLN-TRN-0531
[2025-12-16 15:30:17] DEBUG => UnRead=True | Sender=dccspp2@proyapimusavirlik.com | Subject=RE: SPP2-PRO-KLN-TRN-0525-updated
[2025-12-16 15:30:17] ⚠️ TRN matched but no PDF found: RE: SPP2-PRO-KLN-TRN-0525-updated
[2025-12-16 15:30:17] Scan stats => checked:2 matched:1 (Unread-only)
[2025-12-16 15:30:17] FOUND => SPP2-PRO-KLN-TRN-0531 | PDFs=1 | Date=16 Dec 2025 | is_update=False | already_seen=False
[2025-12-16 15:30:18] 👀 Displayed: SPP2-PRO-KLN-TRN-0531 | PDFs=1 (modal=False)
[2025-12-16 15:30:18] ✅ Sent after display: SPP2-PRO-KLN-TRN-0531 | PDFs=1
[2025-12-16 15:30:18] ✅ DONE => SPP2-PRO-KLN-TRN-0531 (incoming marked READ)
[2025-12-16 15:35:18] DEBUG => UnRead=True | Sender=dccspp2@proyapimusavirlik.com | Subject=RE: SPP2-PRO-KLN-TRN-0525-updated
[2025-12-16 15:35:18] ⚠️ TRN matched but no PDF found: RE: SPP2-PRO-KLN-TRN-0525-updated
[2025-12-16 15:35:18] Scan stats => checked:1 matched:0 (Unread-only)
[2025-12-16 15:35:18] No matching unread TRN found. Sleeping 300s...
[2025-12-16 15:44:03] DEBUG => UnRead=True | Sender=dccspp2@proyapimusavirlik.com | Subject=RE: SPP2-PRO-KLN-TRN-0525-updated
[2025-12-16 15:44:04] ⚠️ TRN matched but no PDF found: RE: SPP2-PRO-KLN-TRN-0525-updated
[2025-12-16 15:44:04] Scan stats => checked:1 matched:0 (Unread-only)
[2025-12-16 15:44:04] No matching unread TRN found. Sleeping 300s...
[2025-12-16 15:49:04] Scan stats => checked:0 matched:0 (Unread-only)
[2025-12-16 15:49:04] No matching unread TRN found. Sleeping 300s...
[2025-12-16 15:54:04] Scan stats => checked:0 matched:0 (Unread-only)
[2025-12-16 15:54:04] No matching unread TRN found. Sleeping 300s...
[2025-12-16 15:59:04] Scan stats => checked:0 matched:0 (Unread-only)
[2025-12-16 15:59:04] No matching unread TRN found. Sleeping 300s...
[2025-12-16 16:04:04] Scan stats => checked:0 matched:0 (Unread-only)
[2025-12-16 16:04:04] No matching unread TRN found. Sleeping 300s...
[2025-12-16 16:09:04] Scan stats => checked:0 matched:0 (Unread-only)
[2025-12-16 16:09:04] No matching unread TRN found. Sleeping 300s...
[2025-12-16 16:14:04] DEBUG => UnRead=True | Sender=dccspp2@proyapimusavirlik.com | Subject=SPP2-PRO-KLN-TRN-0532
[2025-12-16 16:14:04] Scan stats => checked:1 matched:1 (Unread-only)
[2025-12-16 16:14:04] FOUND => SPP2-PRO-KLN-TRN-0532 | PDFs=1 | Date=16 Dec 2025 | is_update=False | already_seen=False
[2025-12-16 16:14:04] 👀 Displayed: SPP2-PRO-KLN-TRN-0532 | PDFs=1 (modal=False)
[2025-12-16 16:14:04] ✅ Sent after display: SPP2-PRO-KLN-TRN-0532 | PDFs=1
[2025-12-16 16:14:04] ✅ DONE => SPP2-PRO-KLN-TRN-0532 (incoming marked READ)
[2025-12-16 16:19:04] Scan stats => checked:0 matched:0 (Unread-only)
[2025-12-16 16:19:04] No matching unread TRN found. Sleeping 300s...
[2025-12-16 16:24:04] Scan stats => checked:0 matched:0 (Unread-only)
[2025-12-16 16:24:04] No matching unread TRN found. Sleeping 300s...
[2025-12-16 16:29:04] Scan stats => checked:0 matched:0 (Unread-only)
[2025-12-16 16:29:04] No matching unread TRN found. Sleeping 300s...
[2025-12-16 16:34:04] Scan stats => checked:0 matched:0 (Unread-only)
[2025-12-16 16:34:04] No matching unread TRN found. Sleeping 300s...
[2025-12-16 16:39:05] Scan stats => checked:0 matched:0 (Unread-only)
[2025-12-16 16:39:05] No matching unread TRN found. Sleeping 300s...
[2025-12-16 16:44:05] Scan stats => checked:0 matched:0 (Unread-only)
[2025-12-16 16:44:05] No matching unread TRN found. Sleeping 300s...
[2025-12-16 16:49:05] DEBUG => UnRead=True | Sender=dccspp2@proyapimusavirlik.com | Subject=SPP2-PRO-KLN-TRN-0533
[2025-12-16 16:49:05] Scan stats => checked:1 matched:1 (Unread-only)
[2025-12-16 16:49:05] FOUND => SPP2-PRO-KLN-TRN-0533 | PDFs=1 | Date=16 Dec 2025 | is_update=False | already_seen=False
[2025-12-16 16:49:05] 👀 Displayed: SPP2-PRO-KLN-TRN-0533 | PDFs=1 (modal=False)
[2025-12-16 16:49:05] ✅ Sent after display: SPP2-PRO-KLN-TRN-0533 | PDFs=1
[2025-12-16 16:49:05] ✅ DONE => SPP2-PRO-KLN-TRN-0533 (incoming marked READ)
[2025-12-16 16:54:05] Loop error: (-2147023174, 'The RPC server is unavailable.', None, None)
[2025-12-16 16:54:05] Traceback (most recent call last):
  File "C:\Users\husey\OneDrive\Desktop\Development\Work_Automation\internal_trn_distributorv1.py", line 637, in main
    payloads = scan_unread_trn_mails(folder, processed_ids)
  File "C:\Users\husey\OneDrive\Desktop\Development\Work_Automation\internal_trn_distributorv1.py", line 528, in scan_unread_trn_mails
    items = folder.Items
            ^^^^^^^^^^^^
  File "C:\Users\husey\OneDrive\Desktop\Development\Work_Automation\.venv\Lib\site-packages\win32com\client\dynamic.py", line 620, in __getattr__
    ret = self._oleobj_.Invoke(retEntry.dispid, 0, invoke_type, 1)
pywintypes.com_error: (-2147023174, 'The RPC server is unavailable.', None, None)

[2025-12-16 16:59:05] Loop error: (-2147023174, 'The RPC server is unavailable.', None, None)
[2025-12-16 16:59:05] Traceback (most recent call last):
  File "C:\Users\husey\OneDrive\Desktop\Development\Work_Automation\internal_trn_distributorv1.py", line 637, in main
    payloads = scan_unread_trn_mails(folder, processed_ids)
  File "C:\Users\husey\OneDrive\Desktop\Development\Work_Automation\internal_trn_distributorv1.py", line 528, in scan_unread_trn_mails
    items = folder.Items
            ^^^^^^^^^^^^
  File "C:\Users\husey\OneDrive\Desktop\Development\Work_Automation\.venv\Lib\site-packages\win32com\client\dynamic.py", line 620, in __getattr__
    ret = self._oleobj_.Invoke(retEntry.dispid, 0, invoke_type, 1)
pywintypes.com_error: (-2147023174, 'The RPC server is unavailable.', None, None)

[2025-12-16 17:04:28] Loop error: (-2147023174, 'The RPC server is unavailable.', None, None)
[2025-12-16 17:04:28] Traceback (most recent call last):
  File "C:\Users\husey\OneDrive\Desktop\Development\Work_Automation\internal_trn_distributorv1.py", line 637, in main
    payloads = scan_unread_trn_mails(folder, processed_ids)
  File "C:\Users\husey\OneDrive\Desktop\Development\Work_Automation\internal_trn_distributorv1.py", line 528, in scan_unread_trn_mails
    items = folder.Items
            ^^^^^^^^^^^^
  File "C:\Users\husey\OneDrive\Desktop\Development\Work_Automation\.venv\Lib\site-packages\win32com\client\dynamic.py", line 620, in __getattr__
    ret = self._oleobj_.Invoke(retEntry.dispid, 0, invoke_type, 1)
pywintypes.com_error: (-2147023174, 'The RPC server is unavailable.', None, None)

[2025-12-16 17:09:28] Loop error: (-2147023174, 'The RPC server is unavailable.', None, None)
[2025-12-16 17:09:28] Traceback (most recent call last):
  File "C:\Users\husey\OneDrive\Desktop\Development\Work_Automation\internal_trn_distributorv1.py", line 637, in main
    payloads = scan_unread_trn_mails(folder, processed_ids)
  File "C:\Users\husey\OneDrive\Desktop\Development\Work_Automation\internal_trn_distributorv1.py", line 528, in scan_unread_trn_mails
    items = folder.Items
            ^^^^^^^^^^^^
  File "C:\Users\husey\OneDrive\Desktop\Development\Work_Automation\.venv\Lib\site-packages\win32com\client\dynamic.py", line 620, in __getattr__
    ret = self._oleobj_.Invoke(retEntry.dispid, 0, invoke_type, 1)
pywintypes.com_error: (-2147023174, 'The RPC server is unavailable.', None, None)

[2025-12-16 17:14:28] Loop error: (-2147023174, 'The RPC server is unavailable.', None, None)
[2025-12-16 17:14:28] Traceback (most recent call last):
  File "C:\Users\husey\OneDrive\Desktop\Development\Work_Automation\internal_trn_distributorv1.py", line 637, in main
    payloads = scan_unread_trn_mails(folder, processed_ids)
  File "C:\Users\husey\OneDrive\Desktop\Development\Work_Automation\internal_trn_distributorv1.py", line 528, in scan_unread_trn_mails
    items = folder.Items
            ^^^^^^^^^^^^
  File "C:\Users\husey\OneDrive\Desktop\Development\Work_Automation\.venv\Lib\site-packages\win32com\client\dynamic.py", line 620, in __getattr__
    ret = self._oleobj_.Invoke(retEntry.dispid, 0, invoke_type, 1)
pywintypes.com_error: (-2147023174, 'The RPC server is unavailable.', None, None)

[2025-12-16 17:19:28] Loop error: (-2147023174, 'The RPC server is unavailable.', None, None)
[2025-12-16 17:19:28] Traceback (most recent call last):
  File "C:\Users\husey\OneDrive\Desktop\Development\Work_Automation\internal_trn_distributorv1.py", line 637, in main
    payloads = scan_unread_trn_mails(folder, processed_ids)
  File "C:\Users\husey\OneDrive\Desktop\Development\Work_Automation\internal_trn_distributorv1.py", line 528, in scan_unread_trn_mails
    items = folder.Items
            ^^^^^^^^^^^^
  File "C:\Users\husey\OneDrive\Desktop\Development\Work_Automation\.venv\Lib\site-packages\win32com\client\dynamic.py", line 620, in __getattr__
    ret = self._oleobj_.Invoke(retEntry.dispid, 0, invoke_type, 1)
pywintypes.com_error: (-2147023174, 'The RPC server is unavailable.', None, None)

[2025-12-16 17:24:28] Loop error: (-2147023174, 'The RPC server is unavailable.', None, None)
[2025-12-16 17:24:28] Traceback (most recent call last):
  File "C:\Users\husey\OneDrive\Desktop\Development\Work_Automation\internal_trn_distributorv1.py", line 637, in main
    payloads = scan_unread_trn_mails(folder, processed_ids)
  File "C:\Users\husey\OneDrive\Desktop\Development\Work_Automation\internal_trn_distributorv1.py", line 528, in scan_unread_trn_mails
    items = folder.Items
            ^^^^^^^^^^^^
  File "C:\Users\husey\OneDrive\Desktop\Development\Work_Automation\.venv\Lib\site-packages\win32com\client\dynamic.py", line 620, in __getattr__
    ret = self._oleobj_.Invoke(retEntry.dispid, 0, invoke_type, 1)
pywintypes.com_error: (-2147023174, 'The RPC server is unavailable.', None, None)

[2025-12-16 17:29:28] Loop error: (-2147023174, 'The RPC server is unavailable.', None, None)
[2025-12-16 17:29:28] Traceback (most recent call last):
  File "C:\Users\husey\OneDrive\Desktop\Development\Work_Automation\internal_trn_distributorv1.py", line 637, in main
    payloads = scan_unread_trn_mails(folder, processed_ids)
  File "C:\Users\husey\OneDrive\Desktop\Development\Work_Automation\internal_trn_distributorv1.py", line 528, in scan_unread_trn_mails
    items = folder.Items
            ^^^^^^^^^^^^
  File "C:\Users\husey\OneDrive\Desktop\Development\Work_Automation\.venv\Lib\site-packages\win32com\client\dynamic.py", line 620, in __getattr__
    ret = self._oleobj_.Invoke(retEntry.dispid, 0, invoke_type, 1)
pywintypes.com_error: (-2147023174, 'The RPC server is unavailable.', None, None)

[2025-12-16 17:34:28] Loop error: (-2147023174, 'The RPC server is unavailable.', None, None)
[2025-12-16 17:34:28] Traceback (most recent call last):
  File "C:\Users\husey\OneDrive\Desktop\Development\Work_Automation\internal_trn_distributorv1.py", line 637, in main
    payloads = scan_unread_trn_mails(folder, processed_ids)
  File "C:\Users\husey\OneDrive\Desktop\Development\Work_Automation\internal_trn_distributorv1.py", line 528, in scan_unread_trn_mails
    items = folder.Items
            ^^^^^^^^^^^^
  File "C:\Users\husey\OneDrive\Desktop\Development\Work_Automation\.venv\Lib\site-packages\win32com\client\dynamic.py", line 620, in __getattr__
    ret = self._oleobj_.Invoke(retEntry.dispid, 0, invoke_type, 1)
pywintypes.com_error: (-2147023174, 'The RPC server is unavailable.', None, None)

[2025-12-16 17:39:28] Loop error: (-2147023174, 'The RPC server is unavailable.', None, None)
[2025-12-16 17:39:28] Traceback (most recent call last):
  File "C:\Users\husey\OneDrive\Desktop\Development\Work_Automation\internal_trn_distributorv1.py", line 637, in main
    payloads = scan_unread_trn_mails(folder, processed_ids)
  File "C:\Users\husey\OneDrive\Desktop\Development\Work_Automation\internal_trn_distributorv1.py", line 528, in scan_unread_trn_mails
    items = folder.Items
            ^^^^^^^^^^^^
  File "C:\Users\husey\OneDrive\Desktop\Development\Work_Automation\.venv\Lib\site-packages\win32com\client\dynamic.py", line 620, in __getattr__
    ret = self._oleobj_.Invoke(retEntry.dispid, 0, invoke_type, 1)
pywintypes.com_error: (-2147023174, 'The RPC server is unavailable.', None, None)

[2025-12-16 17:44:28] Loop error: (-2147023174, 'The RPC server is unavailable.', None, None)
[2025-12-16 17:44:28] Traceback (most recent call last):
  File "C:\Users\husey\OneDrive\Desktop\Development\Work_Automation\internal_trn_distributorv1.py", line 637, in main
    payloads = scan_unread_trn_mails(folder, processed_ids)
  File "C:\Users\husey\OneDrive\Desktop\Development\Work_Automation\internal_trn_distributorv1.py", line 528, in scan_unread_trn_mails
    items = folder.Items
            ^^^^^^^^^^^^
  File "C:\Users\husey\OneDrive\Desktop\Development\Work_Automation\.venv\Lib\site-packages\win32com\client\dynamic.py", line 620, in __getattr__
    ret = self._oleobj_.Invoke(retEntry.dispid, 0, invoke_type, 1)
pywintypes.com_error: (-2147023174, 'The RPC server is unavailable.', None, None)

[2025-12-16 17:49:28] Loop error: (-2147023174, 'The RPC server is unavailable.', None, None)
[2025-12-16 17:49:28] Traceback (most recent call last):
  File "C:\Users\husey\OneDrive\Desktop\Development\Work_Automation\internal_trn_distributorv1.py", line 637, in main
    payloads = scan_unread_trn_mails(folder, processed_ids)
  File "C:\Users\husey\OneDrive\Desktop\Development\Work_Automation\internal_trn_distributorv1.py", line 528, in scan_unread_trn_mails
    items = folder.Items
            ^^^^^^^^^^^^
  File "C:\Users\husey\OneDrive\Desktop\Development\Work_Automation\.venv\Lib\site-packages\win32com\client\dynamic.py", line 620, in __getattr__
    ret = self._oleobj_.Invoke(retEntry.dispid, 0, invoke_type, 1)
pywintypes.com_error: (-2147023174, 'The RPC server is unavailable.', None, None)

[2025-12-16 17:54:28] Loop error: (-2147023174, 'The RPC server is unavailable.', None, None)
[2025-12-16 17:54:28] Traceback (most recent call last):
  File "C:\Users\husey\OneDrive\Desktop\Development\Work_Automation\internal_trn_distributorv1.py", line 637, in main
    payloads = scan_unread_trn_mails(folder, processed_ids)
  File "C:\Users\husey\OneDrive\Desktop\Development\Work_Automation\internal_trn_distributorv1.py", line 528, in scan_unread_trn_mails
    items = folder.Items
            ^^^^^^^^^^^^
  File "C:\Users\husey\OneDrive\Desktop\Development\Work_Automation\.venv\Lib\site-packages\win32com\client\dynamic.py", line 620, in __getattr__
    ret = self._oleobj_.Invoke(retEntry.dispid, 0, invoke_type, 1)
pywintypes.com_error: (-2147023174, 'The RPC server is unavailable.', None, None)

[2025-12-16 17:59:28] Loop error: (-2147023174, 'The RPC server is unavailable.', None, None)
[2025-12-16 17:59:28] Traceback (most recent call last):
  File "C:\Users\husey\OneDrive\Desktop\Development\Work_Automation\internal_trn_distributorv1.py", line 637, in main
    payloads = scan_unread_trn_mails(folder, processed_ids)
  File "C:\Users\husey\OneDrive\Desktop\Development\Work_Automation\internal_trn_distributorv1.py", line 528, in scan_unread_trn_mails
    items = folder.Items
            ^^^^^^^^^^^^
  File "C:\Users\husey\OneDrive\Desktop\Development\Work_Automation\.venv\Lib\site-packages\win32com\client\dynamic.py", line 620, in __getattr__
    ret = self._oleobj_.Invoke(retEntry.dispid, 0, invoke_type, 1)
pywintypes.com_error: (-2147023174, 'The RPC server is unavailable.', None, None)

[2025-12-16 18:04:28] Loop error: (-2147023174, 'The RPC server is unavailable.', None, None)
[2025-12-16 18:04:28] Traceback (most recent call last):
  File "C:\Users\husey\OneDrive\Desktop\Development\Work_Automation\internal_trn_distributorv1.py", line 637, in main
    payloads = scan_unread_trn_mails(folder, processed_ids)
  File "C:\Users\husey\OneDrive\Desktop\Development\Work_Automation\internal_trn_distributorv1.py", line 528, in scan_unread_trn_mails
    items = folder.Items
            ^^^^^^^^^^^^
  File "C:\Users\husey\OneDrive\Desktop\Development\Work_Automation\.venv\Lib\site-packages\win32com\client\dynamic.py", line 620, in __getattr__
    ret = self._oleobj_.Invoke(retEntry.dispid, 0, invoke_type, 1)
pywintypes.com_error: (-2147023174, 'The RPC server is unavailable.', None, None)

[2025-12-16 18:09:28] Loop error: (-2147023174, 'The RPC server is unavailable.', None, None)
[2025-12-16 18:09:28] Traceback (most recent call last):
  File "C:\Users\husey\OneDrive\Desktop\Development\Work_Automation\internal_trn_distributorv1.py", line 637, in main
    payloads = scan_unread_trn_mails(folder, processed_ids)
  File "C:\Users\husey\OneDrive\Desktop\Development\Work_Automation\internal_trn_distributorv1.py", line 528, in scan_unread_trn_mails
    items = folder.Items
            ^^^^^^^^^^^^
  File "C:\Users\husey\OneDrive\Desktop\Development\Work_Automation\.venv\Lib\site-packages\win32com\client\dynamic.py", line 620, in __getattr__
    ret = self._oleobj_.Invoke(retEntry.dispid, 0, invoke_type, 1)
pywintypes.com_error: (-2147023174, 'The RPC server is unavailable.', None, None)

[2025-12-16 18:14:28] Loop error: (-2147023174, 'The RPC server is unavailable.', None, None)
[2025-12-16 18:14:28] Traceback (most recent call last):
  File "C:\Users\husey\OneDrive\Desktop\Development\Work_Automation\internal_trn_distributorv1.py", line 637, in main
    payloads = scan_unread_trn_mails(folder, processed_ids)
  File "C:\Users\husey\OneDrive\Desktop\Development\Work_Automation\internal_trn_distributorv1.py", line 528, in scan_unread_trn_mails
    items = folder.Items
            ^^^^^^^^^^^^
  File "C:\Users\husey\OneDrive\Desktop\Development\Work_Automation\.venv\Lib\site-packages\win32com\client\dynamic.py", line 620, in __getattr__
    ret = self._oleobj_.Invoke(retEntry.dispid, 0, invoke_type, 1)
pywintypes.com_error: (-2147023174, 'The RPC server is unavailable.', None, None)

[2025-12-16 21:03:05] Loop error: (-2147023174, 'The RPC server is unavailable.', None, None)
[2025-12-16 21:03:05] Traceback (most recent call last):
  File "C:\Users\husey\OneDrive\Desktop\Development\Work_Automation\internal_trn_distributorv1.py", line 637, in main
    payloads = scan_unread_trn_mails(folder, processed_ids)
  File "C:\Users\husey\OneDrive\Desktop\Development\Work_Automation\internal_trn_distributorv1.py", line 528, in scan_unread_trn_mails
    items = folder.Items
            ^^^^^^^^^^^^
  File "C:\Users\husey\OneDrive\Desktop\Development\Work_Automation\.venv\Lib\site-packages\win32com\client\dynamic.py", line 620, in __getattr__
    ret = self._oleobj_.Invoke(retEntry.dispid, 0, invoke_type, 1)
pywintypes.com_error: (-2147023174, 'The RPC server is unavailable.', None, None)

[2025-12-16 21:05:18] === Proyapi TRN Internal Distributor started ===
[2025-12-16 21:05:18] Watching: spp2dcc@kolin.com.tr / Inbox\From Proyapi
[2025-12-16 21:05:18] Sender filter: dccspp2@proyapimusavirlik.com
[2025-12-16 21:05:18] Mode: display | Poll: 300s | Lookback: 7d | MaxScan:200
[2025-12-16 21:05:18] Signature mode: oft | OFT exists: True | Display modal: False
[2025-12-16 21:05:18] Filter: ONLY UNREAD mails. Processed mail will be marked READ.
[2025-12-16 21:05:18] Scan stats => checked:0 matched:0 (Unread-only)
[2025-12-16 21:05:18] No matching unread TRN found. Sleeping 300s...
[2025-12-16 21:08:05] Loop error: (-2147023174, 'The RPC server is unavailable.', None, None)
[2025-12-16 21:08:05] Traceback (most recent call last):
  File "C:\Users\husey\OneDrive\Desktop\Development\Work_Automation\internal_trn_distributorv1.py", line 637, in main
    payloads = scan_unread_trn_mails(folder, processed_ids)
  File "C:\Users\husey\OneDrive\Desktop\Development\Work_Automation\internal_trn_distributorv1.py", line 528, in scan_unread_trn_mails
    items = folder.Items
            ^^^^^^^^^^^^
  File "C:\Users\husey\OneDrive\Desktop\Development\Work_Automation\.venv\Lib\site-packages\win32com\client\dynamic.py", line 620, in __getattr__
    ret = self._oleobj_.Invoke(retEntry.dispid, 0, invoke_type, 1)
pywintypes.com_error: (-2147023174, 'The RPC server is unavailable.', None, None)

[2025-12-16 21:13:05] Loop error: (-2147023174, 'The RPC server is unavailable.', None, None)
[2025-12-16 21:13:05] Traceback (most recent call last):
  File "C:\Users\husey\OneDrive\Desktop\Development\Work_Automation\internal_trn_distributorv1.py", line 637, in main
    payloads = scan_unread_trn_mails(folder, processed_ids)
  File "C:\Users\husey\OneDrive\Desktop\Development\Work_Automation\internal_trn_distributorv1.py", line 528, in scan_unread_trn_mails
    items = folder.Items
            ^^^^^^^^^^^^
  File "C:\Users\husey\OneDrive\Desktop\Development\Work_Automation\.venv\Lib\site-packages\win32com\client\dynamic.py", line 620, in __getattr__
    ret = self._oleobj_.Invoke(retEntry.dispid, 0, invoke_type, 1)
pywintypes.com_error: (-2147023174, 'The RPC server is unavailable.', None, None)

[2025-12-16 22:52:10] Loop error: (-2147023174, 'The RPC server is unavailable.', None, None)
[2025-12-16 22:52:10] Traceback (most recent call last):
  File "C:\Users\husey\OneDrive\Desktop\Development\Work_Automation\internal_trn_distributorv1.py", line 637, in main
    payloads = scan_unread_trn_mails(folder, processed_ids)
  File "C:\Users\husey\OneDrive\Desktop\Development\Work_Automation\internal_trn_distributorv1.py", line 528, in scan_unread_trn_mails
    items = folder.Items
            ^^^^^^^^^^^^
  File "C:\Users\husey\OneDrive\Desktop\Development\Work_Automation\.venv\Lib\site-packages\win32com\client\dynamic.py", line 620, in __getattr__
    ret = self._oleobj_.Invoke(retEntry.dispid, 0, invoke_type, 1)
pywintypes.com_error: (-2147023174, 'The RPC server is unavailable.', None, None)

[2025-12-16 22:57:10] Loop error: (-2147023174, 'The RPC server is unavailable.', None, None)
[2025-12-16 22:57:10] Traceback (most recent call last):
  File "C:\Users\husey\OneDrive\Desktop\Development\Work_Automation\internal_trn_distributorv1.py", line 637, in main
    payloads = scan_unread_trn_mails(folder, processed_ids)
  File "C:\Users\husey\OneDrive\Desktop\Development\Work_Automation\internal_trn_distributorv1.py", line 528, in scan_unread_trn_mails
    items = folder.Items
            ^^^^^^^^^^^^
  File "C:\Users\husey\OneDrive\Desktop\Development\Work_Automation\.venv\Lib\site-packages\win32com\client\dynamic.py", line 620, in __getattr__
    ret = self._oleobj_.Invoke(retEntry.dispid, 0, invoke_type, 1)
pywintypes.com_error: (-2147023174, 'The RPC server is unavailable.', None, None)

[2025-12-16 23:02:10] Loop error: (-2147023174, 'The RPC server is unavailable.', None, None)
[2025-12-16 23:02:10] Traceback (most recent call last):
  File "C:\Users\husey\OneDrive\Desktop\Development\Work_Automation\internal_trn_distributorv1.py", line 637, in main
    payloads = scan_unread_trn_mails(folder, processed_ids)
  File "C:\Users\husey\OneDrive\Desktop\Development\Work_Automation\internal_trn_distributorv1.py", line 528, in scan_unread_trn_mails
    items = folder.Items
            ^^^^^^^^^^^^
  File "C:\Users\husey\OneDrive\Desktop\Development\Work_Automation\.venv\Lib\site-packages\win32com\client\dynamic.py", line 620, in __getattr__
    ret = self._oleobj_.Invoke(retEntry.dispid, 0, invoke_type, 1)
pywintypes.com_error: (-2147023174, 'The RPC server is unavailable.', None, None)

[2025-12-17 00:03:01] Loop error: (-2147023174, 'The RPC server is unavailable.', None, None)
[2025-12-17 00:03:01] Traceback (most recent call last):
  File "C:\Users\husey\OneDrive\Desktop\Development\Work_Automation\internal_trn_distributorv1.py", line 637, in main
    payloads = scan_unread_trn_mails(folder, processed_ids)
  File "C:\Users\husey\OneDrive\Desktop\Development\Work_Automation\internal_trn_distributorv1.py", line 528, in scan_unread_trn_mails
    items = folder.Items
            ^^^^^^^^^^^^
  File "C:\Users\husey\OneDrive\Desktop\Development\Work_Automation\.venv\Lib\site-packages\win32com\client\dynamic.py", line 620, in __getattr__
    ret = self._oleobj_.Invoke(retEntry.dispid, 0, invoke_type, 1)
pywintypes.com_error: (-2147023174, 'The RPC server is unavailable.', None, None)

[2025-12-17 00:44:04] Loop error: (-2147023174, 'The RPC server is unavailable.', None, None)
[2025-12-17 00:44:04] Traceback (most recent call last):
  File "C:\Users\husey\OneDrive\Desktop\Development\Work_Automation\internal_trn_distributorv1.py", line 637, in main
    payloads = scan_unread_trn_mails(folder, processed_ids)
  File "C:\Users\husey\OneDrive\Desktop\Development\Work_Automation\internal_trn_distributorv1.py", line 528, in scan_unread_trn_mails
    items = folder.Items
            ^^^^^^^^^^^^
  File "C:\Users\husey\OneDrive\Desktop\Development\Work_Automation\.venv\Lib\site-packages\win32com\client\dynamic.py", line 620, in __getattr__
    ret = self._oleobj_.Invoke(retEntry.dispid, 0, invoke_type, 1)
pywintypes.com_error: (-2147023174, 'The RPC server is unavailable.', None, None)

[2025-12-17 03:17:44] Loop error: (-2147023174, 'The RPC server is unavailable.', None, None)
[2025-12-17 03:17:44] Traceback (most recent call last):
  File "C:\Users\husey\OneDrive\Desktop\Development\Work_Automation\internal_trn_distributorv1.py", line 637, in main
    payloads = scan_unread_trn_mails(folder, processed_ids)
  File "C:\Users\husey\OneDrive\Desktop\Development\Work_Automation\internal_trn_distributorv1.py", line 528, in scan_unread_trn_mails
    items = folder.Items
            ^^^^^^^^^^^^
  File "C:\Users\husey\OneDrive\Desktop\Development\Work_Automation\.venv\Lib\site-packages\win32com\client\dynamic.py", line 620, in __getattr__
    ret = self._oleobj_.Invoke(retEntry.dispid, 0, invoke_type, 1)
pywintypes.com_error: (-2147023174, 'The RPC server is unavailable.', None, None)

[2025-12-17 07:22:16] Loop error: (-2147023174, 'The RPC server is unavailable.', None, None)
[2025-12-17 07:22:16] Traceback (most recent call last):
  File "C:\Users\husey\OneDrive\Desktop\Development\Work_Automation\internal_trn_distributorv1.py", line 637, in main
    payloads = scan_unread_trn_mails(folder, processed_ids)
  File "C:\Users\husey\OneDrive\Desktop\Development\Work_Automation\internal_trn_distributorv1.py", line 528, in scan_unread_trn_mails
    items = folder.Items
            ^^^^^^^^^^^^
  File "C:\Users\husey\OneDrive\Desktop\Development\Work_Automation\.venv\Lib\site-packages\win32com\client\dynamic.py", line 620, in __getattr__
    ret = self._oleobj_.Invoke(retEntry.dispid, 0, invoke_type, 1)
pywintypes.com_error: (-2147023174, 'The RPC server is unavailable.', None, None)

[2025-12-17 07:27:16] Loop error: (-2147023174, 'The RPC server is unavailable.', None, None)
[2025-12-17 07:27:16] Traceback (most recent call last):
  File "C:\Users\husey\OneDrive\Desktop\Development\Work_Automation\internal_trn_distributorv1.py", line 637, in main
    payloads = scan_unread_trn_mails(folder, processed_ids)
  File "C:\Users\husey\OneDrive\Desktop\Development\Work_Automation\internal_trn_distributorv1.py", line 528, in scan_unread_trn_mails
    items = folder.Items
            ^^^^^^^^^^^^
  File "C:\Users\husey\OneDrive\Desktop\Development\Work_Automation\.venv\Lib\site-packages\win32com\client\dynamic.py", line 620, in __getattr__
    ret = self._oleobj_.Invoke(retEntry.dispid, 0, invoke_type, 1)
pywintypes.com_error: (-2147023174, 'The RPC server is unavailable.', None, None)

[2025-12-17 08:35:32] Loop error: (-2147023174, 'The RPC server is unavailable.', None, None)
[2025-12-17 08:35:32] Traceback (most recent call last):
  File "C:\Users\husey\OneDrive\Desktop\Development\Work_Automation\internal_trn_distributorv1.py", line 637, in main
    payloads = scan_unread_trn_mails(folder, processed_ids)
  File "C:\Users\husey\OneDrive\Desktop\Development\Work_Automation\internal_trn_distributorv1.py", line 528, in scan_unread_trn_mails
    items = folder.Items
            ^^^^^^^^^^^^
  File "C:\Users\husey\OneDrive\Desktop\Development\Work_Automation\.venv\Lib\site-packages\win32com\client\dynamic.py", line 620, in __getattr__
    ret = self._oleobj_.Invoke(retEntry.dispid, 0, invoke_type, 1)
pywintypes.com_error: (-2147023174, 'The RPC server is unavailable.', None, None)

[2025-12-17 08:40:32] Loop error: (-2147023174, 'The RPC server is unavailable.', None, None)
[2025-12-17 08:40:32] Traceback (most recent call last):
  File "C:\Users\husey\OneDrive\Desktop\Development\Work_Automation\internal_trn_distributorv1.py", line 637, in main
    payloads = scan_unread_trn_mails(folder, processed_ids)
  File "C:\Users\husey\OneDrive\Desktop\Development\Work_Automation\internal_trn_distributorv1.py", line 528, in scan_unread_trn_mails
    items = folder.Items
            ^^^^^^^^^^^^
  File "C:\Users\husey\OneDrive\Desktop\Development\Work_Automation\.venv\Lib\site-packages\win32com\client\dynamic.py", line 620, in __getattr__
    ret = self._oleobj_.Invoke(retEntry.dispid, 0, invoke_type, 1)
pywintypes.com_error: (-2147023174, 'The RPC server is unavailable.', None, None)

[2025-12-17 08:46:47] Loop error: (-2147023174, 'The RPC server is unavailable.', None, None)
[2025-12-17 08:46:47] Traceback (most recent call last):
  File "C:\Users\husey\OneDrive\Desktop\Development\Work_Automation\internal_trn_distributorv1.py", line 637, in main
    payloads = scan_unread_trn_mails(folder, processed_ids)
  File "C:\Users\husey\OneDrive\Desktop\Development\Work_Automation\internal_trn_distributorv1.py", line 528, in scan_unread_trn_mails
    items = folder.Items
            ^^^^^^^^^^^^
  File "C:\Users\husey\OneDrive\Desktop\Development\Work_Automation\.venv\Lib\site-packages\win32com\client\dynamic.py", line 620, in __getattr__
    ret = self._oleobj_.Invoke(retEntry.dispid, 0, invoke_type, 1)
pywintypes.com_error: (-2147023174, 'The RPC server is unavailable.', None, None)

[2025-12-17 08:51:47] Loop error: (-2147023174, 'The RPC server is unavailable.', None, None)
[2025-12-17 08:51:47] Traceback (most recent call last):
  File "C:\Users\husey\OneDrive\Desktop\Development\Work_Automation\internal_trn_distributorv1.py", line 637, in main
    payloads = scan_unread_trn_mails(folder, processed_ids)
  File "C:\Users\husey\OneDrive\Desktop\Development\Work_Automation\internal_trn_distributorv1.py", line 528, in scan_unread_trn_mails
    items = folder.Items
            ^^^^^^^^^^^^
  File "C:\Users\husey\OneDrive\Desktop\Development\Work_Automation\.venv\Lib\site-packages\win32com\client\dynamic.py", line 620, in __getattr__
    ret = self._oleobj_.Invoke(retEntry.dispid, 0, invoke_type, 1)
pywintypes.com_error: (-2147023174, 'The RPC server is unavailable.', None, None)

[2025-12-17 08:56:47] Loop error: (-2147023174, 'The RPC server is unavailable.', None, None)
[2025-12-17 08:56:47] Traceback (most recent call last):
  File "C:\Users\husey\OneDrive\Desktop\Development\Work_Automation\internal_trn_distributorv1.py", line 637, in main
    payloads = scan_unread_trn_mails(folder, processed_ids)
  File "C:\Users\husey\OneDrive\Desktop\Development\Work_Automation\internal_trn_distributorv1.py", line 528, in scan_unread_trn_mails
    items = folder.Items
            ^^^^^^^^^^^^
  File "C:\Users\husey\OneDrive\Desktop\Development\Work_Automation\.venv\Lib\site-packages\win32com\client\dynamic.py", line 620, in __getattr__
    ret = self._oleobj_.Invoke(retEntry.dispid, 0, invoke_type, 1)
pywintypes.com_error: (-2147023174, 'The RPC server is unavailable.', None, None)

[2025-12-17 09:01:47] Loop error: (-2147023174, 'The RPC server is unavailable.', None, None)
[2025-12-17 09:01:47] Traceback (most recent call last):
  File "C:\Users\husey\OneDrive\Desktop\Development\Work_Automation\internal_trn_distributorv1.py", line 637, in main
    payloads = scan_unread_trn_mails(folder, processed_ids)
  File "C:\Users\husey\OneDrive\Desktop\Development\Work_Automation\internal_trn_distributorv1.py", line 528, in scan_unread_trn_mails
    items = folder.Items
            ^^^^^^^^^^^^
  File "C:\Users\husey\OneDrive\Desktop\Development\Work_Automation\.venv\Lib\site-packages\win32com\client\dynamic.py", line 620, in __getattr__
    ret = self._oleobj_.Invoke(retEntry.dispid, 0, invoke_type, 1)
pywintypes.com_error: (-2147023174, 'The RPC server is unavailable.', None, None)

[2025-12-17 09:06:47] Loop error: (-2147023174, 'The RPC server is unavailable.', None, None)
[2025-12-17 09:06:47] Traceback (most recent call last):
  File "C:\Users\husey\OneDrive\Desktop\Development\Work_Automation\internal_trn_distributorv1.py", line 637, in main
    payloads = scan_unread_trn_mails(folder, processed_ids)
  File "C:\Users\husey\OneDrive\Desktop\Development\Work_Automation\internal_trn_distributorv1.py", line 528, in scan_unread_trn_mails
    items = folder.Items
            ^^^^^^^^^^^^
  File "C:\Users\husey\OneDrive\Desktop\Development\Work_Automation\.venv\Lib\site-packages\win32com\client\dynamic.py", line 620, in __getattr__
    ret = self._oleobj_.Invoke(retEntry.dispid, 0, invoke_type, 1)
pywintypes.com_error: (-2147023174, 'The RPC server is unavailable.', None, None)

[2025-12-17 09:11:47] Loop error: (-2147023174, 'The RPC server is unavailable.', None, None)
[2025-12-17 09:11:47] Traceback (most recent call last):
  File "C:\Users\husey\OneDrive\Desktop\Development\Work_Automation\internal_trn_distributorv1.py", line 637, in main
    payloads = scan_unread_trn_mails(folder, processed_ids)
  File "C:\Users\husey\OneDrive\Desktop\Development\Work_Automation\internal_trn_distributorv1.py", line 528, in scan_unread_trn_mails
    items = folder.Items
            ^^^^^^^^^^^^
  File "C:\Users\husey\OneDrive\Desktop\Development\Work_Automation\.venv\Lib\site-packages\win32com\client\dynamic.py", line 620, in __getattr__
    ret = self._oleobj_.Invoke(retEntry.dispid, 0, invoke_type, 1)
pywintypes.com_error: (-2147023174, 'The RPC server is unavailable.', None, None)

[2025-12-17 09:16:47] Loop error: (-2147023174, 'The RPC server is unavailable.', None, None)
[2025-12-17 09:16:47] Traceback (most recent call last):
  File "C:\Users\husey\OneDrive\Desktop\Development\Work_Automation\internal_trn_distributorv1.py", line 637, in main
    payloads = scan_unread_trn_mails(folder, processed_ids)
  File "C:\Users\husey\OneDrive\Desktop\Development\Work_Automation\internal_trn_distributorv1.py", line 528, in scan_unread_trn_mails
    items = folder.Items
            ^^^^^^^^^^^^
  File "C:\Users\husey\OneDrive\Desktop\Development\Work_Automation\.venv\Lib\site-packages\win32com\client\dynamic.py", line 620, in __getattr__
    ret = self._oleobj_.Invoke(retEntry.dispid, 0, invoke_type, 1)
pywintypes.com_error: (-2147023174, 'The RPC server is unavailable.', None, None)

[2025-12-17 09:21:47] Loop error: (-2147023174, 'The RPC server is unavailable.', None, None)
[2025-12-17 09:21:47] Traceback (most recent call last):
  File "C:\Users\husey\OneDrive\Desktop\Development\Work_Automation\internal_trn_distributorv1.py", line 637, in main
    payloads = scan_unread_trn_mails(folder, processed_ids)
  File "C:\Users\husey\OneDrive\Desktop\Development\Work_Automation\internal_trn_distributorv1.py", line 528, in scan_unread_trn_mails
    items = folder.Items
            ^^^^^^^^^^^^
  File "C:\Users\husey\OneDrive\Desktop\Development\Work_Automation\.venv\Lib\site-packages\win32com\client\dynamic.py", line 620, in __getattr__
    ret = self._oleobj_.Invoke(retEntry.dispid, 0, invoke_type, 1)
pywintypes.com_error: (-2147023174, 'The RPC server is unavailable.', None, None)

[2025-12-17 09:26:47] Loop error: (-2147023174, 'The RPC server is unavailable.', None, None)
[2025-12-17 09:26:47] Traceback (most recent call last):
  File "C:\Users\husey\OneDrive\Desktop\Development\Work_Automation\internal_trn_distributorv1.py", line 637, in main
    payloads = scan_unread_trn_mails(folder, processed_ids)
  File "C:\Users\husey\OneDrive\Desktop\Development\Work_Automation\internal_trn_distributorv1.py", line 528, in scan_unread_trn_mails
    items = folder.Items
            ^^^^^^^^^^^^
  File "C:\Users\husey\OneDrive\Desktop\Development\Work_Automation\.venv\Lib\site-packages\win32com\client\dynamic.py", line 620, in __getattr__
    ret = self._oleobj_.Invoke(retEntry.dispid, 0, invoke_type, 1)
pywintypes.com_error: (-2147023174, 'The RPC server is unavailable.', None, None)

[2025-12-17 09:31:47] Loop error: (-2147023174, 'The RPC server is unavailable.', None, None)
[2025-12-17 09:31:47] Traceback (most recent call last):
  File "C:\Users\husey\OneDrive\Desktop\Development\Work_Automation\internal_trn_distributorv1.py", line 637, in main
    payloads = scan_unread_trn_mails(folder, processed_ids)
  File "C:\Users\husey\OneDrive\Desktop\Development\Work_Automation\internal_trn_distributorv1.py", line 528, in scan_unread_trn_mails
    items = folder.Items
            ^^^^^^^^^^^^
  File "C:\Users\husey\OneDrive\Desktop\Development\Work_Automation\.venv\Lib\site-packages\win32com\client\dynamic.py", line 620, in __getattr__
    ret = self._oleobj_.Invoke(retEntry.dispid, 0, invoke_type, 1)
pywintypes.com_error: (-2147023174, 'The RPC server is unavailable.', None, None)

[2025-12-17 09:36:47] Loop error: (-2147023174, 'The RPC server is unavailable.', None, None)
[2025-12-17 09:36:47] Traceback (most recent call last):
  File "C:\Users\husey\OneDrive\Desktop\Development\Work_Automation\internal_trn_distributorv1.py", line 637, in main
    payloads = scan_unread_trn_mails(folder, processed_ids)
  File "C:\Users\husey\OneDrive\Desktop\Development\Work_Automation\internal_trn_distributorv1.py", line 528, in scan_unread_trn_mails
    items = folder.Items
            ^^^^^^^^^^^^
  File "C:\Users\husey\OneDrive\Desktop\Development\Work_Automation\.venv\Lib\site-packages\win32com\client\dynamic.py", line 620, in __getattr__
    ret = self._oleobj_.Invoke(retEntry.dispid, 0, invoke_type, 1)
pywintypes.com_error: (-2147023174, 'The RPC server is unavailable.', None, None)

[2025-12-17 09:41:47] Loop error: (-2147023174, 'The RPC server is unavailable.', None, None)
[2025-12-17 09:41:47] Traceback (most recent call last):
  File "C:\Users\husey\OneDrive\Desktop\Development\Work_Automation\internal_trn_distributorv1.py", line 637, in main
    payloads = scan_unread_trn_mails(folder, processed_ids)
  File "C:\Users\husey\OneDrive\Desktop\Development\Work_Automation\internal_trn_distributorv1.py", line 528, in scan_unread_trn_mails
    items = folder.Items
            ^^^^^^^^^^^^
  File "C:\Users\husey\OneDrive\Desktop\Development\Work_Automation\.venv\Lib\site-packages\win32com\client\dynamic.py", line 620, in __getattr__
    ret = self._oleobj_.Invoke(retEntry.dispid, 0, invoke_type, 1)
pywintypes.com_error: (-2147023174, 'The RPC server is unavailable.', None, None)

[2025-12-17 09:46:50] === Proyapi TRN Internal Distributor started (v2.1) ===
[2025-12-17 09:46:50] Watching: spp2dcc@kolin.com.tr / Inbox\From Proyapi
[2025-12-17 09:46:50] Sender filter: dccspp2@proyapimusavirlik.com
[2025-12-17 09:46:50] Mode: display | Poll: 300s | Lookback: 7d | MaxScan:200
[2025-12-17 09:46:50] Signature mode: oft | OFT exists: True | Display modal: False | AutoSendAfterDisplay: True
[2025-12-17 09:46:50] Filter: ONLY UNREAD mails. Processed mail will be marked READ.
[2025-12-17 09:46:50] Scan stats => checked:0 matched:0 (Unread-only)
[2025-12-17 09:46:50] No matching unread TRN found. Sleeping 300s...
[2025-12-17 09:48:42] === Proyapi TRN Internal Distributor started (v2.1) ===
[2025-12-17 09:48:42] Watching: spp2dcc@kolin.com.tr / Inbox\From Proyapi
[2025-12-17 09:48:42] Sender filter: dccspp2@proyapimusavirlik.com
[2025-12-17 09:48:42] Mode: display | Poll: 300s | Lookback: 7d | MaxScan:200
[2025-12-17 09:48:42] Signature mode: oft | OFT exists: True | Display modal: False | AutoSendAfterDisplay: True
[2025-12-17 09:48:42] Filter: ONLY UNREAD mails. Processed mail will be marked READ.
[2025-12-17 09:48:42] Scan stats => checked:0 matched:0 (Unread-only)
[2025-12-17 09:48:42] No matching unread TRN found. Sleeping 300s...
[2025-12-17 09:53:43] Scan stats => checked:0 matched:0 (Unread-only)
[2025-12-17 09:53:44] No matching unread TRN found. Sleeping 300s...
[2025-12-17 09:58:44] Scan stats => checked:0 matched:0 (Unread-only)
[2025-12-17 09:58:44] No matching unread TRN found. Sleeping 300s...
[2025-12-17 10:03:44] Scan stats => checked:0 matched:0 (Unread-only)
[2025-12-17 10:03:44] No matching unread TRN found. Sleeping 300s...
[2025-12-17 10:08:44] Scan stats => checked:0 matched:0 (Unread-only)
[2025-12-17 10:08:44] No matching unread TRN found. Sleeping 300s...
[2025-12-17 10:13:44] Scan stats => checked:0 matched:0 (Unread-only)
[2025-12-17 10:13:44] No matching unread TRN found. Sleeping 300s...
[2025-12-17 10:18:44] Scan stats => checked:0 matched:0 (Unread-only)
[2025-12-17 10:18:44] No matching unread TRN found. Sleeping 300s...
[2025-12-17 10:23:44] Loop error: (-2147023174, 'The RPC server is unavailable.', None, None)
[2025-12-17 10:23:44] Traceback (most recent call last):
  File "C:\Users\husey\OneDrive\Desktop\Development\Work_Automation\internal_trn_distributor.py", line 637, in main
    payloads = scan_unread_trn_mails(folder, processed_ids)
  File "C:\Users\husey\OneDrive\Desktop\Development\Work_Automation\internal_trn_distributor.py", line 528, in scan_unread_trn_mails
    items = folder.Items
            ^^^^^^^^^^^^
  File "C:\Users\husey\AppData\Local\Programs\Python\Python314\Lib\site-packages\win32com\client\dynamic.py", line 620, in __getattr__
    ret = self._oleobj_.Invoke(retEntry.dispid, 0, invoke_type, 1)
pywintypes.com_error: (-2147023174, 'The RPC server is unavailable.', None, None)

[2025-12-17 10:28:44] Loop error: (-2147023174, 'The RPC server is unavailable.', None, None)
[2025-12-17 10:28:44] Traceback (most recent call last):
  File "C:\Users\husey\OneDrive\Desktop\Development\Work_Automation\internal_trn_distributor.py", line 637, in main
    payloads = scan_unread_trn_mails(folder, processed_ids)
  File "C:\Users\husey\OneDrive\Desktop\Development\Work_Automation\internal_trn_distributor.py", line 528, in scan_unread_trn_mails
    items = folder.Items
            ^^^^^^^^^^^^
  File "C:\Users\husey\AppData\Local\Programs\Python\Python314\Lib\site-packages\win32com\client\dynamic.py", line 620, in __getattr__
    ret = self._oleobj_.Invoke(retEntry.dispid, 0, invoke_type, 1)
pywintypes.com_error: (-2147023174, 'The RPC server is unavailable.', None, None)

[2025-12-17 10:33:44] Loop error: (-2147023174, 'The RPC server is unavailable.', None, None)
[2025-12-17 10:33:44] Traceback (most recent call last):
  File "C:\Users\husey\OneDrive\Desktop\Development\Work_Automation\internal_trn_distributor.py", line 637, in main
    payloads = scan_unread_trn_mails(folder, processed_ids)
  File "C:\Users\husey\OneDrive\Desktop\Development\Work_Automation\internal_trn_distributor.py", line 528, in scan_unread_trn_mails
    items = folder.Items
            ^^^^^^^^^^^^
  File "C:\Users\husey\AppData\Local\Programs\Python\Python314\Lib\site-packages\win32com\client\dynamic.py", line 620, in __getattr__
    ret = self._oleobj_.Invoke(retEntry.dispid, 0, invoke_type, 1)
pywintypes.com_error: (-2147023174, 'The RPC server is unavailable.', None, None)

[2025-12-17 10:38:44] Loop error: (-2147023174, 'The RPC server is unavailable.', None, None)
[2025-12-17 10:38:44] Traceback (most recent call last):
  File "C:\Users\husey\OneDrive\Desktop\Development\Work_Automation\internal_trn_distributor.py", line 637, in main
    payloads = scan_unread_trn_mails(folder, processed_ids)
  File "C:\Users\husey\OneDrive\Desktop\Development\Work_Automation\internal_trn_distributor.py", line 528, in scan_unread_trn_mails
    items = folder.Items
            ^^^^^^^^^^^^
  File "C:\Users\husey\AppData\Local\Programs\Python\Python314\Lib\site-packages\win32com\client\dynamic.py", line 620, in __getattr__
    ret = self._oleobj_.Invoke(retEntry.dispid, 0, invoke_type, 1)
pywintypes.com_error: (-2147023174, 'The RPC server is unavailable.', None, None)

[2025-12-17 10:43:44] Loop error: (-2147023174, 'The RPC server is unavailable.', None, None)
[2025-12-17 10:43:44] Traceback (most recent call last):
  File "C:\Users\husey\OneDrive\Desktop\Development\Work_Automation\internal_trn_distributor.py", line 637, in main
    payloads = scan_unread_trn_mails(folder, processed_ids)
  File "C:\Users\husey\OneDrive\Desktop\Development\Work_Automation\internal_trn_distributor.py", line 528, in scan_unread_trn_mails
    items = folder.Items
            ^^^^^^^^^^^^
  File "C:\Users\husey\AppData\Local\Programs\Python\Python314\Lib\site-packages\win32com\client\dynamic.py", line 620, in __getattr__
    ret = self._oleobj_.Invoke(retEntry.dispid, 0, invoke_type, 1)
pywintypes.com_error: (-2147023174, 'The RPC server is unavailable.', None, None)

[2025-12-17 10:47:09] === Proyapi TRN Internal Distributor started (v2.1) ===
[2025-12-17 10:47:10] Watching: spp2dcc@kolin.com.tr / Inbox\From Proyapi
[2025-12-17 10:47:10] Sender filter: dccspp2@proyapimusavirlik.com
[2025-12-17 10:47:10] Mode: display | Poll: 300s | Lookback: 7d | MaxScan:200
[2025-12-17 10:47:10] Signature mode: oft | OFT exists: True | Display modal: False | AutoSendAfterDisplay: True
[2025-12-17 10:47:10] Filter: ONLY UNREAD mails. Processed mail will be marked READ.
[2025-12-17 10:47:10] DEBUG => UnRead=True | Sender=dccspp2@proyapimusavirlik.com | Subject=SPP2-PRO-KLN-TRN-0534
[2025-12-17 10:47:10] Scan stats => checked:1 matched:1 (Unread-only)
[2025-12-17 10:47:10] FOUND => SPP2-PRO-KLN-TRN-0534 | PDFs=1 | Date=17 Dec 2025 | is_update=False | already_seen=False
[2025-12-17 10:47:11] 👀 Displayed: SPP2-PRO-KLN-TRN-0534 | PDFs=1 (modal=False)
[2025-12-17 10:47:11] ✅ Sent after display: SPP2-PRO-KLN-TRN-0534 | PDFs=1
[2025-12-17 10:47:11] ✅ DONE => SPP2-PRO-KLN-TRN-0534 (incoming marked READ)
[2025-12-17 10:52:12] Scan stats => checked:0 matched:0 (Unread-only)
[2025-12-17 10:52:12] No matching unread TRN found. Sleeping 300s...
[2025-12-17 10:57:12] Scan stats => checked:0 matched:0 (Unread-only)
[2025-12-17 10:57:12] No matching unread TRN found. Sleeping 300s...
[2025-12-17 11:02:12] Scan stats => checked:0 matched:0 (Unread-only)
[2025-12-17 11:02:12] No matching unread TRN found. Sleeping 300s...
[2025-12-17 11:07:12] Scan stats => checked:0 matched:0 (Unread-only)
[2025-12-17 11:07:12] No matching unread TRN found. Sleeping 300s...
[2025-12-17 11:12:12] Scan stats => checked:0 matched:0 (Unread-only)
[2025-12-17 11:12:12] No matching unread TRN found. Sleeping 300s...
[2025-12-17 11:17:12] Scan stats => checked:0 matched:0 (Unread-only)
[2025-12-17 11:17:12] No matching unread TRN found. Sleeping 300s...
[2025-12-17 11:22:12] Scan stats => checked:0 matched:0 (Unread-only)
[2025-12-17 11:22:12] No matching unread TRN found. Sleeping 300s...
[2025-12-17 11:27:12] Scan stats => checked:0 matched:0 (Unread-only)
[2025-12-17 11:27:12] No matching unread TRN found. Sleeping 300s...
[2025-12-17 11:32:12] Scan stats => checked:0 matched:0 (Unread-only)
[2025-12-17 11:32:12] No matching unread TRN found. Sleeping 300s...
[2025-12-17 11:37:12] Scan stats => checked:0 matched:0 (Unread-only)
[2025-12-17 11:37:12] No matching unread TRN found. Sleeping 300s...
[2025-12-17 11:42:12] Scan stats => checked:0 matched:0 (Unread-only)
[2025-12-17 11:42:12] No matching unread TRN found. Sleeping 300s...
[2025-12-17 11:47:12] Scan stats => checked:0 matched:0 (Unread-only)
[2025-12-17 11:47:12] No matching unread TRN found. Sleeping 300s...
[2025-12-17 11:52:12] Scan stats => checked:0 matched:0 (Unread-only)
[2025-12-17 11:52:12] No matching unread TRN found. Sleeping 300s...
[2025-12-17 11:57:12] Scan stats => checked:0 matched:0 (Unread-only)
[2025-12-17 11:57:12] No matching unread TRN found. Sleeping 300s...
[2025-12-17 12:02:12] Scan stats => checked:0 matched:0 (Unread-only)
[2025-12-17 12:02:12] No matching unread TRN found. Sleeping 300s...
[2025-12-17 12:07:12] Scan stats => checked:0 matched:0 (Unread-only)
[2025-12-17 12:07:12] No matching unread TRN found. Sleeping 300s...
[2025-12-17 12:12:12] Scan stats => checked:0 matched:0 (Unread-only)
[2025-12-17 12:12:12] No matching unread TRN found. Sleeping 300s...
[2025-12-17 12:17:12] Scan stats => checked:0 matched:0 (Unread-only)
[2025-12-17 12:17:12] No matching unread TRN found. Sleeping 300s...
[2025-12-17 12:22:12] Scan stats => checked:0 matched:0 (Unread-only)
[2025-12-17 12:22:12] No matching unread TRN found. Sleeping 300s...
[2025-12-17 12:27:12] Scan stats => checked:0 matched:0 (Unread-only)
[2025-12-17 12:27:12] No matching unread TRN found. Sleeping 300s...
[2025-12-17 12:32:12] Scan stats => checked:0 matched:0 (Unread-only)
[2025-12-17 12:32:12] No matching unread TRN found. Sleeping 300s...
[2025-12-17 12:37:12] Scan stats => checked:0 matched:0 (Unread-only)
[2025-12-17 12:37:12] No matching unread TRN found. Sleeping 300s...
[2025-12-17 12:42:12] Scan stats => checked:0 matched:0 (Unread-only)
[2025-12-17 12:42:12] No matching unread TRN found. Sleeping 300s...
[2025-12-17 12:47:12] Scan stats => checked:0 matched:0 (Unread-only)
[2025-12-17 12:47:12] No matching unread TRN found. Sleeping 300s...
[2025-12-17 12:52:12] Scan stats => checked:0 matched:0 (Unread-only)
[2025-12-17 12:52:12] No matching unread TRN found. Sleeping 300s...
[2025-12-17 12:57:12] Scan stats => checked:0 matched:0 (Unread-only)
[2025-12-17 12:57:12] No matching unread TRN found. Sleeping 300s...
[2025-12-17 13:23:25] Scan stats => checked:0 matched:0 (Unread-only)
[2025-12-17 13:23:25] No matching unread TRN found. Sleeping 300s...
[2025-12-17 13:28:25] Scan stats => checked:0 matched:0 (Unread-only)
[2025-12-17 13:28:25] No matching unread TRN found. Sleeping 300s...
[2025-12-17 13:33:25] Scan stats => checked:0 matched:0 (Unread-only)
[2025-12-17 13:33:25] No matching unread TRN found. Sleeping 300s...
[2025-12-17 13:38:25] Scan stats => checked:0 matched:0 (Unread-only)
[2025-12-17 13:38:25] No matching unread TRN found. Sleeping 300s...
[2025-12-17 13:43:25] Scan stats => checked:0 matched:0 (Unread-only)
[2025-12-17 13:43:25] No matching unread TRN found. Sleeping 300s...
[2025-12-17 13:48:25] Scan stats => checked:0 matched:0 (Unread-only)
[2025-12-17 13:48:25] No matching unread TRN found. Sleeping 300s...
[2025-12-17 13:53:25] Loop error: (-2147023174, 'The RPC server is unavailable.', None, None)
[2025-12-17 13:53:25] Traceback (most recent call last):
  File "C:\Users\husey\OneDrive\Desktop\Development\Work_Automation\internal_trn_distributor.py", line 637, in main
    payloads = scan_unread_trn_mails(folder, processed_ids)
  File "C:\Users\husey\OneDrive\Desktop\Development\Work_Automation\internal_trn_distributor.py", line 528, in scan_unread_trn_mails
    items = folder.Items
            ^^^^^^^^^^^^
  File "C:\Users\husey\AppData\Local\Programs\Python\Python314\Lib\site-packages\win32com\client\dynamic.py", line 620, in __getattr__
    ret = self._oleobj_.Invoke(retEntry.dispid, 0, invoke_type, 1)
pywintypes.com_error: (-2147023174, 'The RPC server is unavailable.', None, None)

[2025-12-17 13:58:25] Loop error: (-2147023174, 'The RPC server is unavailable.', None, None)
[2025-12-17 13:58:25] Traceback (most recent call last):
  File "C:\Users\husey\OneDrive\Desktop\Development\Work_Automation\internal_trn_distributor.py", line 637, in main
    payloads = scan_unread_trn_mails(folder, processed_ids)
  File "C:\Users\husey\OneDrive\Desktop\Development\Work_Automation\internal_trn_distributor.py", line 528, in scan_unread_trn_mails
    items = folder.Items
            ^^^^^^^^^^^^
  File "C:\Users\husey\AppData\Local\Programs\Python\Python314\Lib\site-packages\win32com\client\dynamic.py", line 620, in __getattr__
    ret = self._oleobj_.Invoke(retEntry.dispid, 0, invoke_type, 1)
pywintypes.com_error: (-2147023174, 'The RPC server is unavailable.', None, None)

[2025-12-17 14:03:25] Loop error: (-2147023174, 'The RPC server is unavailable.', None, None)
[2025-12-17 14:03:25] Traceback (most recent call last):
  File "C:\Users\husey\OneDrive\Desktop\Development\Work_Automation\internal_trn_distributor.py", line 637, in main
    payloads = scan_unread_trn_mails(folder, processed_ids)
  File "C:\Users\husey\OneDrive\Desktop\Development\Work_Automation\internal_trn_distributor.py", line 528, in scan_unread_trn_mails
    items = folder.Items
            ^^^^^^^^^^^^
  File "C:\Users\husey\AppData\Local\Programs\Python\Python314\Lib\site-packages\win32com\client\dynamic.py", line 620, in __getattr__
    ret = self._oleobj_.Invoke(retEntry.dispid, 0, invoke_type, 1)
pywintypes.com_error: (-2147023174, 'The RPC server is unavailable.', None, None)

[2025-12-17 14:08:25] Loop error: (-2147023174, 'The RPC server is unavailable.', None, None)
[2025-12-17 14:08:25] Traceback (most recent call last):
  File "C:\Users\husey\OneDrive\Desktop\Development\Work_Automation\internal_trn_distributor.py", line 637, in main
    payloads = scan_unread_trn_mails(folder, processed_ids)
  File "C:\Users\husey\OneDrive\Desktop\Development\Work_Automation\internal_trn_distributor.py", line 528, in scan_unread_trn_mails
    items = folder.Items
            ^^^^^^^^^^^^
  File "C:\Users\husey\AppData\Local\Programs\Python\Python314\Lib\site-packages\win32com\client\dynamic.py", line 620, in __getattr__
    ret = self._oleobj_.Invoke(retEntry.dispid, 0, invoke_type, 1)
pywintypes.com_error: (-2147023174, 'The RPC server is unavailable.', None, None)

[2025-12-17 14:13:25] Loop error: (-2147023174, 'The RPC server is unavailable.', None, None)
[2025-12-17 14:13:25] Traceback (most recent call last):
  File "C:\Users\husey\OneDrive\Desktop\Development\Work_Automation\internal_trn_distributor.py", line 637, in main
    payloads = scan_unread_trn_mails(folder, processed_ids)
  File "C:\Users\husey\OneDrive\Desktop\Development\Work_Automation\internal_trn_distributor.py", line 528, in scan_unread_trn_mails
    items = folder.Items
            ^^^^^^^^^^^^
  File "C:\Users\husey\AppData\Local\Programs\Python\Python314\Lib\site-packages\win32com\client\dynamic.py", line 620, in __getattr__
    ret = self._oleobj_.Invoke(retEntry.dispid, 0, invoke_type, 1)
pywintypes.com_error: (-2147023174, 'The RPC server is unavailable.', None, None)

[2025-12-17 14:18:25] Loop error: (-2147023174, 'The RPC server is unavailable.', None, None)
[2025-12-17 14:18:25] Traceback (most recent call last):
  File "C:\Users\husey\OneDrive\Desktop\Development\Work_Automation\internal_trn_distributor.py", line 637, in main
    payloads = scan_unread_trn_mails(folder, processed_ids)
  File "C:\Users\husey\OneDrive\Desktop\Development\Work_Automation\internal_trn_distributor.py", line 528, in scan_unread_trn_mails
    items = folder.Items
            ^^^^^^^^^^^^
  File "C:\Users\husey\AppData\Local\Programs\Python\Python314\Lib\site-packages\win32com\client\dynamic.py", line 620, in __getattr__
    ret = self._oleobj_.Invoke(retEntry.dispid, 0, invoke_type, 1)
pywintypes.com_error: (-2147023174, 'The RPC server is unavailable.', None, None)

[2025-12-17 14:23:25] Loop error: (-2147023174, 'The RPC server is unavailable.', None, None)
[2025-12-17 14:23:25] Traceback (most recent call last):
  File "C:\Users\husey\OneDrive\Desktop\Development\Work_Automation\internal_trn_distributor.py", line 637, in main
    payloads = scan_unread_trn_mails(folder, processed_ids)
  File "C:\Users\husey\OneDrive\Desktop\Development\Work_Automation\internal_trn_distributor.py", line 528, in scan_unread_trn_mails
    items = folder.Items
            ^^^^^^^^^^^^
  File "C:\Users\husey\AppData\Local\Programs\Python\Python314\Lib\site-packages\win32com\client\dynamic.py", line 620, in __getattr__
    ret = self._oleobj_.Invoke(retEntry.dispid, 0, invoke_type, 1)
pywintypes.com_error: (-2147023174, 'The RPC server is unavailable.', None, None)

[2025-12-17 14:28:25] Loop error: (-2147023174, 'The RPC server is unavailable.', None, None)
[2025-12-17 14:28:25] Traceback (most recent call last):
  File "C:\Users\husey\OneDrive\Desktop\Development\Work_Automation\internal_trn_distributor.py", line 637, in main
    payloads = scan_unread_trn_mails(folder, processed_ids)
  File "C:\Users\husey\OneDrive\Desktop\Development\Work_Automation\internal_trn_distributor.py", line 528, in scan_unread_trn_mails
    items = folder.Items
            ^^^^^^^^^^^^
  File "C:\Users\husey\AppData\Local\Programs\Python\Python314\Lib\site-packages\win32com\client\dynamic.py", line 620, in __getattr__
    ret = self._oleobj_.Invoke(retEntry.dispid, 0, invoke_type, 1)
pywintypes.com_error: (-2147023174, 'The RPC server is unavailable.', None, None)

[2025-12-17 14:33:25] Loop error: (-2147023174, 'The RPC server is unavailable.', None, None)
[2025-12-17 14:33:25] Traceback (most recent call last):
  File "C:\Users\husey\OneDrive\Desktop\Development\Work_Automation\internal_trn_distributor.py", line 637, in main
    payloads = scan_unread_trn_mails(folder, processed_ids)
  File "C:\Users\husey\OneDrive\Desktop\Development\Work_Automation\internal_trn_distributor.py", line 528, in scan_unread_trn_mails
    items = folder.Items
            ^^^^^^^^^^^^
  File "C:\Users\husey\AppData\Local\Programs\Python\Python314\Lib\site-packages\win32com\client\dynamic.py", line 620, in __getattr__
    ret = self._oleobj_.Invoke(retEntry.dispid, 0, invoke_type, 1)
pywintypes.com_error: (-2147023174, 'The RPC server is unavailable.', None, None)

[2025-12-17 14:38:25] Loop error: (-2147023174, 'The RPC server is unavailable.', None, None)
[2025-12-17 14:38:25] Traceback (most recent call last):
  File "C:\Users\husey\OneDrive\Desktop\Development\Work_Automation\internal_trn_distributor.py", line 637, in main
    payloads = scan_unread_trn_mails(folder, processed_ids)
  File "C:\Users\husey\OneDrive\Desktop\Development\Work_Automation\internal_trn_distributor.py", line 528, in scan_unread_trn_mails
    items = folder.Items
            ^^^^^^^^^^^^
  File "C:\Users\husey\AppData\Local\Programs\Python\Python314\Lib\site-packages\win32com\client\dynamic.py", line 620, in __getattr__
    ret = self._oleobj_.Invoke(retEntry.dispid, 0, invoke_type, 1)
pywintypes.com_error: (-2147023174, 'The RPC server is unavailable.', None, None)

[2025-12-17 14:43:25] Loop error: (-2147023174, 'The RPC server is unavailable.', None, None)
[2025-12-17 14:43:25] Traceback (most recent call last):
  File "C:\Users\husey\OneDrive\Desktop\Development\Work_Automation\internal_trn_distributor.py", line 637, in main
    payloads = scan_unread_trn_mails(folder, processed_ids)
  File "C:\Users\husey\OneDrive\Desktop\Development\Work_Automation\internal_trn_distributor.py", line 528, in scan_unread_trn_mails
    items = folder.Items
            ^^^^^^^^^^^^
  File "C:\Users\husey\AppData\Local\Programs\Python\Python314\Lib\site-packages\win32com\client\dynamic.py", line 620, in __getattr__
    ret = self._oleobj_.Invoke(retEntry.dispid, 0, invoke_type, 1)
pywintypes.com_error: (-2147023174, 'The RPC server is unavailable.', None, None)

[2025-12-17 14:48:25] Loop error: (-2147023174, 'The RPC server is unavailable.', None, None)
[2025-12-17 14:48:25] Traceback (most recent call last):
  File "C:\Users\husey\OneDrive\Desktop\Development\Work_Automation\internal_trn_distributor.py", line 637, in main
    payloads = scan_unread_trn_mails(folder, processed_ids)
  File "C:\Users\husey\OneDrive\Desktop\Development\Work_Automation\internal_trn_distributor.py", line 528, in scan_unread_trn_mails
    items = folder.Items
            ^^^^^^^^^^^^
  File "C:\Users\husey\AppData\Local\Programs\Python\Python314\Lib\site-packages\win32com\client\dynamic.py", line 620, in __getattr__
    ret = self._oleobj_.Invoke(retEntry.dispid, 0, invoke_type, 1)
pywintypes.com_error: (-2147023174, 'The RPC server is unavailable.', None, None)

[2025-12-17 14:53:25] Loop error: (-2147023174, 'The RPC server is unavailable.', None, None)
[2025-12-17 14:53:25] Traceback (most recent call last):
  File "C:\Users\husey\OneDrive\Desktop\Development\Work_Automation\internal_trn_distributor.py", line 637, in main
    payloads = scan_unread_trn_mails(folder, processed_ids)
  File "C:\Users\husey\OneDrive\Desktop\Development\Work_Automation\internal_trn_distributor.py", line 528, in scan_unread_trn_mails
    items = folder.Items
            ^^^^^^^^^^^^
  File "C:\Users\husey\AppData\Local\Programs\Python\Python314\Lib\site-packages\win32com\client\dynamic.py", line 620, in __getattr__
    ret = self._oleobj_.Invoke(retEntry.dispid, 0, invoke_type, 1)
pywintypes.com_error: (-2147023174, 'The RPC server is unavailable.', None, None)

[2025-12-17 16:10:28] === Proyapi TRN Internal Distributor started (v2.1) ===
[2025-12-17 16:10:28] Watching: spp2dcc@kolin.com.tr / Inbox\From Proyapi
[2025-12-17 16:10:28] Sender filter: dccspp2@proyapimusavirlik.com
[2025-12-17 16:10:28] Mode: display | Poll: 300s | Lookback: 7d | MaxScan:200
[2025-12-17 16:10:28] Signature mode: oft | OFT exists: True | Display modal: False | AutoSendAfterDisplay: True
[2025-12-17 16:10:28] Filter: ONLY UNREAD mails. Processed mail will be marked READ.
[2025-12-17 16:10:28] DEBUG => UnRead=True | Sender=dccspp2@proyapimusavirlik.com | Subject=SPP2-PRO-KLN-TRN-0536
[2025-12-17 16:10:28] Scan stats => checked:1 matched:1 (Unread-only)
[2025-12-17 16:10:28] FOUND => SPP2-PRO-KLN-TRN-0536 | PDFs=1 | Date=17 Dec 2025 | is_update=False | already_seen=False
[2025-12-17 16:10:30] 👀 Displayed: SPP2-PRO-KLN-TRN-0536 | PDFs=1 (modal=False)
[2025-12-17 16:10:30] ✅ Sent after display: SPP2-PRO-KLN-TRN-0536 | PDFs=1
[2025-12-17 16:10:30] ✅ DONE => SPP2-PRO-KLN-TRN-0536 (incoming marked READ)
[2025-12-17 16:15:30] Scan stats => checked:0 matched:0 (Unread-only)
[2025-12-17 16:15:30] No matching unread TRN found. Sleeping 300s...
[2025-12-17 16:20:30] Scan stats => checked:0 matched:0 (Unread-only)
[2025-12-17 16:20:30] No matching unread TRN found. Sleeping 300s...
[2025-12-17 16:25:30] Scan stats => checked:0 matched:0 (Unread-only)
[2025-12-17 16:25:30] No matching unread TRN found. Sleeping 300s...
[2025-12-17 16:30:30] Scan stats => checked:0 matched:0 (Unread-only)
[2025-12-17 16:30:30] No matching unread TRN found. Sleeping 300s...
[2025-12-17 16:35:30] Scan stats => checked:0 matched:0 (Unread-only)
[2025-12-17 16:35:30] No matching unread TRN found. Sleeping 300s...
[2025-12-17 17:18:50] === Proyapi TRN Internal Distributor started (v2.1) ===
[2025-12-17 17:18:50] Watching: spp2dcc@kolin.com.tr / Inbox\From Proyapi
[2025-12-17 17:18:50] Sender filter: dccspp2@proyapimusavirlik.com
[2025-12-17 17:18:50] Mode: display | Poll: 300s | Lookback: 7d | MaxScan:200
[2025-12-17 17:18:50] Signature mode: oft | OFT exists: True | Display modal: False | AutoSendAfterDisplay: True
[2025-12-17 17:18:50] Filter: ONLY UNREAD mails. Processed mail will be marked READ.
[2025-12-17 17:18:50] DEBUG => UnRead=True | Sender=dccspp2@proyapimusavirlik.com | Subject=SPP2-PRO-KLN-TRN-0535
[2025-12-17 17:18:50] Scan stats => checked:1 matched:1 (Unread-only)
[2025-12-17 17:18:50] FOUND => SPP2-PRO-KLN-TRN-0535 | PDFs=1 | Date=17 Dec 2025 | is_update=False | already_seen=False
[2025-12-17 17:18:51] 👀 Displayed: SPP2-PRO-KLN-TRN-0535 | PDFs=1 (modal=False)
[2025-12-17 17:18:51] ✅ Sent after display: SPP2-PRO-KLN-TRN-0535 | PDFs=1
[2025-12-17 17:18:51] ✅ DONE => SPP2-PRO-KLN-TRN-0535 (incoming marked READ)
[2025-12-17 17:23:51] Scan stats => checked:0 matched:0 (Unread-only)
[2025-12-17 17:23:51] No matching unread TRN found. Sleeping 300s...
[2025-12-17 17:28:51] Scan stats => checked:0 matched:0 (Unread-only)
[2025-12-17 17:28:51] No matching unread TRN found. Sleeping 300s...
[2025-12-17 17:33:51] Scan stats => checked:0 matched:0 (Unread-only)
[2025-12-17 17:33:51] No matching unread TRN found. Sleeping 300s...
[2025-12-17 17:38:51] Scan stats => checked:0 matched:0 (Unread-only)
[2025-12-17 17:38:51] No matching unread TRN found. Sleeping 300s...
[2025-12-17 17:43:51] Scan stats => checked:0 matched:0 (Unread-only)
[2025-12-17 17:43:51] No matching unread TRN found. Sleeping 300s...
[2025-12-17 17:48:51] Scan stats => checked:0 matched:0 (Unread-only)
[2025-12-17 17:48:51] No matching unread TRN found. Sleeping 300s...
[2025-12-17 17:53:51] Loop error: (-2147023174, 'The RPC server is unavailable.', None, None)
[2025-12-17 17:53:51] Traceback (most recent call last):
  File "C:\Users\husey\OneDrive\Desktop\Development\Work_Automation\internal_trn_distributor.py", line 637, in main
    payloads = scan_unread_trn_mails(folder, processed_ids)
  File "C:\Users\husey\OneDrive\Desktop\Development\Work_Automation\internal_trn_distributor.py", line 528, in scan_unread_trn_mails
    items = folder.Items
            ^^^^^^^^^^^^
  File "C:\Users\husey\AppData\Local\Programs\Python\Python314\Lib\site-packages\win32com\client\dynamic.py", line 620, in __getattr__
    ret = self._oleobj_.Invoke(retEntry.dispid, 0, invoke_type, 1)
pywintypes.com_error: (-2147023174, 'The RPC server is unavailable.', None, None)

[2025-12-17 17:58:51] Loop error: (-2147023174, 'The RPC server is unavailable.', None, None)
[2025-12-17 17:58:51] Traceback (most recent call last):
  File "C:\Users\husey\OneDrive\Desktop\Development\Work_Automation\internal_trn_distributor.py", line 637, in main
    payloads = scan_unread_trn_mails(folder, processed_ids)
  File "C:\Users\husey\OneDrive\Desktop\Development\Work_Automation\internal_trn_distributor.py", line 528, in scan_unread_trn_mails
    items = folder.Items
            ^^^^^^^^^^^^
  File "C:\Users\husey\AppData\Local\Programs\Python\Python314\Lib\site-packages\win32com\client\dynamic.py", line 620, in __getattr__
    ret = self._oleobj_.Invoke(retEntry.dispid, 0, invoke_type, 1)
pywintypes.com_error: (-2147023174, 'The RPC server is unavailable.', None, None)

[2025-12-17 18:03:51] Loop error: (-2147023174, 'The RPC server is unavailable.', None, None)
[2025-12-17 18:03:51] Traceback (most recent call last):
  File "C:\Users\husey\OneDrive\Desktop\Development\Work_Automation\internal_trn_distributor.py", line 637, in main
    payloads = scan_unread_trn_mails(folder, processed_ids)
  File "C:\Users\husey\OneDrive\Desktop\Development\Work_Automation\internal_trn_distributor.py", line 528, in scan_unread_trn_mails
    items = folder.Items
            ^^^^^^^^^^^^
  File "C:\Users\husey\AppData\Local\Programs\Python\Python314\Lib\site-packages\win32com\client\dynamic.py", line 620, in __getattr__
    ret = self._oleobj_.Invoke(retEntry.dispid, 0, invoke_type, 1)
pywintypes.com_error: (-2147023174, 'The RPC server is unavailable.', None, None)

[2025-12-17 18:08:51] Loop error: (-2147023174, 'The RPC server is unavailable.', None, None)
[2025-12-17 18:08:51] Traceback (most recent call last):
  File "C:\Users\husey\OneDrive\Desktop\Development\Work_Automation\internal_trn_distributor.py", line 637, in main
    payloads = scan_unread_trn_mails(folder, processed_ids)
  File "C:\Users\husey\OneDrive\Desktop\Development\Work_Automation\internal_trn_distributor.py", line 528, in scan_unread_trn_mails
    items = folder.Items
            ^^^^^^^^^^^^
  File "C:\Users\husey\AppData\Local\Programs\Python\Python314\Lib\site-packages\win32com\client\dynamic.py", line 620, in __getattr__
    ret = self._oleobj_.Invoke(retEntry.dispid, 0, invoke_type, 1)
pywintypes.com_error: (-2147023174, 'The RPC server is unavailable.', None, None)

[2025-12-17 19:07:02] Loop error: (-2147023174, 'The RPC server is unavailable.', None, None)
[2025-12-17 19:07:02] Traceback (most recent call last):
  File "C:\Users\husey\OneDrive\Desktop\Development\Work_Automation\internal_trn_distributor.py", line 637, in main
    payloads = scan_unread_trn_mails(folder, processed_ids)
  File "C:\Users\husey\OneDrive\Desktop\Development\Work_Automation\internal_trn_distributor.py", line 528, in scan_unread_trn_mails
    items = folder.Items
            ^^^^^^^^^^^^
  File "C:\Users\husey\AppData\Local\Programs\Python\Python314\Lib\site-packages\win32com\client\dynamic.py", line 620, in __getattr__
    ret = self._oleobj_.Invoke(retEntry.dispid, 0, invoke_type, 1)
pywintypes.com_error: (-2147023174, 'The RPC server is unavailable.', None, None)

[2025-12-17 19:12:02] Loop error: (-2147023174, 'The RPC server is unavailable.', None, None)
[2025-12-17 19:12:02] Traceback (most recent call last):
  File "C:\Users\husey\OneDrive\Desktop\Development\Work_Automation\internal_trn_distributor.py", line 637, in main
    payloads = scan_unread_trn_mails(folder, processed_ids)
  File "C:\Users\husey\OneDrive\Desktop\Development\Work_Automation\internal_trn_distributor.py", line 528, in scan_unread_trn_mails
    items = folder.Items
            ^^^^^^^^^^^^
  File "C:\Users\husey\AppData\Local\Programs\Python\Python314\Lib\site-packages\win32com\client\dynamic.py", line 620, in __getattr__
    ret = self._oleobj_.Invoke(retEntry.dispid, 0, invoke_type, 1)
pywintypes.com_error: (-2147023174, 'The RPC server is unavailable.', None, None)

[2025-12-17 19:17:02] Loop error: (-2147023174, 'The RPC server is unavailable.', None, None)
[2025-12-17 19:17:02] Traceback (most recent call last):
  File "C:\Users\husey\OneDrive\Desktop\Development\Work_Automation\internal_trn_distributor.py", line 637, in main
    payloads = scan_unread_trn_mails(folder, processed_ids)
  File "C:\Users\husey\OneDrive\Desktop\Development\Work_Automation\internal_trn_distributor.py", line 528, in scan_unread_trn_mails
    items = folder.Items
            ^^^^^^^^^^^^
  File "C:\Users\husey\AppData\Local\Programs\Python\Python314\Lib\site-packages\win32com\client\dynamic.py", line 620, in __getattr__
    ret = self._oleobj_.Invoke(retEntry.dispid, 0, invoke_type, 1)
pywintypes.com_error: (-2147023174, 'The RPC server is unavailable.', None, None)

[2025-12-17 19:22:02] Loop error: (-2147023174, 'The RPC server is unavailable.', None, None)
[2025-12-17 19:22:02] Traceback (most recent call last):
  File "C:\Users\husey\OneDrive\Desktop\Development\Work_Automation\internal_trn_distributor.py", line 637, in main
    payloads = scan_unread_trn_mails(folder, processed_ids)
  File "C:\Users\husey\OneDrive\Desktop\Development\Work_Automation\internal_trn_distributor.py", line 528, in scan_unread_trn_mails
    items = folder.Items
            ^^^^^^^^^^^^
  File "C:\Users\husey\AppData\Local\Programs\Python\Python314\Lib\site-packages\win32com\client\dynamic.py", line 620, in __getattr__
    ret = self._oleobj_.Invoke(retEntry.dispid, 0, invoke_type, 1)
pywintypes.com_error: (-2147023174, 'The RPC server is unavailable.', None, None)

[2025-12-17 19:27:02] Loop error: (-2147023174, 'The RPC server is unavailable.', None, None)
[2025-12-17 19:27:02] Traceback (most recent call last):
  File "C:\Users\husey\OneDrive\Desktop\Development\Work_Automation\internal_trn_distributor.py", line 637, in main
    payloads = scan_unread_trn_mails(folder, processed_ids)
  File "C:\Users\husey\OneDrive\Desktop\Development\Work_Automation\internal_trn_distributor.py", line 528, in scan_unread_trn_mails
    items = folder.Items
            ^^^^^^^^^^^^
  File "C:\Users\husey\AppData\Local\Programs\Python\Python314\Lib\site-packages\win32com\client\dynamic.py", line 620, in __getattr__
    ret = self._oleobj_.Invoke(retEntry.dispid, 0, invoke_type, 1)
pywintypes.com_error: (-2147023174, 'The RPC server is unavailable.', None, None)

[2025-12-17 19:32:02] Loop error: (-2147023174, 'The RPC server is unavailable.', None, None)
[2025-12-17 19:32:02] Traceback (most recent call last):
  File "C:\Users\husey\OneDrive\Desktop\Development\Work_Automation\internal_trn_distributor.py", line 637, in main
    payloads = scan_unread_trn_mails(folder, processed_ids)
  File "C:\Users\husey\OneDrive\Desktop\Development\Work_Automation\internal_trn_distributor.py", line 528, in scan_unread_trn_mails
    items = folder.Items
            ^^^^^^^^^^^^
  File "C:\Users\husey\AppData\Local\Programs\Python\Python314\Lib\site-packages\win32com\client\dynamic.py", line 620, in __getattr__
    ret = self._oleobj_.Invoke(retEntry.dispid, 0, invoke_type, 1)
pywintypes.com_error: (-2147023174, 'The RPC server is unavailable.', None, None)

[2025-12-17 19:37:03] Loop error: (-2147023174, 'The RPC server is unavailable.', None, None)
[2025-12-17 19:37:03] Traceback (most recent call last):
  File "C:\Users\husey\OneDrive\Desktop\Development\Work_Automation\internal_trn_distributor.py", line 637, in main
    payloads = scan_unread_trn_mails(folder, processed_ids)
  File "C:\Users\husey\OneDrive\Desktop\Development\Work_Automation\internal_trn_distributor.py", line 528, in scan_unread_trn_mails
    items = folder.Items
            ^^^^^^^^^^^^
  File "C:\Users\husey\AppData\Local\Programs\Python\Python314\Lib\site-packages\win32com\client\dynamic.py", line 620, in __getattr__
    ret = self._oleobj_.Invoke(retEntry.dispid, 0, invoke_type, 1)
pywintypes.com_error: (-2147023174, 'The RPC server is unavailable.', None, None)

[2025-12-17 19:42:03] Loop error: (-2147023174, 'The RPC server is unavailable.', None, None)
[2025-12-17 19:42:03] Traceback (most recent call last):
  File "C:\Users\husey\OneDrive\Desktop\Development\Work_Automation\internal_trn_distributor.py", line 637, in main
    payloads = scan_unread_trn_mails(folder, processed_ids)
  File "C:\Users\husey\OneDrive\Desktop\Development\Work_Automation\internal_trn_distributor.py", line 528, in scan_unread_trn_mails
    items = folder.Items
            ^^^^^^^^^^^^
  File "C:\Users\husey\AppData\Local\Programs\Python\Python314\Lib\site-packages\win32com\client\dynamic.py", line 620, in __getattr__
    ret = self._oleobj_.Invoke(retEntry.dispid, 0, invoke_type, 1)
pywintypes.com_error: (-2147023174, 'The RPC server is unavailable.', None, None)

[2025-12-17 19:47:03] Loop error: (-2147023174, 'The RPC server is unavailable.', None, None)
[2025-12-17 19:47:03] Traceback (most recent call last):
  File "C:\Users\husey\OneDrive\Desktop\Development\Work_Automation\internal_trn_distributor.py", line 637, in main
    payloads = scan_unread_trn_mails(folder, processed_ids)
  File "C:\Users\husey\OneDrive\Desktop\Development\Work_Automation\internal_trn_distributor.py", line 528, in scan_unread_trn_mails
    items = folder.Items
            ^^^^^^^^^^^^
  File "C:\Users\husey\AppData\Local\Programs\Python\Python314\Lib\site-packages\win32com\client\dynamic.py", line 620, in __getattr__
    ret = self._oleobj_.Invoke(retEntry.dispid, 0, invoke_type, 1)
pywintypes.com_error: (-2147023174, 'The RPC server is unavailable.', None, None)

[2025-12-17 19:52:03] Loop error: (-2147023174, 'The RPC server is unavailable.', None, None)
[2025-12-17 19:52:03] Traceback (most recent call last):
  File "C:\Users\husey\OneDrive\Desktop\Development\Work_Automation\internal_trn_distributor.py", line 637, in main
    payloads = scan_unread_trn_mails(folder, processed_ids)
  File "C:\Users\husey\OneDrive\Desktop\Development\Work_Automation\internal_trn_distributor.py", line 528, in scan_unread_trn_mails
    items = folder.Items
            ^^^^^^^^^^^^
  File "C:\Users\husey\AppData\Local\Programs\Python\Python314\Lib\site-packages\win32com\client\dynamic.py", line 620, in __getattr__
    ret = self._oleobj_.Invoke(retEntry.dispid, 0, invoke_type, 1)
pywintypes.com_error: (-2147023174, 'The RPC server is unavailable.', None, None)

[2025-12-17 19:57:03] Loop error: (-2147023174, 'The RPC server is unavailable.', None, None)
[2025-12-17 19:57:03] Traceback (most recent call last):
  File "C:\Users\husey\OneDrive\Desktop\Development\Work_Automation\internal_trn_distributor.py", line 637, in main
    payloads = scan_unread_trn_mails(folder, processed_ids)
  File "C:\Users\husey\OneDrive\Desktop\Development\Work_Automation\internal_trn_distributor.py", line 528, in scan_unread_trn_mails
    items = folder.Items
            ^^^^^^^^^^^^
  File "C:\Users\husey\AppData\Local\Programs\Python\Python314\Lib\site-packages\win32com\client\dynamic.py", line 620, in __getattr__
    ret = self._oleobj_.Invoke(retEntry.dispid, 0, invoke_type, 1)
pywintypes.com_error: (-2147023174, 'The RPC server is unavailable.', None, None)

[2025-12-17 20:02:03] Loop error: (-2147023174, 'The RPC server is unavailable.', None, None)
[2025-12-17 20:02:03] Traceback (most recent call last):
  File "C:\Users\husey\OneDrive\Desktop\Development\Work_Automation\internal_trn_distributor.py", line 637, in main
    payloads = scan_unread_trn_mails(folder, processed_ids)
  File "C:\Users\husey\OneDrive\Desktop\Development\Work_Automation\internal_trn_distributor.py", line 528, in scan_unread_trn_mails
    items = folder.Items
            ^^^^^^^^^^^^
  File "C:\Users\husey\AppData\Local\Programs\Python\Python314\Lib\site-packages\win32com\client\dynamic.py", line 620, in __getattr__
    ret = self._oleobj_.Invoke(retEntry.dispid, 0, invoke_type, 1)
pywintypes.com_error: (-2147023174, 'The RPC server is unavailable.', None, None)

[2025-12-17 20:07:03] Loop error: (-2147023174, 'The RPC server is unavailable.', None, None)
[2025-12-17 20:07:03] Traceback (most recent call last):
  File "C:\Users\husey\OneDrive\Desktop\Development\Work_Automation\internal_trn_distributor.py", line 637, in main
    payloads = scan_unread_trn_mails(folder, processed_ids)
  File "C:\Users\husey\OneDrive\Desktop\Development\Work_Automation\internal_trn_distributor.py", line 528, in scan_unread_trn_mails
    items = folder.Items
            ^^^^^^^^^^^^
  File "C:\Users\husey\AppData\Local\Programs\Python\Python314\Lib\site-packages\win32com\client\dynamic.py", line 620, in __getattr__
    ret = self._oleobj_.Invoke(retEntry.dispid, 0, invoke_type, 1)
pywintypes.com_error: (-2147023174, 'The RPC server is unavailable.', None, None)

[2025-12-17 21:15:47] Loop error: (-2147023174, 'The RPC server is unavailable.', None, None)
[2025-12-17 21:15:47] Traceback (most recent call last):
  File "C:\Users\husey\OneDrive\Desktop\Development\Work_Automation\internal_trn_distributor.py", line 637, in main
    payloads = scan_unread_trn_mails(folder, processed_ids)
  File "C:\Users\husey\OneDrive\Desktop\Development\Work_Automation\internal_trn_distributor.py", line 528, in scan_unread_trn_mails
    items = folder.Items
            ^^^^^^^^^^^^
  File "C:\Users\husey\AppData\Local\Programs\Python\Python314\Lib\site-packages\win32com\client\dynamic.py", line 620, in __getattr__
    ret = self._oleobj_.Invoke(retEntry.dispid, 0, invoke_type, 1)
pywintypes.com_error: (-2147023174, 'The RPC server is unavailable.', None, None)

[2025-12-17 21:20:47] Loop error: (-2147023174, 'The RPC server is unavailable.', None, None)
[2025-12-17 21:20:47] Traceback (most recent call last):
  File "C:\Users\husey\OneDrive\Desktop\Development\Work_Automation\internal_trn_distributor.py", line 637, in main
    payloads = scan_unread_trn_mails(folder, processed_ids)
  File "C:\Users\husey\OneDrive\Desktop\Development\Work_Automation\internal_trn_distributor.py", line 528, in scan_unread_trn_mails
    items = folder.Items
            ^^^^^^^^^^^^
  File "C:\Users\husey\AppData\Local\Programs\Python\Python314\Lib\site-packages\win32com\client\dynamic.py", line 620, in __getattr__
    ret = self._oleobj_.Invoke(retEntry.dispid, 0, invoke_type, 1)
pywintypes.com_error: (-2147023174, 'The RPC server is unavailable.', None, None)

[2025-12-17 21:25:47] Loop error: (-2147023174, 'The RPC server is unavailable.', None, None)
[2025-12-17 21:25:47] Traceback (most recent call last):
  File "C:\Users\husey\OneDrive\Desktop\Development\Work_Automation\internal_trn_distributor.py", line 637, in main
    payloads = scan_unread_trn_mails(folder, processed_ids)
  File "C:\Users\husey\OneDrive\Desktop\Development\Work_Automation\internal_trn_distributor.py", line 528, in scan_unread_trn_mails
    items = folder.Items
            ^^^^^^^^^^^^
  File "C:\Users\husey\AppData\Local\Programs\Python\Python314\Lib\site-packages\win32com\client\dynamic.py", line 620, in __getattr__
    ret = self._oleobj_.Invoke(retEntry.dispid, 0, invoke_type, 1)
pywintypes.com_error: (-2147023174, 'The RPC server is unavailable.', None, None)

[2025-12-17 21:30:47] Loop error: (-2147023174, 'The RPC server is unavailable.', None, None)
[2025-12-17 21:30:47] Traceback (most recent call last):
  File "C:\Users\husey\OneDrive\Desktop\Development\Work_Automation\internal_trn_distributor.py", line 637, in main
    payloads = scan_unread_trn_mails(folder, processed_ids)
  File "C:\Users\husey\OneDrive\Desktop\Development\Work_Automation\internal_trn_distributor.py", line 528, in scan_unread_trn_mails
    items = folder.Items
            ^^^^^^^^^^^^
  File "C:\Users\husey\AppData\Local\Programs\Python\Python314\Lib\site-packages\win32com\client\dynamic.py", line 620, in __getattr__
    ret = self._oleobj_.Invoke(retEntry.dispid, 0, invoke_type, 1)
pywintypes.com_error: (-2147023174, 'The RPC server is unavailable.', None, None)

[2025-12-18 10:46:35] === Proyapi TRN Internal Distributor started (v2.1) ===
[2025-12-18 10:46:35] Watching: spp2dcc@kolin.com.tr / Inbox\From Proyapi
[2025-12-18 10:46:35] Sender filter: dccspp2@proyapimusavirlik.com
[2025-12-18 10:46:35] Mode: display | Poll: 300s | Lookback: 7d | MaxScan:200
[2025-12-18 10:46:35] Signature mode: oft | OFT exists: True | Display modal: False | AutoSendAfterDisplay: True
[2025-12-18 10:46:35] Filter: ONLY UNREAD mails. Processed mail will be marked READ.
[2025-12-18 10:46:35] DEBUG => UnRead=True | Sender=dccspp2@proyapimusavirlik.com | Subject=SPP2-PRO-KLN-TRN-0537
[2025-12-18 10:46:35] Scan stats => checked:1 matched:1 (Unread-only)
[2025-12-18 10:46:35] FOUND => SPP2-PRO-KLN-TRN-0537 | PDFs=1 | Date=18 Dec 2025 | is_update=False | already_seen=False
[2025-12-18 10:46:36] 👀 Displayed: SPP2-PRO-KLN-TRN-0537 | PDFs=1 (modal=False)
[2025-12-18 10:46:36] ✅ Sent after display: SPP2-PRO-KLN-TRN-0537 | PDFs=1
[2025-12-18 10:46:36] ✅ DONE => SPP2-PRO-KLN-TRN-0537 (incoming marked READ)
[2025-12-18 10:51:36] Scan stats => checked:0 matched:0 (Unread-only)
[2025-12-18 10:51:36] No matching unread TRN found. Sleeping 300s...
[2025-12-18 10:56:36] Scan stats => checked:0 matched:0 (Unread-only)
[2025-12-18 10:56:36] No matching unread TRN found. Sleeping 300s...
[2025-12-18 11:01:36] Scan stats => checked:0 matched:0 (Unread-only)
[2025-12-18 11:01:36] No matching unread TRN found. Sleeping 300s...
[2025-12-18 11:06:36] Scan stats => checked:0 matched:0 (Unread-only)
[2025-12-18 11:06:36] No matching unread TRN found. Sleeping 300s...
[2025-12-18 11:13:03] Scan stats => checked:0 matched:0 (Unread-only)
[2025-12-18 11:13:03] No matching unread TRN found. Sleeping 300s...
[2025-12-18 11:18:03] Scan stats => checked:0 matched:0 (Unread-only)
[2025-12-18 11:18:03] No matching unread TRN found. Sleeping 300s...
[2025-12-18 11:23:03] Loop error: (-2147023174, 'The RPC server is unavailable.', None, None)
[2025-12-18 11:23:03] Traceback (most recent call last):
  File "C:\Users\husey\OneDrive\Desktop\Development\Work_Automation\internal_trn_distributor.py", line 637, in main
    payloads = scan_unread_trn_mails(folder, processed_ids)
  File "C:\Users\husey\OneDrive\Desktop\Development\Work_Automation\internal_trn_distributor.py", line 528, in scan_unread_trn_mails
    items = folder.Items
            ^^^^^^^^^^^^
  File "C:\Users\husey\AppData\Local\Programs\Python\Python314\Lib\site-packages\win32com\client\dynamic.py", line 620, in __getattr__
    ret = self._oleobj_.Invoke(retEntry.dispid, 0, invoke_type, 1)
pywintypes.com_error: (-2147023174, 'The RPC server is unavailable.', None, None)

[2025-12-18 11:28:03] Loop error: (-2147023174, 'The RPC server is unavailable.', None, None)
[2025-12-18 11:28:03] Traceback (most recent call last):
  File "C:\Users\husey\OneDrive\Desktop\Development\Work_Automation\internal_trn_distributor.py", line 637, in main
    payloads = scan_unread_trn_mails(folder, processed_ids)
  File "C:\Users\husey\OneDrive\Desktop\Development\Work_Automation\internal_trn_distributor.py", line 528, in scan_unread_trn_mails
    items = folder.Items
            ^^^^^^^^^^^^
  File "C:\Users\husey\AppData\Local\Programs\Python\Python314\Lib\site-packages\win32com\client\dynamic.py", line 620, in __getattr__
    ret = self._oleobj_.Invoke(retEntry.dispid, 0, invoke_type, 1)
pywintypes.com_error: (-2147023174, 'The RPC server is unavailable.', None, None)

[2025-12-18 11:33:03] Loop error: (-2147023174, 'The RPC server is unavailable.', None, None)
[2025-12-18 11:33:03] Traceback (most recent call last):
  File "C:\Users\husey\OneDrive\Desktop\Development\Work_Automation\internal_trn_distributor.py", line 637, in main
    payloads = scan_unread_trn_mails(folder, processed_ids)
  File "C:\Users\husey\OneDrive\Desktop\Development\Work_Automation\internal_trn_distributor.py", line 528, in scan_unread_trn_mails
    items = folder.Items
            ^^^^^^^^^^^^
  File "C:\Users\husey\AppData\Local\Programs\Python\Python314\Lib\site-packages\win32com\client\dynamic.py", line 620, in __getattr__
    ret = self._oleobj_.Invoke(retEntry.dispid, 0, invoke_type, 1)
pywintypes.com_error: (-2147023174, 'The RPC server is unavailable.', None, None)

[2025-12-18 11:38:10] Loop error: (-2147023174, 'The RPC server is unavailable.', None, None)
[2025-12-18 11:38:10] Traceback (most recent call last):
  File "C:\Users\husey\OneDrive\Desktop\Development\Work_Automation\internal_trn_distributor.py", line 637, in main
    payloads = scan_unread_trn_mails(folder, processed_ids)
  File "C:\Users\husey\OneDrive\Desktop\Development\Work_Automation\internal_trn_distributor.py", line 528, in scan_unread_trn_mails
    items = folder.Items
            ^^^^^^^^^^^^
  File "C:\Users\husey\AppData\Local\Programs\Python\Python314\Lib\site-packages\win32com\client\dynamic.py", line 620, in __getattr__
    ret = self._oleobj_.Invoke(retEntry.dispid, 0, invoke_type, 1)
pywintypes.com_error: (-2147023174, 'The RPC server is unavailable.', None, None)

[2025-12-18 11:43:10] Loop error: (-2147023174, 'The RPC server is unavailable.', None, None)
[2025-12-18 11:43:10] Traceback (most recent call last):
  File "C:\Users\husey\OneDrive\Desktop\Development\Work_Automation\internal_trn_distributor.py", line 637, in main
    payloads = scan_unread_trn_mails(folder, processed_ids)
  File "C:\Users\husey\OneDrive\Desktop\Development\Work_Automation\internal_trn_distributor.py", line 528, in scan_unread_trn_mails
    items = folder.Items
            ^^^^^^^^^^^^
  File "C:\Users\husey\AppData\Local\Programs\Python\Python314\Lib\site-packages\win32com\client\dynamic.py", line 620, in __getattr__
    ret = self._oleobj_.Invoke(retEntry.dispid, 0, invoke_type, 1)
pywintypes.com_error: (-2147023174, 'The RPC server is unavailable.', None, None)

[2025-12-18 11:48:10] Loop error: (-2147023174, 'The RPC server is unavailable.', None, None)
[2025-12-18 11:48:10] Traceback (most recent call last):
  File "C:\Users\husey\OneDrive\Desktop\Development\Work_Automation\internal_trn_distributor.py", line 637, in main
    payloads = scan_unread_trn_mails(folder, processed_ids)
  File "C:\Users\husey\OneDrive\Desktop\Development\Work_Automation\internal_trn_distributor.py", line 528, in scan_unread_trn_mails
    items = folder.Items
            ^^^^^^^^^^^^
  File "C:\Users\husey\AppData\Local\Programs\Python\Python314\Lib\site-packages\win32com\client\dynamic.py", line 620, in __getattr__
    ret = self._oleobj_.Invoke(retEntry.dispid, 0, invoke_type, 1)
pywintypes.com_error: (-2147023174, 'The RPC server is unavailable.', None, None)

[2025-12-18 11:53:10] Loop error: (-2147023174, 'The RPC server is unavailable.', None, None)
[2025-12-18 11:53:10] Traceback (most recent call last):
  File "C:\Users\husey\OneDrive\Desktop\Development\Work_Automation\internal_trn_distributor.py", line 637, in main
    payloads = scan_unread_trn_mails(folder, processed_ids)
  File "C:\Users\husey\OneDrive\Desktop\Development\Work_Automation\internal_trn_distributor.py", line 528, in scan_unread_trn_mails
    items = folder.Items
            ^^^^^^^^^^^^
  File "C:\Users\husey\AppData\Local\Programs\Python\Python314\Lib\site-packages\win32com\client\dynamic.py", line 620, in __getattr__
    ret = self._oleobj_.Invoke(retEntry.dispid, 0, invoke_type, 1)
pywintypes.com_error: (-2147023174, 'The RPC server is unavailable.', None, None)

[2025-12-18 11:58:10] Loop error: (-2147023174, 'The RPC server is unavailable.', None, None)
[2025-12-18 11:58:10] Traceback (most recent call last):
  File "C:\Users\husey\OneDrive\Desktop\Development\Work_Automation\internal_trn_distributor.py", line 637, in main
    payloads = scan_unread_trn_mails(folder, processed_ids)
  File "C:\Users\husey\OneDrive\Desktop\Development\Work_Automation\internal_trn_distributor.py", line 528, in scan_unread_trn_mails
    items = folder.Items
            ^^^^^^^^^^^^
  File "C:\Users\husey\AppData\Local\Programs\Python\Python314\Lib\site-packages\win32com\client\dynamic.py", line 620, in __getattr__
    ret = self._oleobj_.Invoke(retEntry.dispid, 0, invoke_type, 1)
pywintypes.com_error: (-2147023174, 'The RPC server is unavailable.', None, None)

[2025-12-18 12:03:10] Loop error: (-2147023174, 'The RPC server is unavailable.', None, None)
[2025-12-18 12:03:10] Traceback (most recent call last):
  File "C:\Users\husey\OneDrive\Desktop\Development\Work_Automation\internal_trn_distributor.py", line 637, in main
    payloads = scan_unread_trn_mails(folder, processed_ids)
  File "C:\Users\husey\OneDrive\Desktop\Development\Work_Automation\internal_trn_distributor.py", line 528, in scan_unread_trn_mails
    items = folder.Items
            ^^^^^^^^^^^^
  File "C:\Users\husey\AppData\Local\Programs\Python\Python314\Lib\site-packages\win32com\client\dynamic.py", line 620, in __getattr__
    ret = self._oleobj_.Invoke(retEntry.dispid, 0, invoke_type, 1)
pywintypes.com_error: (-2147023174, 'The RPC server is unavailable.', None, None)

[2025-12-18 12:08:10] Loop error: (-2147023174, 'The RPC server is unavailable.', None, None)
[2025-12-18 12:08:10] Traceback (most recent call last):
  File "C:\Users\husey\OneDrive\Desktop\Development\Work_Automation\internal_trn_distributor.py", line 637, in main
    payloads = scan_unread_trn_mails(folder, processed_ids)
  File "C:\Users\husey\OneDrive\Desktop\Development\Work_Automation\internal_trn_distributor.py", line 528, in scan_unread_trn_mails
    items = folder.Items
            ^^^^^^^^^^^^
  File "C:\Users\husey\AppData\Local\Programs\Python\Python314\Lib\site-packages\win32com\client\dynamic.py", line 620, in __getattr__
    ret = self._oleobj_.Invoke(retEntry.dispid, 0, invoke_type, 1)
pywintypes.com_error: (-2147023174, 'The RPC server is unavailable.', None, None)

[2025-12-18 12:13:10] Loop error: (-2147023174, 'The RPC server is unavailable.', None, None)
[2025-12-18 12:13:10] Traceback (most recent call last):
  File "C:\Users\husey\OneDrive\Desktop\Development\Work_Automation\internal_trn_distributor.py", line 637, in main
    payloads = scan_unread_trn_mails(folder, processed_ids)
  File "C:\Users\husey\OneDrive\Desktop\Development\Work_Automation\internal_trn_distributor.py", line 528, in scan_unread_trn_mails
    items = folder.Items
            ^^^^^^^^^^^^
  File "C:\Users\husey\AppData\Local\Programs\Python\Python314\Lib\site-packages\win32com\client\dynamic.py", line 620, in __getattr__
    ret = self._oleobj_.Invoke(retEntry.dispid, 0, invoke_type, 1)
pywintypes.com_error: (-2147023174, 'The RPC server is unavailable.', None, None)

[2025-12-18 12:18:10] Loop error: (-2147023174, 'The RPC server is unavailable.', None, None)
[2025-12-18 12:18:10] Traceback (most recent call last):
  File "C:\Users\husey\OneDrive\Desktop\Development\Work_Automation\internal_trn_distributor.py", line 637, in main
    payloads = scan_unread_trn_mails(folder, processed_ids)
  File "C:\Users\husey\OneDrive\Desktop\Development\Work_Automation\internal_trn_distributor.py", line 528, in scan_unread_trn_mails
    items = folder.Items
            ^^^^^^^^^^^^
  File "C:\Users\husey\AppData\Local\Programs\Python\Python314\Lib\site-packages\win32com\client\dynamic.py", line 620, in __getattr__
    ret = self._oleobj_.Invoke(retEntry.dispid, 0, invoke_type, 1)
pywintypes.com_error: (-2147023174, 'The RPC server is unavailable.', None, None)

[2025-12-18 12:23:10] Loop error: (-2147023174, 'The RPC server is unavailable.', None, None)
[2025-12-18 12:23:10] Traceback (most recent call last):
  File "C:\Users\husey\OneDrive\Desktop\Development\Work_Automation\internal_trn_distributor.py", line 637, in main
    payloads = scan_unread_trn_mails(folder, processed_ids)
  File "C:\Users\husey\OneDrive\Desktop\Development\Work_Automation\internal_trn_distributor.py", line 528, in scan_unread_trn_mails
    items = folder.Items
            ^^^^^^^^^^^^
  File "C:\Users\husey\AppData\Local\Programs\Python\Python314\Lib\site-packages\win32com\client\dynamic.py", line 620, in __getattr__
    ret = self._oleobj_.Invoke(retEntry.dispid, 0, invoke_type, 1)
pywintypes.com_error: (-2147023174, 'The RPC server is unavailable.', None, None)

[2025-12-18 12:28:10] Loop error: (-2147023174, 'The RPC server is unavailable.', None, None)
[2025-12-18 12:28:10] Traceback (most recent call last):
  File "C:\Users\husey\OneDrive\Desktop\Development\Work_Automation\internal_trn_distributor.py", line 637, in main
    payloads = scan_unread_trn_mails(folder, processed_ids)
  File "C:\Users\husey\OneDrive\Desktop\Development\Work_Automation\internal_trn_distributor.py", line 528, in scan_unread_trn_mails
    items = folder.Items
            ^^^^^^^^^^^^
  File "C:\Users\husey\AppData\Local\Programs\Python\Python314\Lib\site-packages\win32com\client\dynamic.py", line 620, in __getattr__
    ret = self._oleobj_.Invoke(retEntry.dispid, 0, invoke_type, 1)
pywintypes.com_error: (-2147023174, 'The RPC server is unavailable.', None, None)

[2025-12-18 12:58:28] Loop error: (-2147023174, 'The RPC server is unavailable.', None, None)
[2025-12-18 12:58:28] Traceback (most recent call last):
  File "C:\Users\husey\OneDrive\Desktop\Development\Work_Automation\internal_trn_distributor.py", line 637, in main
    payloads = scan_unread_trn_mails(folder, processed_ids)
  File "C:\Users\husey\OneDrive\Desktop\Development\Work_Automation\internal_trn_distributor.py", line 528, in scan_unread_trn_mails
    items = folder.Items
            ^^^^^^^^^^^^
  File "C:\Users\husey\AppData\Local\Programs\Python\Python314\Lib\site-packages\win32com\client\dynamic.py", line 620, in __getattr__
    ret = self._oleobj_.Invoke(retEntry.dispid, 0, invoke_type, 1)
pywintypes.com_error: (-2147023174, 'The RPC server is unavailable.', None, None)

[2025-12-18 13:03:28] Loop error: (-2147023174, 'The RPC server is unavailable.', None, None)
[2025-12-18 13:03:28] Traceback (most recent call last):
  File "C:\Users\husey\OneDrive\Desktop\Development\Work_Automation\internal_trn_distributor.py", line 637, in main
    payloads = scan_unread_trn_mails(folder, processed_ids)
  File "C:\Users\husey\OneDrive\Desktop\Development\Work_Automation\internal_trn_distributor.py", line 528, in scan_unread_trn_mails
    items = folder.Items
            ^^^^^^^^^^^^
  File "C:\Users\husey\AppData\Local\Programs\Python\Python314\Lib\site-packages\win32com\client\dynamic.py", line 620, in __getattr__
    ret = self._oleobj_.Invoke(retEntry.dispid, 0, invoke_type, 1)
pywintypes.com_error: (-2147023174, 'The RPC server is unavailable.', None, None)

[2025-12-18 16:52:02] === Proyapi TRN Internal Distributor started (v2.2 ULTRA OPTIMIZED) ===
[2025-12-18 16:52:02] 🔄 Connecting to Outlook...
[2025-12-18 16:52:02] ✅ Outlook connection established (attempt 1/3)
[2025-12-18 16:52:02] Watching: spp2dcc@kolin.com.tr / Inbox\From Proyapi
[2025-12-18 16:52:02] Sender filter: dccspp2@proyapimusavirlik.com
[2025-12-18 16:52:02] Mode: display | Poll: 300s | Lookback: 7d | MaxScan:200
[2025-12-18 16:52:02] Retry: 3 attempts | Delay: 5s | Reconnect interval: 3600s
[2025-12-18 16:52:02] Signature mode: oft | OFT exists: True | Display modal: False | AutoSendAfterDisplay: True
[2025-12-18 16:52:02] Filter: ONLY UNREAD mails. Processed mail will be marked READ.
[2025-12-18 16:52:02] 
[Loop #1] Scanning for unread TRN mails...
[2025-12-18 16:52:02] DEBUG => UnRead=True | Sender=dccspp2@proyapimusavirlik.com | Subject=SPP2-PRO-KLN-TRN-0538
[2025-12-18 16:52:02] Scan stats => checked:1 matched:1 | skipped: read=0 sender=0 no_trn=0
[2025-12-18 16:52:02] FOUND => SPP2-PRO-KLN-TRN-0538 | PDFs=1 | Date=18 Dec 2025 | is_update=False | already_seen=False
[2025-12-18 16:52:03] 👀 Displayed: SPP2-PRO-KLN-TRN-0538 | PDFs=1 (modal=False)
[2025-12-18 16:52:03] ✅ Sent after display: SPP2-PRO-KLN-TRN-0538 | PDFs=1
[2025-12-18 16:52:03] ✅ DONE => SPP2-PRO-KLN-TRN-0538 (incoming marked READ)
[2025-12-18 16:57:03] 
[Loop #2] Scanning for unread TRN mails...
[2025-12-18 16:57:03] Scan stats => checked:0 matched:0 | skipped: read=0 sender=0 no_trn=0
[2025-12-18 16:57:03] No matching unread TRN found. Sleeping 300s...
[2025-12-18 17:02:03] 
[Loop #3] Scanning for unread TRN mails...
[2025-12-18 17:02:03] Scan stats => checked:0 matched:0 | skipped: read=0 sender=0 no_trn=0
[2025-12-18 17:02:03] No matching unread TRN found. Sleeping 300s...
[2025-12-18 17:07:03] 
[Loop #4] Scanning for unread TRN mails...
[2025-12-18 17:07:03] Scan stats => checked:0 matched:0 | skipped: read=0 sender=0 no_trn=0
[2025-12-18 17:07:03] No matching unread TRN found. Sleeping 300s...
[2025-12-18 17:12:03] 
[Loop #5] Scanning for unread TRN mails...
[2025-12-18 17:12:03] Scan stats => checked:0 matched:0 | skipped: read=0 sender=0 no_trn=0
[2025-12-18 17:12:03] No matching unread TRN found. Sleeping 300s...
[2025-12-18 17:17:03] 
[Loop #6] Scanning for unread TRN mails...
[2025-12-18 17:17:03] Scan stats => checked:0 matched:0 | skipped: read=0 sender=0 no_trn=0
[2025-12-18 17:17:03] No matching unread TRN found. Sleeping 300s...
[2025-12-18 17:22:03] 
[Loop #7] Scanning for unread TRN mails...
[2025-12-18 17:22:03] Scan stats => checked:0 matched:0 | skipped: read=0 sender=0 no_trn=0
[2025-12-18 17:22:03] No matching unread TRN found. Sleeping 300s...
[2025-12-18 17:27:03] 
[Loop #8] Scanning for unread TRN mails...
[2025-12-18 17:27:04] Scan stats => checked:0 matched:0 | skipped: read=0 sender=0 no_trn=0
[2025-12-18 17:27:04] No matching unread TRN found. Sleeping 300s...
[2025-12-18 17:32:04] 
[Loop #9] Scanning for unread TRN mails...
[2025-12-18 17:32:04] Scan stats => checked:0 matched:0 | skipped: read=0 sender=0 no_trn=0
[2025-12-18 17:32:04] No matching unread TRN found. Sleeping 300s...
[2025-12-18 17:37:04] 
[Loop #10] Scanning for unread TRN mails...
[2025-12-18 17:37:04] Scan stats => checked:0 matched:0 | skipped: read=0 sender=0 no_trn=0
[2025-12-18 17:37:04] No matching unread TRN found. Sleeping 300s...
[2025-12-18 17:42:04] 
[Loop #11] Scanning for unread TRN mails...
[2025-12-18 17:42:04] Scan stats => checked:0 matched:0 | skipped: read=0 sender=0 no_trn=0
[2025-12-18 17:42:04] No matching unread TRN found. Sleeping 300s...
[2025-12-18 17:47:04] 
[Loop #12] Scanning for unread TRN mails...
[2025-12-18 17:47:04] Scan stats => checked:0 matched:0 | skipped: read=0 sender=0 no_trn=0
[2025-12-18 17:47:04] No matching unread TRN found. Sleeping 300s...
[2025-12-18 17:52:04] ⏰ Proactive reconnect scheduled (hourly refresh)
[2025-12-18 17:52:04] 🔄 Connecting to Outlook...
[2025-12-18 17:52:04] ✅ Outlook connection established (attempt 1/3)
[2025-12-18 17:52:04] 
[Loop #13] Scanning for unread TRN mails...
[2025-12-18 17:52:04] Scan stats => checked:0 matched:0 | skipped: read=0 sender=0 no_trn=0
[2025-12-18 17:52:04] No matching unread TRN found. Sleeping 300s...
[2025-12-18 17:57:04] 
[Loop #14] Scanning for unread TRN mails...
[2025-12-18 17:57:04] ❌ COM/RPC error in main loop: (-2147023174, 'The RPC server is unavailable.', None, None)
[2025-12-18 17:57:04] Traceback (most recent call last):
  File "C:\Users\husey\OneDrive\Desktop\Development\Work_Automation\internal_trn_distributor.py", line 756, in main
    payloads = scan_unread_trn_mails(folder, processed_ids)
  File "C:\Users\husey\OneDrive\Desktop\Development\Work_Automation\internal_trn_distributor.py", line 613, in scan_unread_trn_mails
    items = folder.Items
            ^^^^^^^^^^^^
  File "C:\Users\husey\AppData\Local\Programs\Python\Python314\Lib\site-packages\win32com\client\dynamic.py", line 620, in __getattr__
    ret = self._oleobj_.Invoke(retEntry.dispid, 0, invoke_type, 1)
pywintypes.com_error: (-2147023174, 'The RPC server is unavailable.', None, None)

[2025-12-18 17:57:04] 🔄 Attempting to reconnect Outlook...
[2025-12-18 17:57:04] 🔄 Connecting to Outlook...
[2025-12-18 17:57:04] ✅ Outlook connection established (attempt 1/3)
[2025-12-18 17:57:04] ✅ Reconnection successful, continuing...
[2025-12-19 10:08:53] === Proyapi TRN Internal Distributor started (v2.2 ULTRA OPTIMIZED) ===
[2025-12-19 10:08:53] 🔄 Connecting to Outlook...
[2025-12-19 10:08:54] ✅ Outlook connection established (attempt 1/3)
[2025-12-19 10:08:54] Watching: spp2dcc@kolin.com.tr / Inbox\From Proyapi
[2025-12-19 10:08:54] Sender filter: dccspp2@proyapimusavirlik.com
[2025-12-19 10:08:54] Mode: display | Poll: 300s | Lookback: 7d | MaxScan:200
[2025-12-19 10:08:54] Retry: 3 attempts | Delay: 5s | Reconnect interval: 3600s
[2025-12-19 10:08:54] Signature mode: oft | OFT exists: True | Display modal: False | AutoSendAfterDisplay: True
[2025-12-19 10:08:54] Filter: ONLY UNREAD mails. Processed mail will be marked READ.
[2025-12-19 10:08:54] 
[Loop #1] Scanning for unread TRN mails...
[2025-12-19 10:08:54] Scan stats => checked:0 matched:0 | skipped: read=0 sender=0 no_trn=0
[2025-12-19 10:08:54] No matching unread TRN found. Sleeping 300s...
[2025-12-19 10:13:54] 
[Loop #2] Scanning for unread TRN mails...
[2025-12-19 10:13:54] Scan stats => checked:0 matched:0 | skipped: read=0 sender=0 no_trn=0
[2025-12-19 10:13:54] No matching unread TRN found. Sleeping 300s...
[2025-12-19 10:18:54] 
[Loop #3] Scanning for unread TRN mails...
[2025-12-19 10:18:54] Scan stats => checked:0 matched:0 | skipped: read=0 sender=0 no_trn=0
[2025-12-19 10:18:54] No matching unread TRN found. Sleeping 300s...
[2025-12-19 10:23:54] 
[Loop #4] Scanning for unread TRN mails...
[2025-12-19 10:23:54] Scan stats => checked:0 matched:0 | skipped: read=0 sender=0 no_trn=0
[2025-12-19 10:23:54] No matching unread TRN found. Sleeping 300s...
[2025-12-19 10:28:54] 
[Loop #5] Scanning for unread TRN mails...
[2025-12-19 10:28:54] Scan stats => checked:0 matched:0 | skipped: read=0 sender=0 no_trn=0
[2025-12-19 10:28:54] No matching unread TRN found. Sleeping 300s...
[2025-12-19 10:33:54] 
[Loop #6] Scanning for unread TRN mails...
[2025-12-19 10:33:54] Scan stats => checked:0 matched:0 | skipped: read=0 sender=0 no_trn=0
[2025-12-19 10:33:54] No matching unread TRN found. Sleeping 300s...
[2025-12-19 10:38:54] 
[Loop #7] Scanning for unread TRN mails...
[2025-12-19 10:38:54] Scan stats => checked:0 matched:0 | skipped: read=0 sender=0 no_trn=0
[2025-12-19 10:38:54] No matching unread TRN found. Sleeping 300s...
[2025-12-19 10:47:58] 
[Loop #8] Scanning for unread TRN mails...
[2025-12-19 10:47:58] Scan stats => checked:0 matched:0 | skipped: read=0 sender=0 no_trn=0
[2025-12-19 10:47:58] No matching unread TRN found. Sleeping 300s...
[2025-12-19 10:52:58] 
[Loop #9] Scanning for unread TRN mails...
[2025-12-19 10:52:58] Scan stats => checked:0 matched:0 | skipped: read=0 sender=0 no_trn=0
[2025-12-19 10:52:58] No matching unread TRN found. Sleeping 300s...
[2025-12-19 10:57:58] 
[Loop #10] Scanning for unread TRN mails...
[2025-12-19 10:57:58] Scan stats => checked:0 matched:0 | skipped: read=0 sender=0 no_trn=0
[2025-12-19 10:57:58] No matching unread TRN found. Sleeping 300s...
[2025-12-19 11:02:58] 
[Loop #11] Scanning for unread TRN mails...
[2025-12-19 11:02:58] Scan stats => checked:0 matched:0 | skipped: read=0 sender=0 no_trn=0
[2025-12-19 11:02:58] No matching unread TRN found. Sleeping 300s...
[2025-12-19 11:07:58] 
[Loop #12] Scanning for unread TRN mails...
[2025-12-19 11:07:58] Scan stats => checked:0 matched:0 | skipped: read=0 sender=0 no_trn=0
[2025-12-19 11:07:58] No matching unread TRN found. Sleeping 300s...
[2025-12-19 11:12:58] ⏰ Proactive reconnect scheduled (hourly refresh)
[2025-12-19 11:12:58] 🔄 Connecting to Outlook...
[2025-12-19 11:12:58] ✅ Outlook connection established (attempt 1/3)
[2025-12-19 11:12:58] 
[Loop #13] Scanning for unread TRN mails...
[2025-12-19 11:12:58] Scan stats => checked:0 matched:0 | skipped: read=0 sender=0 no_trn=0
[2025-12-19 11:12:58] No matching unread TRN found. Sleeping 300s...
[2025-12-19 11:17:58] 
[Loop #14] Scanning for unread TRN mails...
[2025-12-19 11:17:58] Scan stats => checked:0 matched:0 | skipped: read=0 sender=0 no_trn=0
[2025-12-19 11:17:58] No matching unread TRN found. Sleeping 300s...
[2025-12-19 11:22:58] 
[Loop #15] Scanning for unread TRN mails...
[2025-12-19 11:22:58] Scan stats => checked:0 matched:0 | skipped: read=0 sender=0 no_trn=0
[2025-12-19 11:22:58] No matching unread TRN found. Sleeping 300s...
[2025-12-19 11:27:58] 
[Loop #16] Scanning for unread TRN mails...
[2025-12-19 11:27:58] Scan stats => checked:0 matched:0 | skipped: read=0 sender=0 no_trn=0
[2025-12-19 11:27:58] No matching unread TRN found. Sleeping 300s...
[2025-12-19 11:32:58] 
[Loop #17] Scanning for unread TRN mails...
[2025-12-19 11:32:58] Scan stats => checked:0 matched:0 | skipped: read=0 sender=0 no_trn=0
[2025-12-19 11:32:58] No matching unread TRN found. Sleeping 300s...
[2025-12-19 11:37:58] 
[Loop #18] Scanning for unread TRN mails...
[2025-12-19 11:37:58] Scan stats => checked:0 matched:0 | skipped: read=0 sender=0 no_trn=0
[2025-12-19 11:37:58] No matching unread TRN found. Sleeping 300s...
[2025-12-19 11:42:58] 
[Loop #19] Scanning for unread TRN mails...
[2025-12-19 11:42:58] Scan stats => checked:0 matched:0 | skipped: read=0 sender=0 no_trn=0
[2025-12-19 11:42:58] No matching unread TRN found. Sleeping 300s...
[2025-12-19 11:47:58] 
[Loop #20] Scanning for unread TRN mails...
[2025-12-19 11:47:58] Scan stats => checked:0 matched:0 | skipped: read=0 sender=0 no_trn=0
[2025-12-19 11:47:58] No matching unread TRN found. Sleeping 300s...
[2025-12-19 11:52:58] 
[Loop #21] Scanning for unread TRN mails...
[2025-12-19 11:52:58] Scan stats => checked:0 matched:0 | skipped: read=0 sender=0 no_trn=0
[2025-12-19 11:52:58] No matching unread TRN found. Sleeping 300s...
[2025-12-19 11:57:58] 
[Loop #22] Scanning for unread TRN mails...
[2025-12-19 11:57:58] Scan stats => checked:0 matched:0 | skipped: read=0 sender=0 no_trn=0
[2025-12-19 11:57:58] No matching unread TRN found. Sleeping 300s...
[2025-12-19 12:02:58] 
[Loop #23] Scanning for unread TRN mails...
[2025-12-19 12:02:58] Scan stats => checked:0 matched:0 | skipped: read=0 sender=0 no_trn=0
[2025-12-19 12:02:58] No matching unread TRN found. Sleeping 300s...
[2025-12-19 12:07:58] 
[Loop #24] Scanning for unread TRN mails...
[2025-12-19 12:07:58] Scan stats => checked:0 matched:0 | skipped: read=0 sender=0 no_trn=0
[2025-12-19 12:07:58] No matching unread TRN found. Sleeping 300s...
[2025-12-19 12:12:58] ⏰ Proactive reconnect scheduled (hourly refresh)
[2025-12-19 12:12:58] 🔄 Connecting to Outlook...
[2025-12-19 12:12:58] ✅ Outlook connection established (attempt 1/3)
[2025-12-19 12:12:59] 
[Loop #25] Scanning for unread TRN mails...
[2025-12-19 12:12:59] Scan stats => checked:0 matched:0 | skipped: read=0 sender=0 no_trn=0
[2025-12-19 12:12:59] No matching unread TRN found. Sleeping 300s...
[2025-12-19 12:17:59] 
[Loop #26] Scanning for unread TRN mails...
[2025-12-19 12:17:59] Scan stats => checked:0 matched:0 | skipped: read=0 sender=0 no_trn=0
[2025-12-19 12:17:59] No matching unread TRN found. Sleeping 300s...
[2025-12-19 12:22:59] 
[Loop #27] Scanning for unread TRN mails...
[2025-12-19 12:22:59] Scan stats => checked:0 matched:0 | skipped: read=0 sender=0 no_trn=0
[2025-12-19 12:22:59] No matching unread TRN found. Sleeping 300s...
[2025-12-19 12:28:05] 
[Loop #28] Scanning for unread TRN mails...
[2025-12-19 12:28:05] Scan stats => checked:0 matched:0 | skipped: read=0 sender=0 no_trn=0
[2025-12-19 12:28:05] No matching unread TRN found. Sleeping 300s...
[2025-12-19 12:33:05] 
[Loop #29] Scanning for unread TRN mails...
[2025-12-19 12:33:05] Scan stats => checked:0 matched:0 | skipped: read=0 sender=0 no_trn=0
[2025-12-19 12:33:05] No matching unread TRN found. Sleeping 300s...
[2025-12-19 12:38:05] 
[Loop #30] Scanning for unread TRN mails...
[2025-12-19 12:38:05] Scan stats => checked:0 matched:0 | skipped: read=0 sender=0 no_trn=0
[2025-12-19 12:38:05] No matching unread TRN found. Sleeping 300s...
[2025-12-19 12:43:05] 
[Loop #31] Scanning for unread TRN mails...
[2025-12-19 12:43:05] Scan stats => checked:0 matched:0 | skipped: read=0 sender=0 no_trn=0
[2025-12-19 12:43:05] No matching unread TRN found. Sleeping 300s...
[2025-12-19 12:48:05] 
[Loop #32] Scanning for unread TRN mails...
[2025-12-19 12:48:05] Scan stats => checked:1 matched:0 | skipped: read=0 sender=0 no_trn=1
[2025-12-19 12:48:05] No matching unread TRN found. Sleeping 300s...
[2025-12-19 12:53:05] 
[Loop #33] Scanning for unread TRN mails...
[2025-12-19 12:53:06] Scan stats => checked:1 matched:0 | skipped: read=0 sender=0 no_trn=1
[2025-12-19 12:53:06] No matching unread TRN found. Sleeping 300s...
[2025-12-19 12:58:06] 
[Loop #34] Scanning for unread TRN mails...
[2025-12-19 12:58:06] Scan stats => checked:1 matched:0 | skipped: read=0 sender=0 no_trn=1
[2025-12-19 12:58:06] No matching unread TRN found. Sleeping 300s...
[2025-12-19 13:22:43] ⏰ Proactive reconnect scheduled (hourly refresh)
[2025-12-19 13:22:43] 🔄 Connecting to Outlook...
[2025-12-19 13:22:45] ✅ Outlook connection established (attempt 1/3)
[2025-12-19 13:22:45] 
[Loop #35] Scanning for unread TRN mails...
[2025-12-19 13:22:45] Scan stats => checked:1 matched:0 | skipped: read=0 sender=0 no_trn=1
[2025-12-19 13:22:45] No matching unread TRN found. Sleeping 300s...
[2025-12-19 13:27:45] 
[Loop #36] Scanning for unread TRN mails...
[2025-12-19 13:27:45] Scan stats => checked:1 matched:0 | skipped: read=0 sender=0 no_trn=1
[2025-12-19 13:27:45] No matching unread TRN found. Sleeping 300s...
[2025-12-19 13:32:45] 
[Loop #37] Scanning for unread TRN mails...
[2025-12-19 13:32:45] Scan stats => checked:1 matched:0 | skipped: read=0 sender=0 no_trn=1
[2025-12-19 13:32:45] No matching unread TRN found. Sleeping 300s...
[2025-12-19 13:37:45] 
[Loop #38] Scanning for unread TRN mails...
[2025-12-19 13:37:45] Scan stats => checked:0 matched:0 | skipped: read=0 sender=0 no_trn=0
[2025-12-19 13:37:45] No matching unread TRN found. Sleeping 300s...
[2025-12-19 13:44:48] 
[Loop #39] Scanning for unread TRN mails...
[2025-12-19 13:44:49] Scan stats => checked:0 matched:0 | skipped: read=0 sender=0 no_trn=0
[2025-12-19 13:44:49] No matching unread TRN found. Sleeping 300s...
[2025-12-19 13:49:49] 
[Loop #40] Scanning for unread TRN mails...
[2025-12-19 13:49:49] Scan stats => checked:0 matched:0 | skipped: read=0 sender=0 no_trn=0
[2025-12-19 13:49:49] No matching unread TRN found. Sleeping 300s...
[2025-12-19 13:54:49] 
[Loop #41] Scanning for unread TRN mails...
[2025-12-19 13:54:49] Scan stats => checked:0 matched:0 | skipped: read=0 sender=0 no_trn=0
[2025-12-19 13:54:49] No matching unread TRN found. Sleeping 300s...
[2025-12-19 13:59:49] 
[Loop #42] Scanning for unread TRN mails...
[2025-12-19 13:59:49] Scan stats => checked:0 matched:0 | skipped: read=0 sender=0 no_trn=0
[2025-12-19 13:59:49] No matching unread TRN found. Sleeping 300s...
[2025-12-19 14:04:49] 
[Loop #43] Scanning for unread TRN mails...
[2025-12-19 14:04:49] Scan stats => checked:0 matched:0 | skipped: read=0 sender=0 no_trn=0
[2025-12-19 14:04:49] No matching unread TRN found. Sleeping 300s...
[2025-12-19 14:09:49] 
[Loop #44] Scanning for unread TRN mails...
[2025-12-19 14:09:49] Scan stats => checked:0 matched:0 | skipped: read=0 sender=0 no_trn=0
[2025-12-19 14:09:49] No matching unread TRN found. Sleeping 300s...
[2025-12-19 14:14:49] 
[Loop #45] Scanning for unread TRN mails...
[2025-12-19 14:14:49] Scan stats => checked:0 matched:0 | skipped: read=0 sender=0 no_trn=0
[2025-12-19 14:14:49] No matching unread TRN found. Sleeping 300s...
[2025-12-19 14:19:49] 
[Loop #46] Scanning for unread TRN mails...
[2025-12-19 14:19:49] Scan stats => checked:0 matched:0 | skipped: read=0 sender=0 no_trn=0
[2025-12-19 14:19:49] No matching unread TRN found. Sleeping 300s...
[2025-12-19 14:24:49] ⏰ Proactive reconnect scheduled (hourly refresh)
[2025-12-19 14:24:49] 🔄 Connecting to Outlook...
[2025-12-19 14:24:49] ✅ Outlook connection established (attempt 1/3)
[2025-12-19 14:24:50] 
[Loop #47] Scanning for unread TRN mails...
[2025-12-19 14:24:50] Scan stats => checked:0 matched:0 | skipped: read=0 sender=0 no_trn=0
[2025-12-19 14:24:50] No matching unread TRN found. Sleeping 300s...
[2025-12-19 14:29:50] 
[Loop #48] Scanning for unread TRN mails...
[2025-12-19 14:29:50] Scan stats => checked:0 matched:0 | skipped: read=0 sender=0 no_trn=0
[2025-12-19 14:29:50] No matching unread TRN found. Sleeping 300s...
[2025-12-19 14:34:50] 
[Loop #49] Scanning for unread TRN mails...
[2025-12-19 14:34:50] DEBUG => UnRead=True | Sender=dccspp2@proyapimusavirlik.com | Subject=SPP2-PRO-KLN-TRN-0539
[2025-12-19 14:34:50] Scan stats => checked:1 matched:1 | skipped: read=0 sender=0 no_trn=0
[2025-12-19 14:34:50] FOUND => SPP2-PRO-KLN-TRN-0539 | PDFs=1 | Date=19 Dec 2025 | is_update=False | already_seen=False
[2025-12-19 14:34:50] 👀 Displayed: SPP2-PRO-KLN-TRN-0539 | PDFs=1 (modal=False)
[2025-12-19 14:34:50] ✅ Sent after display: SPP2-PRO-KLN-TRN-0539 | PDFs=1
[2025-12-19 14:34:50] ✅ DONE => SPP2-PRO-KLN-TRN-0539 (incoming marked READ)
[2025-12-19 14:39:50] 
[Loop #50] Scanning for unread TRN mails...
[2025-12-19 14:39:50] DEBUG => UnRead=True | Sender=dccspp2@proyapimusavirlik.com | Subject=SPP2-PRO-KLN-TRN-0540
[2025-12-19 14:39:50] Scan stats => checked:1 matched:1 | skipped: read=0 sender=0 no_trn=0
[2025-12-19 14:39:50] FOUND => SPP2-PRO-KLN-TRN-0540 | PDFs=1 | Date=19 Dec 2025 | is_update=False | already_seen=False
[2025-12-19 14:51:10] 👀 Displayed: SPP2-PRO-KLN-TRN-0540 | PDFs=1 (modal=False)
[2025-12-19 14:51:11] ✅ Sent after display: SPP2-PRO-KLN-TRN-0540 | PDFs=1
[2025-12-19 14:51:11] ✅ DONE => SPP2-PRO-KLN-TRN-0540 (incoming marked READ)
[2025-12-19 14:56:11] 
[Loop #51] Scanning for unread TRN mails...
[2025-12-19 14:56:11] Scan stats => checked:0 matched:0 | skipped: read=0 sender=0 no_trn=0
[2025-12-19 14:56:11] No matching unread TRN found. Sleeping 300s...
[2025-12-19 15:01:11] 
[Loop #52] Scanning for unread TRN mails...
[2025-12-19 15:01:11] DEBUG => UnRead=True | Sender=dccspp2@proyapimusavirlik.com | Subject=SPP2-PRO-KLN-TRN-0541
[2025-12-19 15:01:11] Scan stats => checked:1 matched:1 | skipped: read=0 sender=0 no_trn=0
[2025-12-19 15:01:11] FOUND => SPP2-PRO-KLN-TRN-0541 | PDFs=1 | Date=19 Dec 2025 | is_update=False | already_seen=False
[2025-12-19 15:01:11] 👀 Displayed: SPP2-PRO-KLN-TRN-0541 | PDFs=1 (modal=False)
[2025-12-19 15:01:11] ✅ Sent after display: SPP2-PRO-KLN-TRN-0541 | PDFs=1
[2025-12-19 15:01:11] ✅ DONE => SPP2-PRO-KLN-TRN-0541 (incoming marked READ)
[2025-12-19 15:06:11] 
[Loop #53] Scanning for unread TRN mails...
[2025-12-19 15:06:11] Scan stats => checked:0 matched:0 | skipped: read=0 sender=0 no_trn=0
[2025-12-19 15:06:11] No matching unread TRN found. Sleeping 300s...
[2025-12-19 15:11:11] 
[Loop #54] Scanning for unread TRN mails...
[2025-12-19 15:11:11] Scan stats => checked:0 matched:0 | skipped: read=0 sender=0 no_trn=0
[2025-12-19 15:11:11] No matching unread TRN found. Sleeping 300s...
[2025-12-19 15:16:11] 
[Loop #55] Scanning for unread TRN mails...
[2025-12-19 15:16:11] Scan stats => checked:0 matched:0 | skipped: read=0 sender=0 no_trn=0
[2025-12-19 15:16:11] No matching unread TRN found. Sleeping 300s...
[2025-12-19 15:21:11] 
[Loop #56] Scanning for unread TRN mails...
[2025-12-19 15:21:11] Scan stats => checked:0 matched:0 | skipped: read=0 sender=0 no_trn=0
[2025-12-19 15:21:11] No matching unread TRN found. Sleeping 300s...
[2025-12-19 15:26:11] ⏰ Proactive reconnect scheduled (hourly refresh)
[2025-12-19 15:26:11] 🔄 Connecting to Outlook...
[2025-12-19 15:26:11] ✅ Outlook connection established (attempt 1/3)
[2025-12-19 15:26:11] 
[Loop #57] Scanning for unread TRN mails...
[2025-12-19 15:26:11] Scan stats => checked:0 matched:0 | skipped: read=0 sender=0 no_trn=0
[2025-12-19 15:26:11] No matching unread TRN found. Sleeping 300s...
[2025-12-19 15:31:11] 
[Loop #58] Scanning for unread TRN mails...
[2025-12-19 15:31:11] Scan stats => checked:0 matched:0 | skipped: read=0 sender=0 no_trn=0
[2025-12-19 15:31:11] No matching unread TRN found. Sleeping 300s...
[2025-12-19 15:44:36] 
[Loop #59] Scanning for unread TRN mails...
[2025-12-19 15:44:38] Scan stats => checked:0 matched:0 | skipped: read=0 sender=0 no_trn=0
[2025-12-19 15:44:38] No matching unread TRN found. Sleeping 300s...
[2025-12-19 15:49:38] 
[Loop #60] Scanning for unread TRN mails...
[2025-12-19 15:49:38] Scan stats => checked:0 matched:0 | skipped: read=0 sender=0 no_trn=0
[2025-12-19 15:49:38] No matching unread TRN found. Sleeping 300s...
[2025-12-19 15:54:38] 
[Loop #61] Scanning for unread TRN mails...
[2025-12-19 15:54:38] Scan stats => checked:0 matched:0 | skipped: read=0 sender=0 no_trn=0
[2025-12-19 15:54:38] No matching unread TRN found. Sleeping 300s...
[2025-12-19 15:59:38] 
[Loop #62] Scanning for unread TRN mails...
[2025-12-19 15:59:38] Scan stats => checked:0 matched:0 | skipped: read=0 sender=0 no_trn=0
[2025-12-19 15:59:38] No matching unread TRN found. Sleeping 300s...
[2025-12-19 16:04:38] 
[Loop #63] Scanning for unread TRN mails...
[2025-12-19 16:04:38] Scan stats => checked:0 matched:0 | skipped: read=0 sender=0 no_trn=0
[2025-12-19 16:04:38] No matching unread TRN found. Sleeping 300s...
[2025-12-19 16:09:38] 
[Loop #64] Scanning for unread TRN mails...
[2025-12-19 16:09:38] Scan stats => checked:0 matched:0 | skipped: read=0 sender=0 no_trn=0
[2025-12-19 16:09:38] No matching unread TRN found. Sleeping 300s...
[2025-12-19 16:14:38] 
[Loop #65] Scanning for unread TRN mails...
[2025-12-19 16:14:38] Scan stats => checked:0 matched:0 | skipped: read=0 sender=0 no_trn=0
[2025-12-19 16:14:38] No matching unread TRN found. Sleeping 300s...
[2025-12-19 16:19:38] 
[Loop #66] Scanning for unread TRN mails...
[2025-12-19 16:19:38] Scan stats => checked:0 matched:0 | skipped: read=0 sender=0 no_trn=0
[2025-12-19 16:19:38] No matching unread TRN found. Sleeping 300s...
[2025-12-19 16:24:38] 
[Loop #67] Scanning for unread TRN mails...
[2025-12-19 16:24:38] Scan stats => checked:0 matched:0 | skipped: read=0 sender=0 no_trn=0
[2025-12-19 16:24:38] No matching unread TRN found. Sleeping 300s...
[2025-12-19 16:29:38] ⏰ Proactive reconnect scheduled (hourly refresh)
[2025-12-19 16:29:38] 🔄 Connecting to Outlook...
[2025-12-19 16:29:38] ✅ Outlook connection established (attempt 1/3)
[2025-12-19 16:29:38] 
[Loop #68] Scanning for unread TRN mails...
[2025-12-19 16:29:38] Scan stats => checked:0 matched:0 | skipped: read=0 sender=0 no_trn=0
[2025-12-19 16:29:38] No matching unread TRN found. Sleeping 300s...
[2025-12-19 16:34:38] 
[Loop #69] Scanning for unread TRN mails...
[2025-12-19 16:34:38] Scan stats => checked:0 matched:0 | skipped: read=0 sender=0 no_trn=0
[2025-12-19 16:34:38] No matching unread TRN found. Sleeping 300s...
[2025-12-19 16:39:38] 
[Loop #70] Scanning for unread TRN mails...
[2025-12-19 16:39:38] Scan stats => checked:0 matched:0 | skipped: read=0 sender=0 no_trn=0
[2025-12-19 16:39:38] No matching unread TRN found. Sleeping 300s...
[2025-12-19 16:44:38] 
[Loop #71] Scanning for unread TRN mails...
[2025-12-19 16:44:38] Scan stats => checked:0 matched:0 | skipped: read=0 sender=0 no_trn=0
[2025-12-19 16:44:38] No matching unread TRN found. Sleeping 300s...
[2025-12-19 16:49:38] 
[Loop #72] Scanning for unread TRN mails...
[2025-12-19 16:49:38] Scan stats => checked:0 matched:0 | skipped: read=0 sender=0 no_trn=0
[2025-12-19 16:49:38] No matching unread TRN found. Sleeping 300s...
[2025-12-19 16:54:38] 
[Loop #73] Scanning for unread TRN mails...
[2025-12-19 16:54:38] Scan stats => checked:0 matched:0 | skipped: read=0 sender=0 no_trn=0
[2025-12-19 16:54:38] No matching unread TRN found. Sleeping 300s...
[2025-12-19 17:02:47] 
[Loop #74] Scanning for unread TRN mails...
[2025-12-19 17:02:49] Scan stats => checked:0 matched:0 | skipped: read=0 sender=0 no_trn=0
[2025-12-19 17:02:49] No matching unread TRN found. Sleeping 300s...
[2025-12-19 17:07:49] 
[Loop #75] Scanning for unread TRN mails...
[2025-12-19 17:07:49] Scan stats => checked:0 matched:0 | skipped: read=0 sender=0 no_trn=0
[2025-12-19 17:07:49] No matching unread TRN found. Sleeping 300s...
[2025-12-19 17:12:49] 
[Loop #76] Scanning for unread TRN mails...
[2025-12-19 17:12:49] Scan stats => checked:0 matched:0 | skipped: read=0 sender=0 no_trn=0
[2025-12-19 17:12:49] No matching unread TRN found. Sleeping 300s...
[2025-12-19 17:17:49] 
[Loop #77] Scanning for unread TRN mails...
[2025-12-19 17:17:49] Scan stats => checked:0 matched:0 | skipped: read=0 sender=0 no_trn=0
[2025-12-19 17:17:49] No matching unread TRN found. Sleeping 300s...
[2025-12-19 17:22:49] 
[Loop #78] Scanning for unread TRN mails...
[2025-12-19 17:22:49] Scan stats => checked:0 matched:0 | skipped: read=0 sender=0 no_trn=0
[2025-12-19 17:22:49] No matching unread TRN found. Sleeping 300s...
[2025-12-19 17:27:49] 
[Loop #79] Scanning for unread TRN mails...
[2025-12-19 17:27:49] Scan stats => checked:0 matched:0 | skipped: read=0 sender=0 no_trn=0
[2025-12-19 17:27:49] No matching unread TRN found. Sleeping 300s...
[2025-12-19 17:32:49] ⏰ Proactive reconnect scheduled (hourly refresh)
[2025-12-19 17:32:49] 🔄 Connecting to Outlook...
[2025-12-19 17:32:49] ✅ Outlook connection established (attempt 1/3)
[2025-12-19 17:32:49] 
[Loop #80] Scanning for unread TRN mails...
[2025-12-19 17:32:49] Scan stats => checked:0 matched:0 | skipped: read=0 sender=0 no_trn=0
[2025-12-19 17:32:49] No matching unread TRN found. Sleeping 300s...
[2025-12-19 17:37:49] 
[Loop #81] Scanning for unread TRN mails...
[2025-12-19 17:37:49] Scan stats => checked:0 matched:0 | skipped: read=0 sender=0 no_trn=0
[2025-12-19 17:37:49] No matching unread TRN found. Sleeping 300s...
[2025-12-19 17:42:49] 
[Loop #82] Scanning for unread TRN mails...
[2025-12-19 17:42:49] Scan stats => checked:0 matched:0 | skipped: read=0 sender=0 no_trn=0
[2025-12-19 17:42:49] No matching unread TRN found. Sleeping 300s...
[2025-12-19 17:47:49] 
[Loop #83] Scanning for unread TRN mails...
[2025-12-19 17:47:49] Scan stats => checked:0 matched:0 | skipped: read=0 sender=0 no_trn=0
[2025-12-19 17:47:49] No matching unread TRN found. Sleeping 300s...
[2025-12-19 17:52:49] 
[Loop #84] Scanning for unread TRN mails...
[2025-12-19 17:52:49] Scan stats => checked:0 matched:0 | skipped: read=0 sender=0 no_trn=0
[2025-12-19 17:52:49] No matching unread TRN found. Sleeping 300s...
[2025-12-19 17:57:49] 
[Loop #85] Scanning for unread TRN mails...
[2025-12-19 17:57:49] Scan stats => checked:0 matched:0 | skipped: read=0 sender=0 no_trn=0
[2025-12-19 17:57:49] No matching unread TRN found. Sleeping 300s...
[2025-12-19 18:02:49] 
[Loop #86] Scanning for unread TRN mails...
[2025-12-19 18:02:49] Scan stats => checked:0 matched:0 | skipped: read=0 sender=0 no_trn=0
[2025-12-19 18:02:49] No matching unread TRN found. Sleeping 300s...
[2025-12-19 18:10:16] 
[Loop #87] Scanning for unread TRN mails...
[2025-12-19 18:10:16] Scan stats => checked:0 matched:0 | skipped: read=0 sender=0 no_trn=0
[2025-12-19 18:10:16] No matching unread TRN found. Sleeping 300s...
[2025-12-19 18:15:16] 
[Loop #88] Scanning for unread TRN mails...
[2025-12-19 18:15:16] Scan stats => checked:0 matched:0 | skipped: read=0 sender=0 no_trn=0
[2025-12-19 18:15:16] No matching unread TRN found. Sleeping 300s...
[2025-12-19 18:20:16] 
[Loop #89] Scanning for unread TRN mails...
[2025-12-19 18:20:16] Scan stats => checked:0 matched:0 | skipped: read=0 sender=0 no_trn=0
[2025-12-19 18:20:16] No matching unread TRN found. Sleeping 300s...
[2025-12-19 18:25:16] 
[Loop #90] Scanning for unread TRN mails...
[2025-12-19 18:25:16] Scan stats => checked:0 matched:0 | skipped: read=0 sender=0 no_trn=0
[2025-12-19 18:25:16] No matching unread TRN found. Sleeping 300s...
[2025-12-19 18:30:16] 
[Loop #91] Scanning for unread TRN mails...
[2025-12-19 18:30:16] Scan stats => checked:0 matched:0 | skipped: read=0 sender=0 no_trn=0
[2025-12-19 18:30:16] No matching unread TRN found. Sleeping 300s...
[2025-12-19 18:35:16] ⏰ Proactive reconnect scheduled (hourly refresh)
[2025-12-19 18:35:16] 🔄 Connecting to Outlook...
[2025-12-19 18:35:16] ✅ Outlook connection established (attempt 1/3)
[2025-12-19 18:35:16] 
[Loop #92] Scanning for unread TRN mails...
[2025-12-19 18:35:16] Scan stats => checked:0 matched:0 | skipped: read=0 sender=0 no_trn=0
[2025-12-19 18:35:16] No matching unread TRN found. Sleeping 300s...
[2025-12-19 18:40:16] 
[Loop #93] Scanning for unread TRN mails...
[2025-12-19 18:40:16] Scan stats => checked:0 matched:0 | skipped: read=0 sender=0 no_trn=0
[2025-12-19 18:40:16] No matching unread TRN found. Sleeping 300s...
[2025-12-19 22:06:29] ⏰ Proactive reconnect scheduled (hourly refresh)
[2025-12-19 22:06:29] 🔄 Connecting to Outlook...
[2025-12-19 22:06:32] ✅ Outlook connection established (attempt 1/3)
[2025-12-19 22:06:32] 
[Loop #94] Scanning for unread TRN mails...
[2025-12-19 22:06:32] Scan stats => checked:0 matched:0 | skipped: read=0 sender=0 no_trn=0
[2025-12-19 22:06:32] No matching unread TRN found. Sleeping 300s...
[2025-12-19 22:11:33] 
[Loop #95] Scanning for unread TRN mails...
[2025-12-19 22:11:33] DEBUG => UnRead=True | Sender=dccspp2@proyapimusavirlik.com | Subject=SPP2-PRO-KLN-TRN-0542
[2025-12-19 22:11:33] Scan stats => checked:1 matched:1 | skipped: read=0 sender=0 no_trn=0
[2025-12-19 22:11:33] FOUND => SPP2-PRO-KLN-TRN-0542 | PDFs=1 | Date=19 Dec 2025 | is_update=False | already_seen=False
[2025-12-19 22:11:33] 👀 Displayed: SPP2-PRO-KLN-TRN-0542 | PDFs=1 (modal=False)
[2025-12-19 22:11:34] ✅ Sent after display: SPP2-PRO-KLN-TRN-0542 | PDFs=1
[2025-12-19 22:11:34] ✅ DONE => SPP2-PRO-KLN-TRN-0542 (incoming marked READ)
[2025-12-19 22:16:34] 
[Loop #96] Scanning for unread TRN mails...
[2025-12-19 22:16:34] DEBUG => UnRead=True | Sender=dccspp2@proyapimusavirlik.com | Subject=SPP2-PRO-KLN-TRN-0543
[2025-12-19 22:16:34] Scan stats => checked:1 matched:1 | skipped: read=0 sender=0 no_trn=0
[2025-12-19 22:16:34] FOUND => SPP2-PRO-KLN-TRN-0543 | PDFs=1 | Date=19 Dec 2025 | is_update=False | already_seen=False
[2025-12-19 22:16:34] 👀 Displayed: SPP2-PRO-KLN-TRN-0543 | PDFs=1 (modal=False)
[2025-12-19 22:16:34] ✅ Sent after display: SPP2-PRO-KLN-TRN-0543 | PDFs=1
[2025-12-19 22:16:34] ✅ DONE => SPP2-PRO-KLN-TRN-0543 (incoming marked READ)
[2025-12-19 22:21:34] 
[Loop #97] Scanning for unread TRN mails...
[2025-12-19 22:21:34] Scan stats => checked:0 matched:0 | skipped: read=0 sender=0 no_trn=0
[2025-12-19 22:21:34] No matching unread TRN found. Sleeping 300s...
[2025-12-19 22:26:34] 
[Loop #98] Scanning for unread TRN mails...
[2025-12-19 22:26:34] Scan stats => checked:1 matched:0 | skipped: read=0 sender=0 no_trn=1
[2025-12-19 22:26:34] No matching unread TRN found. Sleeping 300s...
[2025-12-19 22:31:34] 
[Loop #99] Scanning for unread TRN mails...
[2025-12-19 22:31:34] Scan stats => checked:1 matched:0 | skipped: read=0 sender=0 no_trn=1
[2025-12-19 22:31:34] No matching unread TRN found. Sleeping 300s...
[2025-12-19 22:36:34] 
[Loop #100] Scanning for unread TRN mails...
[2025-12-19 22:36:34] Scan stats => checked:1 matched:0 | skipped: read=0 sender=0 no_trn=1
[2025-12-19 22:36:34] No matching unread TRN found. Sleeping 300s...
[2025-12-19 22:41:34] 
[Loop #101] Scanning for unread TRN mails...
[2025-12-19 22:41:34] Scan stats => checked:1 matched:0 | skipped: read=0 sender=0 no_trn=1
[2025-12-19 22:41:34] No matching unread TRN found. Sleeping 300s...
[2025-12-19 22:46:34] 
[Loop #102] Scanning for unread TRN mails...
[2025-12-19 22:46:34] Scan stats => checked:1 matched:0 | skipped: read=0 sender=0 no_trn=1
[2025-12-19 22:46:34] No matching unread TRN found. Sleeping 300s...
[2025-12-19 22:51:34] 
[Loop #103] Scanning for unread TRN mails...
[2025-12-19 22:51:34] Scan stats => checked:0 matched:0 | skipped: read=0 sender=0 no_trn=0
[2025-12-19 22:51:34] No matching unread TRN found. Sleeping 300s...
[2025-12-19 22:56:34] 
[Loop #104] Scanning for unread TRN mails...
[2025-12-19 22:56:34] Scan stats => checked:1 matched:0 | skipped: read=0 sender=0 no_trn=1
[2025-12-19 22:56:34] No matching unread TRN found. Sleeping 300s...
[2025-12-19 23:01:34] 
[Loop #105] Scanning for unread TRN mails...
[2025-12-19 23:01:34] Scan stats => checked:1 matched:0 | skipped: read=0 sender=0 no_trn=1
[2025-12-19 23:01:34] No matching unread TRN found. Sleeping 300s...
[2025-12-19 23:06:34] ⏰ Proactive reconnect scheduled (hourly refresh)
[2025-12-19 23:06:34] 🔄 Connecting to Outlook...
[2025-12-19 23:06:34] ✅ Outlook connection established (attempt 1/3)
[2025-12-19 23:06:34] 
[Loop #106] Scanning for unread TRN mails...
[2025-12-19 23:06:34] Scan stats => checked:1 matched:0 | skipped: read=0 sender=0 no_trn=1
[2025-12-19 23:06:34] No matching unread TRN found. Sleeping 300s...
[2025-12-19 23:11:34] 
[Loop #107] Scanning for unread TRN mails...
[2025-12-19 23:11:34] Scan stats => checked:1 matched:0 | skipped: read=0 sender=0 no_trn=1
[2025-12-19 23:11:34] No matching unread TRN found. Sleeping 300s...
[2025-12-19 23:16:34] 
[Loop #108] Scanning for unread TRN mails...
[2025-12-19 23:16:34] Scan stats => checked:0 matched:0 | skipped: read=0 sender=0 no_trn=0
[2025-12-19 23:16:34] No matching unread TRN found. Sleeping 300s...
[2025-12-19 23:21:34] 
[Loop #109] Scanning for unread TRN mails...
[2025-12-19 23:21:35] Scan stats => checked:0 matched:0 | skipped: read=0 sender=0 no_trn=0
[2025-12-19 23:21:35] No matching unread TRN found. Sleeping 300s...
[2025-12-19 23:26:35] 
[Loop #110] Scanning for unread TRN mails...
[2025-12-19 23:26:35] Scan stats => checked:0 matched:0 | skipped: read=0 sender=0 no_trn=0
[2025-12-19 23:26:35] No matching unread TRN found. Sleeping 300s...
[2025-12-19 23:31:35] 
[Loop #111] Scanning for unread TRN mails...
[2025-12-19 23:31:35] Scan stats => checked:0 matched:0 | skipped: read=0 sender=0 no_trn=0
[2025-12-19 23:31:35] No matching unread TRN found. Sleeping 300s...
[2025-12-19 23:36:35] 
[Loop #112] Scanning for unread TRN mails...
[2025-12-19 23:36:35] Scan stats => checked:0 matched:0 | skipped: read=0 sender=0 no_trn=0
[2025-12-19 23:36:35] No matching unread TRN found. Sleeping 300s...
[2025-12-19 23:41:35] 
[Loop #113] Scanning for unread TRN mails...
[2025-12-19 23:41:35] Scan stats => checked:0 matched:0 | skipped: read=0 sender=0 no_trn=0
[2025-12-19 23:41:35] No matching unread TRN found. Sleeping 300s...
[2025-12-19 23:46:35] 
[Loop #114] Scanning for unread TRN mails...
[2025-12-19 23:46:35] Scan stats => checked:0 matched:0 | skipped: read=0 sender=0 no_trn=0
[2025-12-19 23:46:35] No matching unread TRN found. Sleeping 300s...
[2025-12-19 23:51:35] 
[Loop #115] Scanning for unread TRN mails...
[2025-12-19 23:51:35] Scan stats => checked:0 matched:0 | skipped: read=0 sender=0 no_trn=0
[2025-12-19 23:51:35] No matching unread TRN found. Sleeping 300s...
[2025-12-19 23:56:35] 
[Loop #116] Scanning for unread TRN mails...
[2025-12-19 23:56:35] Scan stats => checked:0 matched:0 | skipped: read=0 sender=0 no_trn=0
[2025-12-19 23:56:35] No matching unread TRN found. Sleeping 300s...
[2025-12-20 00:01:35] 
[Loop #117] Scanning for unread TRN mails...
[2025-12-20 00:01:35] Scan stats => checked:0 matched:0 | skipped: read=0 sender=0 no_trn=0
[2025-12-20 00:01:35] No matching unread TRN found. Sleeping 300s...
[2025-12-20 00:06:35] ⏰ Proactive reconnect scheduled (hourly refresh)
[2025-12-20 00:06:35] 🔄 Connecting to Outlook...
[2025-12-20 00:06:35] ✅ Outlook connection established (attempt 1/3)
[2025-12-20 00:06:35] 
[Loop #118] Scanning for unread TRN mails...
[2025-12-20 00:06:35] DEBUG => UnRead=True | Sender=chuseyn@kolin.com.tr | Subject=SPP2-PRO-KLN-TRN-0541
[2025-12-20 00:06:35] Scan stats => checked:1 matched:0 | skipped: read=0 sender=1 no_trn=0
[2025-12-20 00:06:35] No matching unread TRN found. Sleeping 300s...
[2025-12-20 00:11:35] 
[Loop #119] Scanning for unread TRN mails...
[2025-12-20 00:11:35] DEBUG => UnRead=True | Sender=chuseyn@kolin.com.tr | Subject=SPP2-PRO-KLN-TRN-0541
[2025-12-20 00:11:35] Scan stats => checked:1 matched:0 | skipped: read=0 sender=1 no_trn=0
[2025-12-20 00:11:35] No matching unread TRN found. Sleeping 300s...
[2025-12-20 00:16:35] 
[Loop #120] Scanning for unread TRN mails...
[2025-12-20 00:16:35] Scan stats => checked:0 matched:0 | skipped: read=0 sender=0 no_trn=0
[2025-12-20 00:16:35] No matching unread TRN found. Sleeping 300s...
[2025-12-20 00:21:35] 
[Loop #121] Scanning for unread TRN mails...
[2025-12-20 00:21:35] Scan stats => checked:0 matched:0 | skipped: read=0 sender=0 no_trn=0
[2025-12-20 00:21:35] No matching unread TRN found. Sleeping 300s...
